Experiment_number,Participant_num,Female_0_Male_1,Task,tanned_fair_skin_face,face_number,H,S,V,R,G,B,L*,a*,b*,cold_hue_>90<270_chosen_1,time_ms
Experiment_1,1,0,hue vs saturation,tanned,11,26,0.76,1,255,145,61,70.76580273,35.49201918,60.14780523,0,46321
Experiment_1,1,0,hue vs saturation,tanned,8,222,0.57,1,109,153,255,64.36578805,14.51279823,-55.28698036,1,1791
Experiment_1,1,0,hue vs saturation,fair,5,207,0.63,1,94,182,255,71.59267825,-4.761963866,-43.92839445,1,18103
Experiment_1,1,0,hue vs saturation,tanned,7,176,0.13,1,221,255,252,97.59991561,-11.45391792,-2.258201066,1,9075
Experiment_1,1,0,hue vs saturation,fair,6,5,0.6,1,255,114,102,65.16363451,52.85514996,33.16966625,0,33530
Experiment_1,1,0,hue vs saturation,tanned,10,39,0.68,1,255,194,81,82.07549808,10.93216183,63.15807901,0,11702
Experiment_1,1,0,hue vs saturation,fair,1,194,0.69,1,79,213,255,79.88099762,-23.38407767,-31.10304598,1,9955
Experiment_1,1,0,hue vs saturation,tanned,12,246,0.71,1,92,73,255,44.60408163,58.47630859,-87.32268752,1,8674
Experiment_1,1,0,hue vs saturation,fair,2,348,0.68,1,255,81,116,60.25360835,67.64500901,18.7164768,0,16709
Experiment_1,1,0,hue vs saturation,fair,3,207,0.45,1,140,203,255,79.33259421,-6.694838468,-31.75768428,1,15209
Experiment_1,1,0,hue vs saturation,tanned,9,39,0.89,1,255,175,28,77.28310064,19.0202549,76.56716595,0,7880
Experiment_1,1,0,hue vs saturation,fair,4,330,0.28,1,255,183,219,81.96925027,31.30623072,-7.643069952,0,4667
Experiment_1,1,0,hue vs brightness,fair,2,197,1,0.48,0,87,122,34.44005495,-8.621737485,-26.02694665,1,20940
Experiment_1,1,0,hue vs brightness,fair,1,175,1,0.69,0,175,161,64.34925231,-40.44429452,-3.485509908,1,30179
Experiment_1,1,0,hue vs brightness,tanned,10,36,1,0.81,206,123,0,59.23971151,25.45969845,65.81755241,0,12326
Experiment_1,1,0,hue vs brightness,tanned,11,12,1,0.77,196,39,0,43.04336947,59.27971101,56.00303557,0,12041
Experiment_1,1,0,hue vs brightness,tanned,12,75,1,0.38,72,96,0,37.37801085,-21.94800465,43.88098249,0,5794
Experiment_1,1,0,hue vs brightness,fair,3,185,1,0.69,0,161,175,60.41350705,-29.59971727,-17.22266711,1,12610
Experiment_1,1,0,hue vs brightness,fair,4,198,1,0.89,0,158,226,61.60648435,-10.12593675,-43.88934782,1,22077
Experiment_1,1,0,hue vs brightness,fair,5,106,1,0.32,19,81,0,29.47118838,-34.36099419,36.60772109,1,3805
Experiment_1,1,0,hue vs brightness,tanned,7,77,1,0.42,76,107,0,41.29847165,-25.70012587,46.98755932,0,6093
Experiment_1,1,0,hue vs brightness,tanned,9,196,1,0.43,0,80,109,31.4432036,-9.601710249,-22.61192868,1,4700
Experiment_1,1,0,hue vs brightness,fair,6,27,1,0.43,109,49,0,27.97433872,24.00497556,38.773453,0,5954
Experiment_1,1,0,hue vs brightness,tanned,8,100,1,0.21,17,53,0,18.65060749,-23.82080361,25.93156766,1,29330
Experiment_1,2,1,hue vs saturation,tanned,7,3,0.53,1,255,126,119,67.66059996,48.41303491,26.9697699,0,54419
Experiment_1,2,1,hue vs saturation,fair,2,56,0.52,1,255,246,122,95.40322942,-12.65190558,59.91974304,0,13167
Experiment_1,2,1,hue vs saturation,fair,6,261,0.48,1,175,132,255,64.02829371,41.78276735,-55.53300369,1,5526
Experiment_1,2,1,hue vs saturation,tanned,10,225,0.71,1,73,119,255,53.84629234,29.21530874,-72.26700454,1,5896
Experiment_1,2,1,hue vs saturation,fair,5,66,0.54,1,241,255,117,96.617651,-22.87732615,63.27033566,0,1444
Experiment_1,2,1,hue vs saturation,fair,3,29,0.59,1,255,177,104,78.28867797,21.21265436,48.25795587,0,7647
Experiment_1,2,1,hue vs saturation,tanned,12,101,0.18,1,223,255,209,96.74316735,-18.44468823,18.58500598,1,8295
Experiment_1,2,1,hue vs saturation,fair,1,175,0.48,1,132,255,244,92.99569086,-37.10042886,-5.40957265,1,4075
Experiment_1,2,1,hue vs saturation,fair,4,191,0.44,1,142,234,255,87.88015133,-22.13545449,-18.72785133,1,1971
Experiment_1,2,1,hue vs saturation,tanned,9,227,0.44,1,142,167,255,69.90055304,13.64739523,-46.41720793,1,4300
Experiment_1,2,1,hue vs saturation,tanned,11,69,0.43,1,238,255,145,96.71452836,-21.49017954,50.52099158,0,2913
Experiment_1,2,1,hue vs saturation,tanned,8,149,0.5,1,127,255,189,91.5528521,-50.24828941,20.83338198,1,2046
Experiment_1,2,1,hue vs brightness,tanned,7,289,1,0.34,70,0,86,15.35008137,41.71683759,-32.95132759,0,11182
Experiment_1,2,1,hue vs brightness,tanned,12,126,1,0.8,0,204,20,71.71501782,-72.39892193,67.94829023,1,7227
Experiment_1,2,1,hue vs brightness,fair,6,204,1,0.5,0,76,127,31.11674439,0.48697718,-34.38007823,1,1214
Experiment_1,2,1,hue vs brightness,fair,1,202,1,0.85,0,137,216,54.91665609,-1.779759089,-48.89439184,1,3298
Experiment_1,2,1,hue vs brightness,fair,4,83,1,0.69,108,175,0,64.84181261,-43.73697266,65.90418256,0,3109
Experiment_1,2,1,hue vs brightness,tanned,11,102,1,0.04,3,10,0,2.135756699,-3.221277454,3.13969806,1,5188
Experiment_1,2,1,hue vs brightness,tanned,9,303,1,0.22,56,0,53,9.780915389,32.93918023,-18.89989885,0,3737
Experiment_1,2,1,hue vs brightness,tanned,8,201,1,0.75,0,124,191,49.70995846,-3.681476155,-42.9606993,1,3370
Experiment_1,2,1,hue vs brightness,tanned,10,72,1,0.32,65,81,0,31.8266537,-17.28569327,39.45033442,0,3992
Experiment_1,2,1,hue vs brightness,fair,2,137,1,0.23,0,58,16,20.2965227,-28.13136043,20.74063064,1,2174
Experiment_1,2,1,hue vs brightness,fair,5,195,1,0.38,0,72,96,28.05872268,-9.987168891,-19.6335275,1,1490
Experiment_1,2,1,hue vs brightness,fair,3,353,1,0.65,165,0,19,34.07922849,58.10056517,40.10880584,0,1255
Experiment_1,3,1,hue vs brightness,tanned,9,53,1,0.98,249,220,0,87.64321794,-6.991191498,87.39164043,0,10775
Experiment_1,3,1,hue vs brightness,fair,5,72,1,0.98,199,249,0,91.6370444,-41.25111496,88.65315407,0,23908
Experiment_1,3,1,hue vs brightness,fair,6,1,1,0.92,234,3,0,48.95500586,74.83316968,63.01604979,0,14596
Experiment_1,3,1,hue vs brightness,fair,2,56,1,0.93,237,221,0,86.85808654,-12.58161033,86.35070194,0,4791
Experiment_1,3,1,hue vs brightness,tanned,10,195,1,0.8,0,153,204,59.10562522,-15.39156315,-35.55373265,1,20494
Experiment_1,3,1,hue vs brightness,tanned,11,42,1,0.84,214,149,0,66.35994914,14.88386747,70.95624094,0,6313
Experiment_1,3,1,hue vs brightness,tanned,7,75,1,0.77,147,196,0,73.33929946,-38.07380231,73.37070096,0,3739
Experiment_1,3,1,hue vs brightness,fair,1,205,1,0.64,0,95,163,39.29055141,3.128336711,-43.19332935,1,5105
Experiment_1,3,1,hue vs brightness,fair,3,59,1,0.95,242,238,0,91.69666766,-18.79553081,90.04772461,0,14913
Experiment_1,3,1,hue vs brightness,tanned,8,45,1,0.66,168,126,0,55.32538022,6.868234385,60.98146541,0,4329
Experiment_1,3,1,hue vs brightness,fair,4,195,1,0.88,0,168,224,64.47311461,-16.33818129,-38.28882319,1,3890
Experiment_1,3,1,hue vs brightness,tanned,12,45,1,0.98,249,187,0,79.43156922,9.902140689,81.64573451,0,4201
Experiment_1,3,1,hue vs saturation,tanned,12,24,0.39,1,255,195,155,83.26146027,16.40894561,28.39145333,0,12296
Experiment_1,3,1,hue vs saturation,tanned,11,32,0.71,1,255,170,73,76.3693423,23.05217238,60.63817917,0,16144
Experiment_1,3,1,hue vs saturation,tanned,10,1,0.58,1,255,109,107,64.36992829,55.48238775,29.35900487,0,5815
Experiment_1,3,1,hue vs saturation,fair,6,357,0.62,1,255,96,104,62.18997138,60.92946454,28.22061399,0,3331
Experiment_1,3,1,hue vs saturation,tanned,7,52,0.58,1,255,235,107,92.45918659,-8.347033248,63.22542931,0,5156
Experiment_1,3,1,hue vs saturation,fair,5,27,0.4,1,255,198,153,83.93872709,14.62479314,30.34604475,0,7432
Experiment_1,3,1,hue vs saturation,tanned,8,40,0.38,1,255,222,158,89.8459558,2.77265713,35.60374069,0,5813
Experiment_1,3,1,hue vs saturation,tanned,9,40,0.47,1,255,215,135,87.78060017,4.017403648,44.50923062,0,4430
Experiment_1,3,1,hue vs saturation,fair,4,32,0.31,1,255,218,175,89.15730206,6.813048015,25.94887754,0,4098
Experiment_1,3,1,hue vs saturation,fair,1,29,0.42,1,255,199,147,84.07677071,13.4678407,33.64976213,0,5228
Experiment_1,3,1,hue vs saturation,fair,2,52,0.19,1,255,248,206,97.16711344,-4.282662056,21.04711402,0,12225
Experiment_1,3,1,hue vs saturation,fair,3,8,0.33,1,255,182,170,80.52604074,24.96009789,16.66520114,0,3814
Experiment_1,4,0,hue vs saturation,tanned,11,133,0.82,1,45,255,91,88.36811145,-79.17474977,62.73804827,1,29877
Experiment_1,4,0,hue vs saturation,tanned,10,51,0.82,1,255,223,45,89.02862874,-5.296126392,82.04890382,0,6563
Experiment_1,4,0,hue vs saturation,tanned,8,304,0.74,1,255,66,242,62.98358347,86.59329934,-49.39262119,0,5593
Experiment_1,4,0,hue vs saturation,fair,5,273,0.83,1,159,43,255,47.38984405,78.94032784,-82.49059624,0,14444
Experiment_1,4,0,hue vs saturation,fair,1,69,0.77,1,225,255,58,95.09059527,-32.58077879,83.01368146,0,9177
Experiment_1,4,0,hue vs saturation,tanned,9,56,0.17,1,255,252,211,98.26669232,-5.55868731,20.02961954,0,6995
Experiment_1,4,0,hue vs saturation,tanned,7,56,0.35,1,255,249,165,96.70899904,-10.00718819,41.07621703,0,214
Experiment_1,4,0,hue vs saturation,fair,6,351,0.91,1,255,22,57,54.16384823,79.20821842,45.22742642,0,7673
Experiment_1,4,0,hue vs saturation,fair,2,162,0.52,1,122,255,215,91.9372707,-45.95122426,8.000640072,1,9233
Experiment_1,4,0,hue vs saturation,fair,4,346,0.82,1,255,45,94,56.03260906,76.88574501,26.01089831,0,15279
Experiment_1,4,0,hue vs saturation,tanned,12,17,0.91,1,255,88,22,60.15645212,61.07481555,65.62674229,0,6130
Experiment_1,4,0,hue vs saturation,fair,3,171,0.32,1,173,255,242,94.65974072,-27.5640222,-1.731358168,1,18352
Experiment_1,4,0,hue vs brightness,tanned,10,60,1,0.66,168,168,0,66.77137409,-15.77019443,69.12291251,0,8602
Experiment_1,4,0,hue vs brightness,tanned,9,219,1,0.78,0,69,198,34.66792534,34.65461151,-71.32687716,1,6927
Experiment_1,4,0,hue vs brightness,fair,4,344,1,0.95,242,0,64,50.97541743,78.17389434,36.96286969,0,5888
Experiment_1,4,0,hue vs brightness,tanned,12,143,1,0.63,0,160,61,57.53873099,-56.66158505,40.89427471,1,4312
Experiment_1,4,0,hue vs brightness,tanned,11,334,1,0.66,168,0,72,35.58208744,61.12291502,9.138838629,0,12857
Experiment_1,4,0,hue vs brightness,fair,6,254,1,0.56,33,0,142,16.87528628,51.80440829,-66.98355463,1,8905
Experiment_1,4,0,hue vs brightness,fair,1,84,1,0.78,119,198,0,72.43528569,-49.28065085,72.02224836,0,7400
Experiment_1,4,0,hue vs brightness,fair,5,226,1,0.63,0,37,160,23.20716708,40.65398631,-67.59878281,1,14725
Experiment_1,4,0,hue vs brightness,tanned,7,347,1,0.6,153,0,33,31.53700966,55.40362239,28.66476491,0,10346
Experiment_1,4,0,hue vs brightness,fair,3,101,1,0.71,57,181,0,64.89711704,-60.44389424,65.15861042,1,4842
Experiment_1,4,0,hue vs brightness,tanned,8,193,1,0.82,0,163,209,62.33660012,-18.99122315,-33.31258935,1,6228
Experiment_1,4,0,hue vs brightness,fair,2,68,1,0.83,183,211,0,79.98561288,-30.42248957,79.42060449,0,14942
Experiment_1,5,0,hue vs saturation,tanned,10,77,0.64,1,208,255,91,94.17759994,-37.43394016,70.71024965,0,17515
Experiment_1,5,0,hue vs saturation,fair,3,341,0.7,1,255,76,133,59.9991025,70.75040127,8.42526698,0,4357
Experiment_1,5,0,hue vs saturation,tanned,8,39,0.62,1,255,199,96,83.41678894,9.209824992,57.99261813,0,5721
Experiment_1,5,0,hue vs saturation,fair,2,32,0.63,1,255,180,94,78.87431713,18.97775837,53.79099792,0,6154
Experiment_1,5,0,hue vs saturation,fair,5,225,0.53,1,119,153,255,64.9025228,16.52583752,-54.40125225,1,3366
Experiment_1,5,0,hue vs saturation,tanned,7,352,0.3,1,255,178,188,80.02841094,29.37841572,6.250247689,0,5466
Experiment_1,5,0,hue vs saturation,fair,1,236,0.62,1,96,107,255,52.08749551,39.73233626,-75.06879582,1,2764
Experiment_1,5,0,hue vs saturation,tanned,9,117,0.69,1,87,255,79,88.97480064,-74.37410164,68.18838194,1,2822
Experiment_1,5,0,hue vs saturation,fair,4,216,0.28,1,183,212,255,84.16024439,-0.150268619,-24.15541155,1,3653
Experiment_1,5,0,hue vs saturation,fair,6,137,0.5,1,127,255,163,91.08765946,-54.95728141,33.33153344,1,3406
Experiment_1,5,0,hue vs saturation,tanned,11,310,0.49,1,255,130,234,71.66734261,60.53739373,-31.39902139,0,3135
Experiment_1,5,0,hue vs saturation,tanned,12,67,0.4,1,243,255,153,97.17668409,-18.77029493,47.34982052,0,9234
Experiment_1,5,0,hue vs brightness,fair,1,214,1,0.69,0,76,175,34.52681447,20.76384072,-58.01931512,1,6298
Experiment_1,5,0,hue vs brightness,tanned,8,51,1,0.34,86,73,0,31.2157494,-2.022742817,39.89217006,0,2802
Experiment_1,5,0,hue vs brightness,tanned,12,48,1,0.28,71,57,0,24.53154045,0.101918878,33.58041722,0,4039
Experiment_1,5,0,hue vs brightness,fair,2,218,1,0.61,0,57,155,27.55320965,25.57511281,-57.3838707,1,3589
Experiment_1,5,0,hue vs brightness,fair,6,196,1,0.42,0,78,107,30.66507818,-9.185693025,-22.56754207,1,3534
Experiment_1,5,0,hue vs brightness,tanned,9,133,1,0.31,0,79,17,28.46552189,-35.47361039,29.09816883,1,2996
Experiment_1,5,0,hue vs brightness,tanned,7,186,1,0.34,0,78,86,29.71487187,-17.45925072,-10.66862578,1,3308
Experiment_1,5,0,hue vs brightness,fair,5,185,1,0.65,0,151,165,56.92881036,-27.97276747,-16.84390393,1,7583
Experiment_1,5,0,hue vs brightness,tanned,11,240,1,0.65,0,0,165,18.87122646,57.1746757,-77.87034004,1,6895
Experiment_1,5,0,hue vs brightness,tanned,10,223,1,0.31,0,22,79,10.09441895,18.23727007,-37.09340424,1,3114
Experiment_1,5,0,hue vs brightness,fair,3,186,1,0.21,0,48,53,17.3246217,-12.89241514,-7.534904128,1,5028
Experiment_1,5,0,hue vs brightness,fair,4,204,1,0.24,0,36,61,13.22209439,-1.292866594,-19.50418718,1,2129
Experiment_1,6,0,hue vs brightness,fair,1,266,1,0.42,46,0,107,13.48599486,43.58248829,-50.17381191,1,47813
Experiment_1,6,0,hue vs brightness,fair,4,132,1,0.47,0,119,23,43.14574516,-47.86552673,41.47949731,1,1115
Experiment_1,6,0,hue vs brightness,tanned,8,189,1,0.56,0,121,142,46.48225575,-20.45459874,-19.43981071,1,1120
Experiment_1,6,0,hue vs brightness,fair,2,346,1,0.54,137,0,32,27.90646833,51.24773702,24.23185464,0,1006
Experiment_1,6,0,hue vs brightness,fair,6,86,1,0.56,80,142,0,53.00578523,-39.94723533,56.12440391,0,700
Experiment_1,6,0,hue vs brightness,fair,3,127,1,0.55,0,140,16,50.44482209,-54.59029078,50.25859266,1,1124
Experiment_1,6,0,hue vs brightness,tanned,9,186,1,0.56,0,128,142,48.74938478,-24.13548502,-15.97456448,1,873
Experiment_1,6,0,hue vs brightness,tanned,10,310,1,0.43,109,0,91,23.69305445,49.79797654,-22.51209217,0,848
Experiment_1,6,0,hue vs brightness,tanned,12,323,1,0.37,94,0,58,18.73617668,42.2508158,-7.887876734,0,28915
Experiment_1,6,0,hue vs brightness,tanned,11,127,1,0.79,0,201,23,70.75711476,-71.48372489,66.60121831,1,1048
Experiment_1,6,0,hue vs brightness,fair,5,202,1,0.81,0,130,206,52.31045308,-1.457453774,-47.39127739,1,873
Experiment_1,6,0,hue vs brightness,tanned,7,334,1,0.73,186,0,80,39.61125896,65.87861285,10.16186481,0,925
Experiment_1,6,0,hue vs saturation,tanned,8,134,0.01,1,252,255,253,99.73153354,-1.332022625,0.596666053,1,1040
Experiment_1,6,0,hue vs saturation,tanned,11,195,0.21,1,201,241,255,92.81623235,-9.905741686,-11.01681425,1,568
Experiment_1,6,0,hue vs saturation,tanned,12,347,0.54,1,255,117,147,66.58799603,55.21823969,9.722103319,0,629
Experiment_1,6,0,hue vs saturation,fair,6,116,0.57,1,119,255,109,90.11227187,-64.45311218,57.59442673,1,743
Experiment_1,6,0,hue vs saturation,tanned,10,239,0.54,1,117,119,255,56.28306251,36.20873012,-68.20721364,1,685
Experiment_1,6,0,hue vs saturation,fair,3,315,0.59,1,255,104,217,66.6499051,69.58357312,-29.72911553,0,717
Experiment_1,6,0,hue vs saturation,fair,5,101,0.5,1,167,255,127,92.25072562,-48.61468162,52.51604237,1,661
Experiment_1,6,0,hue vs saturation,fair,4,131,0.46,1,137,255,159,91.38861707,-53.06809453,35.78458376,1,418
Experiment_1,6,0,hue vs saturation,tanned,7,317,0.38,1,255,158,227,76.83609757,45.56668934,-19.66725836,0,821
Experiment_1,6,0,hue vs saturation,tanned,9,61,0.42,1,253,255,147,97.83681389,-15.59131873,51.20561494,0,850
Experiment_1,6,0,hue vs saturation,fair,1,214,0.26,1,188,217,255,85.77444372,-1.348307494,-21.67509177,1,21602
Experiment_1,6,0,hue vs saturation,fair,2,218,0.4,1,153,190,255,76.56937026,3.543051611,-35.96495517,1,34531
Experiment_1,7,0,hue vs saturation,fair,6,233,0.71,1,73,95,255,48.03355396,43.88136426,-81.73670137,1,37449
Experiment_1,7,0,hue vs saturation,fair,2,92,0.89,1,133,255,28,90.13274778,-65.92504388,83.3166331,1,21532
Experiment_1,7,0,hue vs saturation,tanned,8,322,0.32,1,255,173,225,79.94469337,37.49260816,-13.89722979,0,5910
Experiment_1,7,0,hue vs saturation,fair,5,318,0.66,1,255,86,204,63.56969316,74.85924273,-27.17289661,0,7273
Experiment_1,7,0,hue vs saturation,tanned,9,36,0.46,1,255,208,137,86.09532316,7.806633344,41.37733711,0,14382
Experiment_1,7,0,hue vs saturation,tanned,12,125,0.74,1,66,255,82,88.58462739,-77.5755153,66.54352132,1,3944
Experiment_1,7,0,hue vs saturation,tanned,11,319,0.48,1,255,132,216,71.36478516,56.79333185,-21.94382346,0,5661
Experiment_1,7,0,hue vs saturation,fair,3,143,0.73,1,68,255,140,89.22521966,-70.08489738,41.909783,1,15271
Experiment_1,7,0,hue vs saturation,tanned,10,253,0.21,1,213,201,255,83.51568211,14.65854977,-24.94046545,1,4469
Experiment_1,7,0,hue vs saturation,fair,4,132,0.71,1,73,255,110,88.95189935,-73.60087032,55.5038754,1,4388
Experiment_1,7,0,hue vs saturation,tanned,7,66,0.56,1,240,255,112,96.49855112,-23.65167037,65.27964681,0,4385
Experiment_1,7,0,hue vs saturation,fair,1,135,0.41,1,150,255,176,92.19333987,-46.75006499,28.45065939,1,3242
Experiment_1,7,0,hue vs brightness,fair,6,230,1,0.19,0,8,48,3.496339316,10.34089356,-25.68686931,1,268329
Experiment_1,7,0,hue vs brightness,tanned,12,169,1,0.27,0,68,56,25.01327843,-22.71046448,1.832204187,1,3720
Experiment_1,7,0,hue vs brightness,fair,5,220,1,0.22,0,18,56,6.486868257,10.02107428,-26.76549054,1,6460
Experiment_1,7,0,hue vs brightness,tanned,9,24,1,0.59,150,60,0,37.32735757,35.41024725,48.35413322,0,9251
Experiment_1,7,0,hue vs brightness,fair,2,113,1,0.42,12,107,0,38.88729975,-44.2572165,44.06793379,1,4229
Experiment_1,7,0,hue vs brightness,fair,1,148,1,0.68,0,173,80,62.05451401,-58.13083101,37.09947594,1,4637
Experiment_1,7,0,hue vs brightness,tanned,7,236,1,0.31,0,5,79,6.079646865,29.2780194,-43.73257772,1,5802
Experiment_1,7,0,hue vs brightness,tanned,11,226,1,0.64,0,38,163,23.77224924,41.14194005,-68.48750415,1,2842
Experiment_1,7,0,hue vs brightness,tanned,8,295,1,0.35,81,0,89,17.78511641,44.14461009,-30.93273474,0,4477
Experiment_1,7,0,hue vs brightness,tanned,10,220,1,0.53,0,45,135,22.39449223,25.66688849,-53.50061319,1,3868
Experiment_1,7,0,hue vs brightness,fair,3,129,1,0.52,0,132,19,47.6873747,-52.07514162,47.0153141,1,4633
Experiment_1,7,0,hue vs brightness,fair,4,236,1,0.34,0,5,86,7.049534305,32.27373673,-46.93748342,1,5763
Experiment_1,8,1,hue vs brightness,tanned,12,45,1,0.91,232,174,0,74.46265181,9.390553933,77.3949199,0,42942
Experiment_1,8,1,hue vs brightness,fair,3,176,1,0.94,0,239,223,85.53459796,-50.31592878,-5.731700279,1,27642
Experiment_1,8,1,hue vs brightness,tanned,9,40,1,0.86,219,146,0,66.22688531,18.67614603,71.1507152,0,3179
Experiment_1,8,1,hue vs brightness,fair,5,323,1,0.91,232,0,143,50.84940545,80.96143533,-11.41698015,0,10150
Experiment_1,8,1,hue vs brightness,tanned,7,45,1,0.86,219,164,0,70.60188234,9.025987531,74.0946093,0,5207
Experiment_1,8,1,hue vs brightness,tanned,11,46,1,0.84,214,164,0,70.06863694,6.827225438,73.47661938,0,1659
Experiment_1,8,1,hue vs brightness,fair,2,302,1,0.89,226,0,219,53.25808226,88.70301594,-52.21055407,0,10852
Experiment_1,8,1,hue vs brightness,fair,1,176,1,0.95,0,242,226,86.50169567,-50.740236,-5.877826086,1,13177
Experiment_1,8,1,hue vs brightness,fair,6,300,1,0.93,237,0,237,56.2066926,92.95883559,-57.56386894,0,5130
Experiment_1,8,1,hue vs brightness,tanned,8,48,1,0.92,234,187,0,77.89452158,3.438378056,79.86128075,0,5123
Experiment_1,8,1,hue vs brightness,fair,4,72,1,0.92,187,234,0,86.70688862,-39.30005922,84.59597812,0,3161
Experiment_1,8,1,hue vs brightness,tanned,10,59,1,0.66,168,165,0,65.93129452,-14.22581632,68.50935648,0,15361
Experiment_1,8,1,hue vs saturation,tanned,7,68,0.35,1,243,255,165,97.34569662,-17.4322296,41.72903528,0,7092
Experiment_1,8,1,hue vs saturation,tanned,12,26,0.27,1,255,215,186,88.6410134,9.770615765,19.508416,0,3262
Experiment_1,8,1,hue vs saturation,fair,3,13,0.1,1,255,235,229,94.45489038,5.795937146,5.344875123,0,7496
Experiment_1,8,1,hue vs saturation,fair,5,23,0.19,1,255,225,206,91.49007425,7.396578963,13.06744345,0,2749
Experiment_1,8,1,hue vs saturation,tanned,8,39,0.39,1,255,220,155,89.30530803,3.467511986,36.41722219,0,4104
Experiment_1,8,1,hue vs saturation,fair,1,319,0.07,1,255,237,249,95.44147213,8.12058917,-3.595499654,0,12460
Experiment_1,8,1,hue vs saturation,fair,6,298,0.09,1,254,232,255,94.314085,11.42551477,-8.384219937,0,3351
Experiment_1,8,1,hue vs saturation,tanned,9,39,0.24,1,255,233,193,93.18407982,1.473276874,22.18354979,0,5400
Experiment_1,8,1,hue vs saturation,tanned,10,9,0.22,1,255,207,198,86.97864735,15.57458524,10.85412753,0,3716
Experiment_1,8,1,hue vs saturation,fair,4,57,0.09,1,255,253,232,98.96093216,-2.84592564,10.27590828,0,5127
Experiment_1,8,1,hue vs saturation,tanned,11,46,0.3,1,255,237,178,93.90152373,-2.495055017,30.84292005,0,4791
Experiment_1,8,1,hue vs saturation,fair,2,345,0.07,1,255,237,241,95.23636408,6.749699439,0.252935184,0,6531
Experiment_1,9,0,hue vs saturation,fair,2,333,0.68,1,255,81,159,61.34936661,71.40654795,-4.762352227,0,55590
Experiment_1,9,0,hue vs saturation,tanned,8,245,0.57,1,121,109,255,54.26200041,42.80824212,-71.46076224,1,4641
Experiment_1,9,0,hue vs saturation,tanned,10,217,0.54,1,117,170,255,69.29206865,6.307920688,-47.47059085,1,10142
Experiment_1,9,0,hue vs saturation,tanned,7,32,0.59,1,255,184,104,79.92042423,17.55273583,50.19193465,0,27548
Experiment_1,9,0,hue vs saturation,fair,4,224,0.46,1,137,168,255,69.85498724,11.88595819,-46.51004039,1,11941
Experiment_1,9,0,hue vs saturation,fair,1,206,0.53,1,119,196,255,76.44934377,-7.646087513,-36.28926601,1,23018
Experiment_1,9,0,hue vs saturation,tanned,11,18,0.66,1,255,137,86,69.34342413,40.72599705,46.78567224,0,15403
Experiment_1,9,0,hue vs saturation,fair,5,226,0.53,1,119,151,255,64.38308839,17.69489015,-55.22630714,1,28786
Experiment_1,9,0,hue vs saturation,tanned,9,11,0.75,1,255,98,63,61.95867951,57.96562002,50.2605249,0,21665
Experiment_1,9,0,hue vs saturation,tanned,12,30,0.54,1,255,186,117,80.55059891,17.48822466,44.50458803,0,8196
Experiment_1,9,0,hue vs saturation,fair,6,354,0.9,1,255,25,48,54.20550192,78.59386793,50.12202637,0,26104
Experiment_1,9,0,hue vs saturation,fair,3,239,0.77,1,58,61,255,40.33980099,61.63584079,-94.43307003,1,24039
Experiment_1,9,0,hue vs brightness,tanned,11,11,1,0.45,114,21,0,24.04394656,39.03170479,35.53133897,0,5038
Experiment_1,9,0,hue vs brightness,fair,5,189,1,0.63,0,136,160,52.00231437,-22.01836202,-21.49506529,1,8516
Experiment_1,9,0,hue vs brightness,tanned,7,353,1,0.56,142,0,16,28.87168089,52.07353345,35.2790846,0,6258
Experiment_1,9,0,hue vs brightness,tanned,10,30,1,0.7,178,89,0,47.76448927,31.83374471,56.73242595,0,11922
Experiment_1,9,0,hue vs brightness,fair,4,229,1,0.62,0,28,158,21.20412791,45.01300348,-69.70393729,1,8641
Experiment_1,9,0,hue vs brightness,tanned,12,3,1,0.52,132,6,0,26.83646816,48.05759241,39.58954977,0,3948
Experiment_1,9,0,hue vs brightness,tanned,8,26,1,0.6,153,66,0,39.01683675,33.56979836,49.56874266,0,7848
Experiment_1,9,0,hue vs brightness,fair,2,172,1,0.41,0,104,90,38.96535876,-29.39472877,0.59184625,1,9591
Experiment_1,9,0,hue vs brightness,fair,3,31,1,0.02,5,2,0,0.683624195,0.50642071,1.033266376,0,6561
Experiment_1,9,0,hue vs brightness,fair,1,246,1,0.12,3,0,30,1.021591136,6.734526268,-15.59853517,1,14859
Experiment_1,9,0,hue vs brightness,tanned,9,353,1,0.45,114,0,13,22.3252738,44.5085458,28.37490478,0,12680
Experiment_1,9,0,hue vs brightness,fair,6,187,1,0.31,0,69,79,26.21787803,-15.0053425,-11.46719321,1,13191
Experiment_1,10,0,hue vs saturation,fair,6,320,0.5,1,255,127,212,70.31037828,58.58291265,-21.33340724,0,32895
Experiment_1,10,0,hue vs saturation,fair,5,306,0.23,1,255,196,249,85.79570432,29.50108499,-17.95305019,0,6602
Experiment_1,10,0,hue vs saturation,fair,4,86,0.53,1,196,255,119,93.70514939,-39.57420517,58.25769375,0,6073
Experiment_1,10,0,hue vs saturation,tanned,10,19,0.41,1,255,183,150,80.36427613,22.14691614,27.13103467,0,9341
Experiment_1,10,0,hue vs saturation,fair,3,224,0.34,1,168,191,255,77.76057676,6.960725087,-34.04769826,1,5876
Experiment_1,10,0,hue vs saturation,tanned,12,255,0.29,1,199,181,255,77.5252745,21.28158318,-34.22562586,1,8734
Experiment_1,10,0,hue vs saturation,tanned,11,110,0.63,1,121,255,94,90.04154182,-65.46595531,63.8431295,1,5773
Experiment_1,10,0,hue vs saturation,tanned,8,62,0.48,1,250,255,132,97.43417326,-18.13867337,57.66904272,0,8606
Experiment_1,10,0,hue vs saturation,tanned,9,18,0.43,1,255,178,145,79.12478613,24.24255514,28.12250577,0,9963
Experiment_1,10,0,hue vs saturation,fair,2,278,0.36,1,221,163,255,75.31833586,37.59407802,-37.48500666,0,6332
Experiment_1,10,0,hue vs saturation,fair,1,153,0.31,1,175,255,219,94.20468397,-31.75324065,9.478402749,1,7414
Experiment_1,10,0,hue vs saturation,tanned,7,33,0.44,1,255,204,142,85.199392,10.36233044,37.68903081,0,4602
Experiment_1,10,0,hue vs brightness,fair,6,60,1,0.59,150,150,0,60.15586764,-14.50976081,63.59826007,0,17593
Experiment_1,10,0,hue vs brightness,fair,1,126,1,0.57,0,145,14,52.1551242,-56.12995329,52.19277035,1,11144
Experiment_1,10,0,hue vs brightness,tanned,11,352,1,0.42,107,0,14,20.66396075,42.61742538,25.59839649,0,4818
Experiment_1,10,0,hue vs brightness,tanned,7,169,1,0.49,0,124,102,46.14307164,-34.95765303,3.776875558,1,5877
Experiment_1,10,0,hue vs brightness,tanned,8,34,1,0.82,209,118,0,58.52004621,29.4066591,65.56435667,0,7619
Experiment_1,10,0,hue vs brightness,fair,2,12,1,0.26,66,13,0,12.26120064,24.68246479,18.94983809,0,5020
Experiment_1,10,0,hue vs brightness,fair,4,91,1,0.4,49,102,0,38.12045286,-33.9928924,43.888203,1,13150
Experiment_1,10,0,hue vs brightness,fair,3,175,1,0.74,0,188,172,68.71140431,-42.95149728,-3.148730278,1,7425
Experiment_1,10,0,hue vs brightness,tanned,12,147,1,0.91,0,232,104,81.13341943,-73.19485316,48.74677691,1,9036
Experiment_1,10,0,hue vs brightness,tanned,9,268,1,0.13,15,0,33,1.909229633,11.08568617,-16.58007493,1,6816
Experiment_1,10,0,hue vs brightness,tanned,10,354,1,0.45,114,0,11,22.30792131,44.46124147,29.26700171,0,7239
Experiment_1,10,0,hue vs brightness,fair,5,183,1,0.26,0,62,66,23.13050706,-15.9916173,-7.58008658,1,5577
Experiment_1,11,0,hue vs brightness,fair,3,206,1,0.82,0,118,209,48.95841702,7.069834532,-54.45050945,1,29911
Experiment_1,11,0,hue vs brightness,fair,6,28,1,0.21,53,24,0,12.0250641,12.34944138,18.19274481,0,10210
Experiment_1,11,0,hue vs brightness,tanned,12,153,1,0.23,0,58,32,20.55873097,-24.95654289,11.3649053,1,10950
Experiment_1,11,0,hue vs brightness,tanned,9,185,1,0.29,0,67,73,25.24574226,-16.16859352,-9.014012968,1,17725
Experiment_1,11,0,hue vs brightness,fair,2,248,1,0.08,2,0,20,0.57280301,3.728950622,-8.53971156,1,9808
Experiment_1,11,0,hue vs brightness,tanned,8,260,1,0.1,8,0,25,1.100309546,6.547260572,-11.38633756,1,17337
Experiment_1,11,0,hue vs brightness,fair,4,172,1,0.39,0,99,86,37.10656233,-28.26800429,0.338377665,1,8846
Experiment_1,11,0,hue vs brightness,tanned,10,332,1,0.22,56,0,26,8.265238577,29.10984744,-0.843831444,0,24450
Experiment_1,11,0,hue vs brightness,tanned,7,190,1,0.44,0,93,112,35.98151018,-16.09447126,-17.44592985,1,13402
Experiment_1,11,0,hue vs brightness,fair,1,176,1,0.43,0,109,102,41.05128872,-28.010021,-3.655890422,1,11673
Experiment_1,11,0,hue vs brightness,fair,5,10,1,0.15,38,6,0,4.898719563,14.28819821,7.60050389,0,7392
Experiment_1,11,0,hue vs brightness,tanned,11,320,1,0.26,66,0,44,11.55309378,33.82438968,-9.332982133,0,10587
Experiment_1,11,0,hue vs saturation,fair,2,232,0.63,1,94,115,255,53.87937256,34.61492285,-72.16515735,1,13595
Experiment_1,11,0,hue vs saturation,fair,6,246,0.39,1,165,155,255,68.50573399,26.2797445,-48.50115061,1,11367
Experiment_1,11,0,hue vs saturation,tanned,9,235,0.5,1,127,138,255,61.57561154,27.01992447,-59.67101412,1,7688
Experiment_1,11,0,hue vs saturation,tanned,7,303,0.28,1,255,183,251,82.96232483,36.67655679,-23.3058755,0,17454
Experiment_1,11,0,hue vs saturation,tanned,8,25,0.62,1,255,162,96,74.79034531,28.50546805,48.09657911,0,12741
Experiment_1,11,0,hue vs saturation,fair,5,211,0.37,1,160,206,255,81.20147433,-3.281002669,-28.79667391,1,5799
Experiment_1,11,0,hue vs saturation,fair,4,226,0.7,1,76,118,255,53.72155139,30.21227511,-72.46323006,1,3686
Experiment_1,11,0,hue vs saturation,tanned,10,268,0.62,1,170,96,255,56.21950381,59.65162725,-68.0713682,1,9137
Experiment_1,11,0,hue vs saturation,tanned,11,14,0.41,1,255,174,150,78.30643947,26.86106087,24.34654058,0,5779
Experiment_1,11,0,hue vs saturation,tanned,12,96,0.38,1,196,255,158,94.19438053,-35.14649456,40.48247334,1,9029
Experiment_1,11,0,hue vs saturation,fair,3,231,0.52,1,122,142,255,62.25660104,23.60793463,-58.60213295,1,12775
Experiment_1,11,0,hue vs saturation,fair,1,209,0.7,1,76,168,255,67.09790984,0.314668852,-51.04118563,1,4199
Experiment_1,12,0,hue vs brightness,tanned,11,329,1,0.66,168,0,86,35.97797259,62.17224097,0.598347138,0,39563
Experiment_1,12,0,hue vs brightness,fair,2,18,1,0.4,102,30,0,22.83859014,31.05443302,33.49540199,0,23360
Experiment_1,12,0,hue vs brightness,fair,1,224,1,0.57,0,38,145,21.69175368,34.4291917,-60.88830122,1,20266
Experiment_1,12,0,hue vs brightness,tanned,9,296,1,0.47,111,0,119,25.89625122,54.54959234,-37.20712704,0,8745
Experiment_1,12,0,hue vs brightness,tanned,7,328,1,0.61,155,0,82,33.08757504,58.86035878,-1.351710281,0,18832
Experiment_1,12,0,hue vs brightness,fair,5,328,1,0.48,122,0,65,25.31864813,49.63161195,-2.241943318,0,10634
Experiment_1,12,0,hue vs brightness,fair,3,196,1,0.51,0,95,130,37.4740089,-10.26530545,-26.18844229,1,3702
Experiment_1,12,0,hue vs brightness,tanned,10,283,1,0.37,67,0,94,15.49481955,42.89147452,-38.12849586,0,6187
Experiment_1,12,0,hue vs brightness,fair,4,7,1,0.83,211,24,0,44.94463365,66.76314965,58.60369175,0,18672
Experiment_1,12,0,hue vs brightness,tanned,8,117,1,0.42,5,107,0,38.80791675,-44.97605525,43.97100859,1,13484
Experiment_1,12,0,hue vs brightness,fair,6,184,1,0.26,0,61,66,22.76085248,-15.41841544,-8.139238668,1,4903
Experiment_1,12,0,hue vs brightness,tanned,12,66,1,0.66,151,168,0,65.42394275,-23.23719087,67.52354415,0,8007
Experiment_1,12,0,hue vs saturation,fair,5,12,0.88,1,255,75,30,58.40153805,66.06521752,61.7774307,0,14289
Experiment_1,12,0,hue vs saturation,fair,4,226,0.97,1,7,65,255,39.65744263,57.63068678,-95.60707456,1,9369
Experiment_1,12,0,hue vs saturation,tanned,9,310,0.57,1,255,109,230,67.95456207,69.39478388,-34.94033323,0,5581
Experiment_1,12,0,hue vs saturation,tanned,11,237,0.86,1,35,46,255,36.98776438,67.60588779,-100.0255342,1,10705
Experiment_1,12,0,hue vs saturation,fair,3,245,0.76,1,77,61,255,41.43030285,63.03361913,-92.59397482,1,15537
Experiment_1,12,0,hue vs saturation,tanned,7,4,0.95,1,255,28,12,54.15097906,77.61981681,64.73469606,0,5023
Experiment_1,12,0,hue vs saturation,fair,1,267,0.91,1,127,22,255,41.6981381,80.34703501,-92.00253382,1,4040
Experiment_1,12,0,hue vs saturation,tanned,10,271,0.85,1,150,38,255,45.75756995,79.1604502,-85.21330532,0,5341
Experiment_1,12,0,hue vs saturation,fair,6,282,0.89,1,186,28,255,50.08464798,85.79052528,-77.93023438,0,9086
Experiment_1,12,0,hue vs saturation,tanned,8,236,0.89,1,28,43,255,36.35635595,68.68039746,-101.0822477,1,2575
Experiment_1,12,0,hue vs saturation,tanned,12,115,0.89,1,46,255,28,88.0574086,-83.12422827,80.73439088,1,5698
Experiment_1,12,0,hue vs saturation,fair,2,9,0.94,1,255,51,15,55.74792483,73.11516252,64.82053297,0,7137
Experiment_1,13,0,hue vs brightness,tanned,7,144,1,0.82,0,209,83,73.69159391,-68.99208164,49.49357588,1,23445
Experiment_1,13,0,hue vs brightness,fair,5,229,1,0.18,0,8,45,3.28010275,8.821386483,-23.77823382,1,8484
Experiment_1,13,0,hue vs brightness,fair,6,48,1,0.8,204,163,0,68.77426148,2.932989379,72.09162295,0,14709
Experiment_1,13,0,hue vs brightness,fair,1,179,1,0.92,0,234,230,84.25587327,-46.2119694,-11.31459002,1,21580
Experiment_1,13,0,hue vs brightness,tanned,12,349,1,0.38,96,0,17,18.04147608,39.67583947,20.25618816,0,6581
Experiment_1,13,0,hue vs brightness,tanned,9,164,1,0.88,0,224,164,79.60906371,-59.42545929,16.78804954,1,8426
Experiment_1,13,0,hue vs brightness,tanned,8,187,1,0.43,0,96,109,36.87365253,-18.88896851,-14.22410718,1,4787
Experiment_1,13,0,hue vs brightness,tanned,11,137,1,0.5,0,127,36,46.05065183,-49.18206102,39.37210004,1,5483
Experiment_1,13,0,hue vs brightness,fair,4,178,1,0.58,0,147,142,54.88689215,-33.4600841,-6.739231279,1,5265
Experiment_1,13,0,hue vs brightness,fair,2,190,1,0.66,0,140,168,53.58208017,-21.30401181,-23.68118841,1,8694
Experiment_1,13,0,hue vs brightness,tanned,10,150,1,0.57,0,145,72,52.64021988,-50.04113813,29.53175892,1,11146
Experiment_1,13,0,hue vs brightness,fair,3,52,1,0.8,204,176,0,72.1535979,-3.948900395,74.46824828,0,18024
Experiment_1,13,0,hue vs saturation,fair,3,209,0.46,1,137,198,255,77.83160288,-4.730212985,-34.08380092,1,15643
Experiment_1,13,0,hue vs saturation,tanned,10,121,0.48,1,132,255,134,90.84683335,-58.05598814,47.18223097,1,10520
Experiment_1,13,0,hue vs saturation,tanned,8,38,0.77,1,255,183,58,79.28971819,15.63885984,69.49113271,0,8663
Experiment_1,13,0,hue vs saturation,tanned,9,112,0.53,1,137,255,119,90.85754733,-58.56949325,54.18621764,1,6543
Experiment_1,13,0,hue vs saturation,fair,1,166,0.37,1,160,255,232,93.8054005,-33.18408769,2.110994128,1,5307
Experiment_1,13,0,hue vs saturation,fair,6,129,0.39,1,155,255,170,92.30533156,-46.34052677,31.65460672,1,15467
Experiment_1,13,0,hue vs saturation,fair,4,335,0.15,1,255,216,232,89.95115892,16.1090519,-2.782658581,0,8918
Experiment_1,13,0,hue vs saturation,tanned,12,98,0.49,1,175,255,130,92.68317809,-45.66319851,51.74472591,1,5647
Experiment_1,13,0,hue vs saturation,tanned,7,234,0.44,1,142,154,255,66.58252,21.09631694,-51.64845567,1,8494
Experiment_1,13,0,hue vs saturation,fair,5,211,0.55,1,114,182,255,72.3974814,-1.041761645,-42.61084436,1,5272
Experiment_1,13,0,hue vs saturation,tanned,11,51,0.61,1,255,231,99,91.37558218,-6.888844814,65.47804377,0,6152
Experiment_1,13,0,hue vs saturation,fair,2,187,0.3,1,178,246,255,92.83750014,-18.96138718,-11.12413132,1,5606
Experiment_1,14,0,hue vs saturation,tanned,12,193,0.85,1,38,208,255,77.72350344,-24.94893993,-34.48819081,1,39029
Experiment_1,14,0,hue vs saturation,fair,5,331,0.49,1,255,130,190,70.13594715,54.07879468,-9.342682254,0,17101
Experiment_1,14,0,hue vs saturation,tanned,8,29,0.87,1,255,140,33,69.55916016,37.22550974,69.34401575,0,11139
Experiment_1,14,0,hue vs saturation,tanned,10,287,0.65,1,219,89,255,61.15474217,73.30034127,-59.8181004,0,18733
Experiment_1,14,0,hue vs saturation,fair,6,190,0.27,1,186,243,255,92.46895573,-15.25327272,-11.6272554,1,8377
Experiment_1,14,0,hue vs saturation,tanned,9,35,0.62,1,255,189,96,81.01582602,14.40591344,55.28364184,0,14801
Experiment_1,14,0,hue vs saturation,fair,1,202,0.41,1,150,216,255,83.34534851,-11.09330356,-25.56809684,1,18362
Experiment_1,14,0,hue vs saturation,fair,3,339,0.71,1,255,73,137,59.73595785,72.10505806,5.706387746,0,10409
Experiment_1,14,0,hue vs saturation,tanned,11,9,0.92,1,255,55,20,56.1307044,72.13092764,63.6209756,0,11635
Experiment_1,14,0,hue vs saturation,tanned,7,325,0.93,1,255,17,156,56.14901446,85.63391156,-10.75241514,0,10702
Experiment_1,14,0,hue vs saturation,fair,2,217,0.34,1,168,201,255,80.35818994,1.534177795,-30.04871471,1,18352
Experiment_1,14,0,hue vs saturation,fair,4,117,0.35,1,170,255,165,92.91920142,-42.64668856,35.09266276,1,7077
Experiment_1,14,0,hue vs brightness,fair,3,260,1,0.54,45,0,137,17.29219196,51.03058129,-63.12370254,1,14472
Experiment_1,14,0,hue vs brightness,tanned,12,83,1,0.37,58,94,0,35.80063883,-27.0239283,42.28013978,0,8328
Experiment_1,14,0,hue vs brightness,tanned,10,160,1,0.75,0,191,127,68.60171597,-55.53537184,21.17924499,1,13975
Experiment_1,14,0,hue vs brightness,fair,1,196,1,0.87,0,162,221,62.55919442,-14.16101957,-39.62510798,1,13169
Experiment_1,14,0,hue vs brightness,fair,5,324,1,0.91,232,0,139,50.71046271,80.59983082,-9.216981579,0,10718
Experiment_1,14,0,hue vs brightness,fair,2,135,1,0.55,0,140,35,50.54359713,-53.31659298,44.45546929,1,9071
Experiment_1,14,0,hue vs brightness,fair,4,168,1,0.01,0,2,2,0.431768422,-0.522960035,-0.184387048,1,10046
Experiment_1,14,0,hue vs brightness,tanned,9,303,1,0.29,73,0,70,14.72733881,39.31732363,-22.91736795,0,7207
Experiment_1,14,0,hue vs brightness,tanned,11,352,1,0.36,91,0,12,16.75140509,38.09969561,20.99536936,0,13016
Experiment_1,14,0,hue vs brightness,tanned,8,129,1,0.27,0,68,10,24.18112028,-32.40633315,27.71016219,1,14077
Experiment_1,14,0,hue vs brightness,fair,6,328,1,0.69,175,0,93,37.67007443,64.3385604,-1.263028123,0,5831
Experiment_1,14,0,hue vs brightness,tanned,7,353,1,0.49,124,0,14,24.69224986,47.24216525,31.0384164,0,6286
Experiment_1,15,1,hue vs brightness,tanned,10,328,1,0.59,150,0,80,31.95039404,57.53673255,-1.832683825,0,76328
Experiment_1,15,1,hue vs brightness,fair,4,44,1,0.68,173,127,0,56.15079623,8.606346124,61.81362672,0,43666
Experiment_1,15,1,hue vs brightness,tanned,11,17,1,0.31,79,22,0,16.68039661,25.66230328,25.23296367,0,36390
Experiment_1,15,1,hue vs brightness,fair,6,286,1,0.81,158,0,206,40.77620662,76.66085264,-65.46161982,0,17842
Experiment_1,15,1,hue vs brightness,tanned,8,349,1,0.83,211,0,38,44.21690033,69.99367702,42.75511657,0,10571
Experiment_1,15,1,hue vs brightness,tanned,12,305,1,0.48,122,0,112,27.59325892,55.39539761,-29.88538106,0,41392
Experiment_1,15,1,hue vs brightness,fair,5,156,1,0.54,0,137,82,50.09763833,-45.22969739,20.8080937,1,20327
Experiment_1,15,1,hue vs brightness,fair,3,283,1,0.62,113,0,158,29.36026257,61.97537342,-55.88764195,0,12018
Experiment_1,15,1,hue vs brightness,fair,1,61,1,0.55,137,140,0,56.16234007,-15.17088691,60.17387636,0,4433
Experiment_1,15,1,hue vs brightness,tanned,9,64,1,0.8,190,204,0,78.53915202,-24.17173572,78.56864409,0,19371
Experiment_1,15,1,hue vs brightness,fair,2,348,1,0.82,209,0,41,43.82199165,69.58708967,40.54530832,0,10166
Experiment_1,15,1,hue vs brightness,tanned,7,24,1,0.91,232,92,0,56.88992083,51.24972056,66.40718437,0,11612
Experiment_1,15,1,hue vs saturation,tanned,8,10,0.59,1,255,129,104,67.99111615,45.82773755,35.64997828,0,23713
Experiment_1,15,1,hue vs saturation,tanned,11,351,0.88,1,255,30,64,54.6148578,78.35744205,41.79030909,0,20333
Experiment_1,15,1,hue vs saturation,fair,1,211,0.67,1,84,166,255,66.80717342,2.619615628,-51.48372455,1,12160
Experiment_1,15,1,hue vs saturation,fair,5,235,0.61,1,99,112,255,53.45037129,37.21237184,-72.84711617,1,5502
Experiment_1,15,1,hue vs saturation,fair,3,152,0.78,1,56,255,162,89.37865332,-67.68540038,31.24938616,1,13927
Experiment_1,15,1,hue vs saturation,tanned,12,101,0.78,1,119,255,56,89.73265155,-68.71577746,76.6810921,1,12195
Experiment_1,15,1,hue vs saturation,tanned,9,213,0.71,1,73,155,255,63.40825242,7.428918469,-56.90105844,1,14331
Experiment_1,15,1,hue vs saturation,tanned,10,112,0.79,1,80,255,53,88.67733556,-77.40599828,76.14207262,1,4566
Experiment_1,15,1,hue vs saturation,tanned,7,35,0.68,1,255,182,81,79.21948285,17.18215312,60.13274098,0,11499
Experiment_1,15,1,hue vs saturation,fair,6,236,0.54,1,117,126,255,57.96447624,32.06520734,-65.49773147,1,4645
Experiment_1,15,1,hue vs saturation,fair,2,224,0.81,1,48,103,255,48.94430518,36.6193594,-80.28653147,1,16599
Experiment_1,15,1,hue vs saturation,fair,4,284,0.81,1,199,48,255,53.46657927,83.39803428,-72.34415781,0,7470
Experiment_1,16,1,hue vs brightness,tanned,7,85,1,0.61,90,155,0,57.67108489,-41.82883881,59.95945525,0,34401
Experiment_1,16,1,hue vs brightness,tanned,10,39,1,0.68,173,112,0,52.36736329,17.01613083,59.28124217,0,14246
Experiment_1,16,1,hue vs brightness,fair,3,180,1,0.62,0,158,158,58.90237708,-33.62018925,-9.886237578,1,8673
Experiment_1,16,1,hue vs brightness,fair,5,183,1,0.55,0,133,140,50.2970984,-27.35024977,-12.45658499,1,9513
Experiment_1,16,1,hue vs brightness,tanned,12,37,1,0.5,127,78,0,37.77199212,15.35710498,46.7920093,0,6567
Experiment_1,16,1,hue vs brightness,fair,6,191,1,0.59,0,122,150,47.13293713,-18.09602749,-23.157785,1,4763
Experiment_1,16,1,hue vs brightness,tanned,11,206,1,0.28,0,40,71,15.34234574,0.509817843,-23.07880283,1,7274
Experiment_1,16,1,hue vs brightness,fair,1,200,1,0.68,0,115,173,46.01343976,-5.309503783,-38.39483218,1,3116
Experiment_1,16,1,hue vs brightness,fair,2,159,1,0.6,0,153,99,55.76932119,-47.55370888,18.96075096,1,5817
Experiment_1,16,1,hue vs brightness,tanned,9,207,1,0.45,0,63,114,26.06894754,3.672860951,-34.28136086,1,3041
Experiment_1,16,1,hue vs brightness,tanned,8,152,1,0.48,0,122,65,44.66114939,-43.13893018,23.17543676,1,3539
Experiment_1,16,1,hue vs brightness,fair,4,49,1,0.76,193,158,0,66.36005831,0.696905561,69.88313505,0,2865
Experiment_1,16,1,hue vs saturation,tanned,11,33,0.96,1,255,144,10,70.33566991,34.87446678,74.73105073,0,20833
Experiment_1,16,1,hue vs saturation,tanned,12,33,0.54,1,255,193,117,82.20872294,13.83534894,46.53968293,0,14061
Experiment_1,16,1,hue vs saturation,fair,6,205,0.84,1,40,165,255,65.42143945,-1.746843044,-53.74919265,1,2616
Experiment_1,16,1,hue vs saturation,fair,2,288,0.71,1,218,73,255,58.8728481,79.13192493,-63.48158054,0,7678
Experiment_1,16,1,hue vs saturation,tanned,8,61,0.57,1,252,255,109,97.35714639,-19.16335299,67.75600547,0,8264
Experiment_1,16,1,hue vs saturation,tanned,10,102,0.75,1,121,255,63,89.83325486,-67.8054956,74.74800246,1,5340
Experiment_1,16,1,hue vs saturation,fair,5,190,0.93,1,17,215,255,79.57968633,-29.39352561,-31.64073212,1,3094
Experiment_1,16,1,hue vs saturation,fair,1,212,0.58,1,107,176,255,70.45280414,0.921562896,-45.67878065,1,3179
Experiment_1,16,1,hue vs saturation,tanned,9,265,0.6,1,165,102,255,56.80361812,55.55969865,-67.15658781,1,2585
Experiment_1,16,1,hue vs saturation,tanned,7,114,0.5,1,140,255,127,91.06559821,-56.77285238,50.7998079,1,2901
Experiment_1,16,1,hue vs saturation,fair,3,262,0.68,1,145,81,255,50.83266618,62.17263548,-76.93361612,1,4834
Experiment_1,16,1,hue vs saturation,fair,4,41,0.45,1,255,218,140,88.58881805,2.955414802,43.04299936,0,3215
Experiment_1,17,0,hue vs saturation,tanned,10,209,0.7,1,76,168,255,67.09790984,0.314668852,-51.04118563,1,15696
Experiment_1,17,0,hue vs saturation,fair,5,83,0.54,1,202,255,117,94.03841755,-37.5975431,59.62555271,0,6857
Experiment_1,17,0,hue vs saturation,tanned,8,344,0.61,1,255,99,140,63.40657994,62.52594439,9.205789312,0,4599
Experiment_1,17,0,hue vs saturation,fair,6,30,0.5,1,255,191,127,81.86748265,15.72038236,41.08211243,0,5860
Experiment_1,17,0,hue vs saturation,tanned,12,108,0.22,1,210,255,198,95.70517318,-24.57585896,22.61894095,1,6121
Experiment_1,17,0,hue vs saturation,tanned,7,268,0.6,1,173,102,255,57.66210141,57.29444011,-65.72942345,1,2720
Experiment_1,17,0,hue vs saturation,tanned,11,353,0.31,1,255,175,185,79.28414015,30.54577908,6.804753336,0,3717
Experiment_1,17,0,hue vs saturation,fair,4,333,0.23,1,255,196,222,85.00344668,24.95663039,-4.764473567,0,11854
Experiment_1,17,0,hue vs saturation,fair,1,14,0.3,1,255,196,178,83.94192212,18.62308955,17.16800682,0,4930
Experiment_1,17,0,hue vs saturation,fair,2,20,0.3,1,255,204,178,85.8361956,14.44455013,19.8080766,0,2944
Experiment_1,17,0,hue vs saturation,tanned,9,268,0.69,1,161,79,255,52.27423688,65.94376033,-74.50951907,1,3303
Experiment_1,17,0,hue vs saturation,fair,3,201,0.18,1,209,238,255,92.54147321,-5.979587133,-11.37234064,1,6717
Experiment_1,17,0,hue vs brightness,fair,2,176,1,0.18,0,45,42,15.71616494,-15.43122003,-2.263965349,1,14354
Experiment_1,17,0,hue vs brightness,fair,1,355,1,0.14,35,0,2,3.267277062,14.75935603,4.343943822,0,4659
Experiment_1,17,0,hue vs brightness,fair,6,7,1,0.17,43,5,0,5.619673239,18.1882476,8.763453564,0,6708
Experiment_1,17,0,hue vs brightness,fair,3,37,1,0.94,239,147,0,68.90899967,26.66257269,74.09487949,0,6711
Experiment_1,17,0,hue vs brightness,fair,5,314,1,0.94,239,0,183,53.78170937,86.42738895,-30.48795672,0,5705
Experiment_1,17,0,hue vs brightness,tanned,7,232,1,0.21,0,7,53,3.694457437,13.51159232,-29.08102742,1,3778
Experiment_1,17,0,hue vs brightness,tanned,12,82,1,0.2,32,51,0,18.69108788,-16.76387095,26.18302416,0,3855
Experiment_1,17,0,hue vs brightness,tanned,10,293,1,0.38,85,0,96,19.1227554,46.10766649,-33.41254562,0,2770
Experiment_1,17,0,hue vs brightness,tanned,9,211,1,0.25,0,30,63,11.1872716,4.243842797,-24.16454981,1,9155
Experiment_1,17,0,hue vs brightness,tanned,8,327,1,0.08,20,0,11,1.561651034,7.560888967,-2.05036238,0,7678
Experiment_1,17,0,hue vs brightness,fair,4,38,1,0.96,244,155,0,71.33436481,24.55771985,75.96498488,0,12496
Experiment_1,17,0,hue vs brightness,tanned,11,94,1,0.03,3,7,0,1.547490046,-2.019528631,2.280696389,1,5039
Experiment_1,18,0,hue vs brightness,tanned,7,235,1,0.98,0,20,249,32.56842408,74.28128168,-104.0451664,1,18047
Experiment_1,18,0,hue vs brightness,fair,4,160,1,0.7,0,178,118,64.28120929,-52.71275916,20.12780692,1,30355
Experiment_1,18,0,hue vs brightness,fair,2,48,1,0.92,234,187,0,77.89452158,3.438378056,79.86128075,0,39936
Experiment_1,18,0,hue vs brightness,fair,5,185,1,0.82,0,191,209,70.7777803,-33.08313292,-20.33742904,1,6927
Experiment_1,18,0,hue vs brightness,tanned,8,48,1,0.82,209,167,0,70.31075033,3.018464092,73.400599,0,18190
Experiment_1,18,0,hue vs brightness,fair,1,58,1,0.77,196,189,0,74.90745101,-14.16635094,76.11902474,0,15650
Experiment_1,18,0,hue vs brightness,tanned,12,50,1,0.71,181,150,0,63.04126873,-0.404950705,66.99052717,0,19702
Experiment_1,18,0,hue vs brightness,tanned,11,40,1,0.92,234,156,0,70.36422836,19.79152193,74.74519484,0,21245
Experiment_1,18,0,hue vs brightness,fair,6,60,1,0.7,178,178,0,70.38961773,-16.4595681,72.14453129,0,14013
Experiment_1,18,0,hue vs brightness,tanned,9,79,1,0.8,139,204,0,75.24850265,-44.60844642,74.63302545,0,7027
Experiment_1,18,0,hue vs brightness,tanned,10,48,1,0.8,204,163,0,68.77426148,2.932989379,72.09162295,0,7566
Experiment_1,18,0,hue vs brightness,fair,3,58,1,0.71,181,175,0,69.81266572,-13.60784682,71.83783547,0,10429
Experiment_1,18,0,hue vs saturation,fair,5,349,0.29,1,255,181,194,80.85140405,28.63301596,4.195256984,0,21253
Experiment_1,18,0,hue vs saturation,tanned,9,29,0.43,1,255,198,145,83.80541151,13.78299119,34.32874937,0,57895
Experiment_1,18,0,hue vs saturation,tanned,12,19,0.5,1,255,167,127,76.3322807,28.27131692,33.99638869,0,23661
Experiment_1,18,0,hue vs saturation,tanned,7,21,0.6,1,255,155,102,73.3256727,32.53811815,43.30419553,0,26353
Experiment_1,18,0,hue vs saturation,tanned,8,20,0.59,1,255,154,104,73.13530348,33.1943646,42.0376476,0,8234
Experiment_1,18,0,hue vs saturation,tanned,10,21,0.49,1,255,173,130,77.73240321,25.40559224,34.22949017,0,7559
Experiment_1,18,0,hue vs saturation,fair,6,12,0.35,1,255,183,165,80.65175034,23.83455092,19.52255999,0,11238
Experiment_1,18,0,hue vs saturation,tanned,11,19,0.36,1,255,192,163,82.70217613,18.88404537,23.41245496,0,3578
Experiment_1,18,0,hue vs saturation,fair,2,13,0.23,1,255,209,196,87.41035329,14.24978982,12.52426612,0,32271
Experiment_1,18,0,hue vs saturation,fair,3,38,0.36,1,255,221,163,89.68133133,3.845002432,32.83648679,0,7227
Experiment_1,18,0,hue vs saturation,fair,4,24,0.32,1,255,206,173,86.21590306,12.77671066,22.96228666,0,8185
Experiment_1,18,0,hue vs saturation,fair,1,21,0.38,1,255,192,158,82.60823889,18.3113253,25.92943313,0,5966
Experiment_1,19,0,hue vs saturation,fair,6,215,0.39,1,155,196,255,78.26799134,0.787798324,-33.33039896,1,44492
Experiment_1,19,0,hue vs saturation,tanned,9,276,0.47,1,207,135,255,67.88281898,48.54099953,-49.2231401,0,44134
Experiment_1,19,0,hue vs saturation,tanned,8,134,0.48,1,132,255,161,91.23372241,-54.04045828,34.55322732,1,41534
Experiment_1,19,0,hue vs saturation,tanned,10,267,0.82,1,139,45,255,45.06150087,75.8532761,-86.407709,1,24803
Experiment_1,19,0,hue vs saturation,fair,3,247,0.92,1,47,20,255,34.65006092,76.43770823,-103.9089379,1,45989
Experiment_1,19,0,hue vs saturation,fair,2,25,0.74,1,255,144,66,70.59416539,36.20287587,57.78158444,0,19328
Experiment_1,19,0,hue vs saturation,fair,4,190,0.32,1,173,241,255,91.24100124,-17.83602679,-13.53342352,1,5981
Experiment_1,19,0,hue vs saturation,tanned,7,265,0.34,1,204,168,255,74.86441643,29.87754867,-38.31383105,1,6405
Experiment_1,19,0,hue vs saturation,tanned,11,309,0.38,1,255,158,240,77.28382146,47.71048473,-26.04532612,0,29164
Experiment_1,19,0,hue vs saturation,tanned,12,94,0.61,1,166,255,99,91.92117844,-51.73249475,64.39908269,1,22552
Experiment_1,19,0,hue vs saturation,fair,5,210,0.72,1,71,163,255,65.55667264,2.511688142,-53.49090719,1,19387
Experiment_1,19,0,hue vs saturation,fair,1,315,0.61,1,255,99,216,65.85872076,71.49408395,-30.39195977,0,15878
Experiment_1,19,0,hue vs brightness,fair,1,225,1,0.21,0,13,53,4.921941045,11.00401013,-27.10395831,1,12722
Experiment_1,19,0,hue vs brightness,tanned,9,311,1,0.3,76,0,62,14.86796607,38.66431646,-17.02768627,0,15443
Experiment_1,19,0,hue vs brightness,tanned,11,209,1,0.79,0,104,201,44.40122112,12.77926827,-57.20582322,1,17159
Experiment_1,19,0,hue vs brightness,fair,2,328,1,0.78,198,0,106,42.83303678,70.52680492,-1.371486953,0,25503
Experiment_1,19,0,hue vs brightness,fair,3,124,1,0.37,0,94,6,34.02150013,-41.17810111,38.22125643,1,17599
Experiment_1,19,0,hue vs brightness,tanned,12,189,1,0.2,0,43,51,15.3118842,-10.63327724,-9.206749607,1,16106
Experiment_1,19,0,hue vs brightness,tanned,10,67,1,0.21,47,53,0,20.63699308,-10.31114345,28.72639242,0,22761
Experiment_1,19,0,hue vs brightness,fair,5,160,1,0.81,0,206,137,73.51227101,-58.83071609,22.56916573,1,27144
Experiment_1,19,0,hue vs brightness,fair,6,243,1,0.14,1,0,35,1.154427379,7.964144206,-19.39155379,1,9380
Experiment_1,19,0,hue vs brightness,tanned,8,324,1,0.89,226,0,136,49.43094033,79.08914484,-9.442346956,0,14985
Experiment_1,19,0,hue vs brightness,fair,4,205,1,0.48,0,71,122,29.18837844,1.68712126,-34.33817626,1,12964
Experiment_1,19,0,hue vs brightness,tanned,7,281,1,0.84,146,0,214,39.52320019,76.66873892,-72.21400337,0,7188
Experiment_1,20,0,hue vs saturation,tanned,8,220,0.51,1,124,168,255,69.11934635,8.936322969,-47.7176633,1,20461
Experiment_1,20,0,hue vs saturation,tanned,10,279,0.51,1,209,124,255,65.89679997,54.75795785,-52.34761364,0,16534
Experiment_1,20,0,hue vs saturation,fair,6,157,0.29,1,181,255,226,94.66811139,-28.63795464,6.58038443,1,18852
Experiment_1,20,0,hue vs saturation,tanned,12,71,0.63,1,225,255,94,95.3021141,-30.74319213,71.06645449,0,8464
Experiment_1,20,0,hue vs saturation,fair,4,339,0.41,1,255,150,187,73.97211654,43.75010526,-2.002971543,0,4712
Experiment_1,20,0,hue vs saturation,tanned,9,170,0.3,1,178,255,242,94.90594175,-26.19336571,-1.341702284,1,3745
Experiment_1,20,0,hue vs saturation,tanned,7,18,0.51,1,255,163,124,75.39506739,30.09379145,34.37317271,0,3819
Experiment_1,20,0,hue vs saturation,fair,2,242,0.38,1,161,158,255,68.93253979,23.53658947,-47.84977407,1,4878
Experiment_1,20,0,hue vs saturation,fair,5,43,0.46,1,255,221,137,89.28939462,1.139181464,45.4142887,0,8967
Experiment_1,20,0,hue vs saturation,fair,1,199,0.32,1,173,229,255,88.0373081,-11.78843052,-18.3420714,1,3056
Experiment_1,20,0,hue vs saturation,tanned,11,340,0.69,1,255,79,137,60.4786988,70.04134595,6.770897303,0,2974
Experiment_1,20,0,hue vs saturation,fair,3,240,0.25,1,191,191,255,79.36158123,13.46281863,-31.44694277,1,3569
Experiment_1,20,0,hue vs brightness,fair,5,134,1,0.29,0,73,17,26.17346316,-33.4080579,26.68748528,1,8480
Experiment_1,20,0,hue vs brightness,tanned,11,268,1,0.41,48,0,104,13.39881708,43.00576559,-48.33446028,1,2374
Experiment_1,20,0,hue vs brightness,fair,3,61,1,0.79,198,201,0,78.33272459,-19.30387375,78.69408507,0,12370
Experiment_1,20,0,hue vs brightness,tanned,12,346,1,0.51,130,0,30,26.27270748,49.34385989,23.24343805,0,9119
Experiment_1,20,0,hue vs brightness,tanned,7,45,1,0.76,193,145,0,63.00111077,7.739438553,67.55403017,0,6625
Experiment_1,20,0,hue vs brightness,fair,4,142,1,0.25,0,63,23,22.3621119,-28.8940442,19.21004927,1,3211
Experiment_1,20,0,hue vs brightness,tanned,10,34,1,0.9,229,130,0,63.85470634,31.41421247,70.24898786,0,8555
Experiment_1,20,0,hue vs brightness,tanned,8,161,1,0.55,0,140,95,51.36172875,-43.45747277,15.18816542,1,2855
Experiment_1,20,0,hue vs brightness,fair,2,327,1,0.81,206,0,113,44.68001237,72.85190249,-2.834547787,0,2814
Experiment_1,20,0,hue vs brightness,tanned,9,60,1,0.41,104,104,0,42.52676781,-11.15093857,48.87608422,0,5412
Experiment_1,20,0,hue vs brightness,fair,6,42,1,0.77,196,137,0,61.33111763,13.45996345,66.58268216,0,3068
Experiment_1,20,0,hue vs brightness,fair,1,168,1,0.52,0,132,106,48.93722582,-37.33156444,5.44090452,1,5113
Experiment_1,21,0,hue vs saturation,fair,1,116,0.38,1,164,255,158,92.52237116,-45.52763969,37.98295291,1,2187
Experiment_1,21,0,hue vs saturation,fair,5,44,0.49,1,255,221,130,89.19805923,0.501096791,48.72806643,0,6046
Experiment_1,21,0,hue vs saturation,tanned,9,82,0.59,1,199,255,104,93.73709595,-39.81197268,64.83609935,0,12856
Experiment_1,21,0,hue vs saturation,fair,4,279,0.55,1,205,114,255,63.53561805,58.75715112,-56.12457103,0,3196
Experiment_1,21,0,hue vs saturation,fair,2,235,0.2,1,204,208,255,84.57080829,8.165083666,-23.3983994,1,3594
Experiment_1,21,0,hue vs saturation,tanned,8,300,0.39,1,255,155,255,77.23458658,51.82434396,-34.23002637,0,2601
Experiment_1,21,0,hue vs saturation,tanned,10,96,0.46,1,184,255,137,93.24009445,-41.84316586,49.25587103,1,1930
Experiment_1,21,0,hue vs saturation,fair,6,197,0.4,1,153,226,255,86.19860689,-15.48093373,-21.21983834,1,2121
Experiment_1,21,0,hue vs saturation,tanned,12,183,0.16,1,214,252,255,96.46640608,-11.52209877,-5.520298621,1,2517
Experiment_1,21,0,hue vs saturation,fair,3,295,0.53,1,243,119,255,69.08916641,65.95458146,-47.03661526,0,222389
Experiment_1,21,0,hue vs saturation,tanned,11,174,0.64,1,91,255,238,91.64769373,-46.06588367,-4.424537907,1,2016
Experiment_1,21,0,hue vs saturation,tanned,7,173,0.62,1,96,255,236,91.71308728,-45.80335518,-3.278384748,1,2222
Experiment_1,21,0,hue vs brightness,fair,2,144,1,0.34,0,86,34,31.27995952,-35.62072292,23.70588727,1,2713
Experiment_1,21,0,hue vs brightness,fair,3,215,1,0.54,0,57,137,25.95834994,17.99289439,-48.91448637,1,2097
Experiment_1,21,0,hue vs brightness,tanned,9,65,1,0.31,72,79,0,31.73778975,-12.74182931,39.64100701,0,2349
Experiment_1,21,0,hue vs brightness,fair,4,293,1,0.36,81,0,91,17.93967363,44.50939487,-32.02621927,0,1970
Experiment_1,21,0,hue vs brightness,tanned,10,38,1,0.32,81,51,0,24.05447308,9.261196109,33.55750658,0,2669
Experiment_1,21,0,hue vs brightness,tanned,7,325,1,0.32,81,0,47,15.24698573,37.86559443,-5.582583232,0,2853
Experiment_1,21,0,hue vs brightness,tanned,8,196,1,0.39,0,72,99,28.20917625,-8.748662383,-21.32134972,1,3261
Experiment_1,21,0,hue vs brightness,tanned,11,40,1,0.47,119,79,0,36.95547799,10.92108283,45.73188113,0,1691
Experiment_1,21,0,hue vs brightness,fair,5,322,1,0.47,119,0,75,25.04471214,49.94325116,-9.52019355,0,1714
Experiment_1,21,0,hue vs brightness,fair,6,162,1,0.32,0,81,57,29.86278255,-28.51942702,8.081068794,1,1905
Experiment_1,21,0,hue vs brightness,fair,1,289,1,0.64,133,0,163,33.20203175,65.62179293,-52.51761466,0,3248
Experiment_1,21,0,hue vs brightness,tanned,12,226,1,0.42,0,24,107,13.91320045,28.73500618,-49.57184459,1,1493
Experiment_1,22,0,hue vs brightness,fair,1,310,1,0.98,249,0,208,56.77585535,91.15112193,-40.10014294,0,85146
Experiment_1,22,0,hue vs brightness,fair,6,63,1,0.88,213,224,0,85.73442801,-24.14884367,84.66212588,0,26924
Experiment_1,22,0,hue vs brightness,tanned,11,47,1,0.72,183,143,0,61.40510377,4.316562112,65.94503135,0,15668
Experiment_1,22,0,hue vs brightness,tanned,7,51,1,0.74,188,160,0,66.39210943,-2.620322556,69.67566547,0,16027
Experiment_1,22,0,hue vs brightness,tanned,8,35,1,0.74,188,110,0,53.86026909,24.75848077,61.21098566,0,26096
Experiment_1,22,0,hue vs brightness,tanned,10,41,1,0.85,216,148,0,66.35051738,16.29660809,71.06162632,0,11119
Experiment_1,22,0,hue vs brightness,tanned,9,62,1,0.75,184,191,0,74.47793474,-20.36728753,75.36300287,0,13717
Experiment_1,22,0,hue vs brightness,fair,5,306,1,0.95,242,0,218,56.02686967,91.20041216,-47.06553929,0,14266
Experiment_1,22,0,hue vs brightness,fair,4,61,1,0.91,228,232,0,89.02032282,-21.73624774,87.59451181,0,15738
Experiment_1,22,0,hue vs brightness,fair,3,315,1,0.91,232,0,174,52.07583379,84.11096664,-27.97194703,0,15139
Experiment_1,22,0,hue vs brightness,fair,2,38,1,0.72,183,116,0,54.61417952,19.2595898,61.37086713,0,24577
Experiment_1,22,0,hue vs brightness,tanned,12,46,1,0.66,168,129,0,56.1131608,5.191222469,61.523333,0,13013
Experiment_1,22,0,hue vs saturation,tanned,9,49,0.36,1,255,238,163,93.90612801,-4.765783625,38.41391625,0,15502
Experiment_1,22,0,hue vs saturation,tanned,7,34,0.81,1,255,165,48,75.06627739,24.70592703,69.17135757,0,14505
Experiment_1,22,0,hue vs saturation,fair,2,29,0.4,1,255,202,153,84.89479178,12.54177666,31.62013353,0,7409
Experiment_1,22,0,hue vs saturation,tanned,8,36,0.95,1,255,158,12,73.37667865,27.67481333,76.51765894,0,4168
Experiment_1,22,0,hue vs saturation,fair,6,31,0.44,1,255,200,142,84.23658147,12.43951178,36.43972882,0,4617
Experiment_1,22,0,hue vs saturation,tanned,11,38,0.93,1,255,168,17,75.64113659,22.51791924,77.38743272,0,9951
Experiment_1,22,0,hue vs saturation,fair,4,29,0.34,1,255,210,168,87.08523821,10.09423109,26.76399483,0,5533
Experiment_1,22,0,hue vs saturation,tanned,12,39,0.58,1,255,203,107,84.50094885,7.885760966,54.12559995,0,11485
Experiment_1,22,0,hue vs saturation,fair,1,33,0.48,1,255,199,132,83.84733181,12.00277728,41.0474882,0,7770
Experiment_1,22,0,hue vs saturation,tanned,10,32,0.55,1,255,189,114,81.22013953,15.68369668,46.82491389,0,9271
Experiment_1,22,0,hue vs saturation,fair,5,27,0.31,1,255,211,175,87.45763659,10.42882342,23.62186241,0,4703
Experiment_1,22,0,hue vs saturation,fair,3,21,0.3,1,255,205,178,86.0749047,13.92358186,20.13945854,0,8892
Experiment_1,23,1,hue vs brightness,tanned,12,276,1,0.48,73,0,122,19.31481144,49.70764808,-50.13831246,0,27468
Experiment_1,23,1,hue vs brightness,fair,5,312,1,0.1,25,0,20,2.32308584,11.5816678,-5.773584614,0,94678
Experiment_1,23,1,hue vs brightness,tanned,8,302,1,0.79,201,0,194,47.38190181,81.12823545,-47.45621806,0,6337
Experiment_1,23,1,hue vs brightness,fair,2,216,1,0.41,0,41,104,18.30029941,15.13131858,-40.39864391,1,14529
Experiment_1,23,1,hue vs brightness,fair,3,282,1,0.51,91,0,130,23.12118021,53.59049927,-48.8679629,0,17086
Experiment_1,23,1,hue vs brightness,tanned,10,304,1,0.85,216,0,202,50.52676854,84.72735992,-46.92334035,0,31689
Experiment_1,23,1,hue vs brightness,fair,6,288,1,0.13,26,0,33,2.97560203,15.87001057,-14.85775375,0,9856
Experiment_1,23,1,hue vs brightness,tanned,11,60,1,0.87,221,221,0,85.54687952,-19.34743807,84.80245914,0,23313
Experiment_1,23,1,hue vs brightness,fair,4,275,1,0.17,25,0,43,3.4423662,19.44691676,-21.88468648,0,6299
Experiment_1,23,1,hue vs brightness,tanned,9,279,1,0.59,97,0,150,25.99082733,58.42025075,-56.60571736,0,5906
Experiment_1,23,1,hue vs brightness,tanned,7,300,1,0.97,247,0,247,58.49884775,95.90975421,-59.39119704,0,50914
Experiment_1,23,1,hue vs brightness,fair,1,182,1,0.77,0,189,196,69.73983733,-36.23758331,-14.79522997,1,8023
Experiment_1,23,1,hue vs saturation,tanned,11,314,0.31,1,255,175,236,80.72548619,38.26105506,-18.65461706,0,20763
Experiment_1,23,1,hue vs saturation,fair,4,180,0.3,1,178,255,255,95.24718239,-23.36166826,-7.547225351,1,6583
Experiment_1,23,1,hue vs saturation,fair,3,227,0.94,1,15,67,255,40.14049592,56.66469134,-94.80363125,1,47158
Experiment_1,23,1,hue vs saturation,fair,5,183,0.39,1,155,250,255,92.82136243,-26.84669542,-11.26552064,1,6378
Experiment_1,23,1,hue vs saturation,tanned,10,36,0.31,1,255,223,175,90.38164478,4.245768794,27.61586521,0,9819
Experiment_1,23,1,hue vs saturation,tanned,7,25,0.35,1,255,202,165,85.10732616,13.89534349,25.64195705,0,7015
Experiment_1,23,1,hue vs saturation,fair,1,184,0.37,1,160,248,255,92.49906232,-24.64870681,-11.72196087,1,4984
Experiment_1,23,1,hue vs saturation,tanned,9,322,0.08,1,255,234,247,94.6622883,9.31676819,-3.702774403,0,3816
Experiment_1,23,1,hue vs saturation,fair,2,312,0.41,1,255,150,234,75.45954275,50.76109783,-25.57419656,0,7589
Experiment_1,23,1,hue vs saturation,fair,6,203,0.64,1,91,192,255,74.28141384,-10.69662326,-39.73826957,1,6718
Experiment_1,23,1,hue vs saturation,tanned,12,13,0.4,1,255,175,153,78.58975458,26.66146641,23.12203877,0,11112
Experiment_1,23,1,hue vs saturation,tanned,8,345,0.01,1,255,252,253,99.21073573,1.170393595,-0.136964761,0,16344
Experiment_1,24,1,hue vs brightness,fair,6,87,1,0.14,19,35,0,11.55590864,-14.200251,16.87860561,0,26951
Experiment_1,24,1,hue vs brightness,fair,3,64,1,0.42,99,107,0,43.01535491,-15.20249547,49.03900232,0,4216
Experiment_1,24,1,hue vs brightness,tanned,9,202,1,0.41,0,66,104,26.43611998,-2.746792709,-27.31433229,1,9858
Experiment_1,24,1,hue vs brightness,tanned,10,175,1,0.36,0,91,84,34.23622859,-25.018746,-2.628944591,1,3779
Experiment_1,24,1,hue vs brightness,fair,4,48,1,0.51,130,104,0,45.14611018,1.476151289,51.95195445,0,6568
Experiment_1,24,1,hue vs brightness,tanned,11,16,1,0.24,61,16,0,11.70699813,21.09221238,18.01282896,0,6454
Experiment_1,24,1,hue vs brightness,fair,5,58,1,0.51,130,125,0,51.16700297,-10.36679194,56.24703571,0,6480
Experiment_1,24,1,hue vs brightness,fair,1,336,1,0.26,66,0,26,10.79739772,31.85557253,3.137914106,0,5004
Experiment_1,24,1,hue vs brightness,tanned,12,180,1,0.41,0,104,104,39.41171025,-24.8717365,-7.313697556,1,5349
Experiment_1,24,1,hue vs brightness,tanned,8,34,1,0.66,168,95,0,47.63564155,24.29166922,55.91336527,0,5464
Experiment_1,24,1,hue vs brightness,tanned,7,61,1,0.24,60,61,0,24.63357492,-8.289465521,33.268038,0,2129
Experiment_1,24,1,hue vs brightness,fair,2,216,1,0.66,0,67,168,31.44323719,24.03160304,-58.87426339,1,10414
Experiment_1,24,1,hue vs saturation,tanned,9,130,0.41,1,150,255,167,92.03996884,-48.24487726,32.76264442,1,4117
Experiment_1,24,1,hue vs saturation,fair,3,253,0.5,1,155,127,255,61.10443505,39.69656538,-60.30208371,1,3029
Experiment_1,24,1,hue vs saturation,tanned,7,17,0.36,1,255,189,163,82.00073033,20.45492113,22.4506126,0,13247
Experiment_1,24,1,hue vs saturation,tanned,12,148,0.42,1,147,255,197,92.46629092,-43.7442839,18.13210631,1,2175
Experiment_1,24,1,hue vs saturation,fair,2,209,0.42,1,147,203,255,79.69054205,-4.997532219,-31.17680214,1,3096
Experiment_1,24,1,hue vs saturation,tanned,8,354,0.68,1,255,81,98,59.91285355,66.45073677,28.70408704,0,6623
Experiment_1,24,1,hue vs saturation,fair,1,217,0.42,1,147,188,255,75.69299336,3.125764007,-37.3509445,1,4533
Experiment_1,24,1,hue vs saturation,tanned,11,18,0.66,1,255,137,86,69.34342413,40.72599705,46.78567224,0,6979
Experiment_1,24,1,hue vs saturation,fair,4,41,0.9,1,255,182,25,78.9178902,15.31873036,78.40980994,0,4458
Experiment_1,24,1,hue vs saturation,fair,5,152,0.42,1,147,255,205,92.63256792,-42.17540625,14.2647628,1,4017
Experiment_1,24,1,hue vs saturation,fair,6,155,0.69,1,79,255,181,90.09951464,-61.02870425,22.69784611,1,2610
Experiment_1,24,1,hue vs saturation,tanned,10,19,0.63,1,255,145,94,71.09026605,37.15060342,44.7383328,0,5440
Experiment_1,25,0,hue vs saturation,tanned,9,51,0.6,1,255,232,102,91.65458165,-7.193067121,64.50038492,0,26498
Experiment_1,25,0,hue vs saturation,tanned,7,333,0.57,1,255,109,175,65.97570324,61.91048788,-7.08392183,0,14702
Experiment_1,25,0,hue vs saturation,tanned,8,5,0.89,1,255,46,28,55.3777987,74.46014876,60.33676292,0,16305
Experiment_1,25,0,hue vs saturation,tanned,10,235,0.62,1,96,110,255,52.79445545,37.93686514,-73.9200113,1,12788
Experiment_1,25,0,hue vs saturation,fair,6,235,0.47,1,135,145,255,63.85341521,24.68569467,-56.00763972,1,10017
Experiment_1,25,0,hue vs saturation,fair,4,198,0.55,1,114,212,255,80.67446347,-17.05993244,-29.79229063,1,15482
Experiment_1,25,0,hue vs saturation,tanned,12,89,0.65,1,174,255,89,92.23835576,-49.84090597,68.84695977,0,8114
Experiment_1,25,0,hue vs saturation,tanned,11,276,0.44,1,210,142,255,69.65973276,45.66168623,-46.40420975,0,4698
Experiment_1,25,0,hue vs saturation,fair,5,205,0.37,1,160,215,255,83.59706871,-8.026912964,-25.13706038,1,7441
Experiment_1,25,0,hue vs saturation,fair,2,65,0.63,1,241,255,94,96.42195312,-24.48614299,72.58848756,0,14216
Experiment_1,25,0,hue vs saturation,fair,3,233,0.42,1,147,160,255,68.43473436,18.86004298,-48.70151481,1,3850
Experiment_1,25,0,hue vs saturation,fair,1,251,0.51,1,148,124,255,59.82653356,39.78470086,-62.38178143,1,18395
Experiment_1,25,0,hue vs brightness,fair,5,165,1,0.83,0,211,158,75.48687019,-55.94019615,14.18221169,1,12743
Experiment_1,25,0,hue vs brightness,tanned,7,337,1,0.51,130,0,49,26.64219362,50.33885425,10.85034325,0,5133
Experiment_1,25,0,hue vs brightness,tanned,12,156,1,0.73,0,186,111,66.72229587,-57.05929175,27.14053904,1,6959
Experiment_1,25,0,hue vs brightness,tanned,8,58,1,0.72,183,177,0,70.53285042,-13.75089196,72.43887567,0,9833
Experiment_1,25,0,hue vs brightness,tanned,11,77,1,0.36,65,91,0,35.21433913,-22.54233338,42.02137484,0,4259
Experiment_1,25,0,hue vs brightness,tanned,10,14,1,0.81,206,48,0,45.95536907,59.63669051,58.41559671,0,10814
Experiment_1,25,0,hue vs brightness,fair,4,166,1,0.85,0,216,166,77.19998834,-55.93401096,12.34569705,1,5269
Experiment_1,25,0,hue vs brightness,fair,1,338,1,0.59,150,0,55,31.25386635,55.68830762,13.78926024,0,15969
Experiment_1,25,0,hue vs brightness,tanned,9,61,1,0.5,125,127,0,51.31161469,-13.79005715,56.15159831,0,8902
Experiment_1,25,0,hue vs brightness,fair,3,259,1,0.48,38,0,122,14.49717934,46.87599642,-58.26311925,1,13496
Experiment_1,25,0,hue vs brightness,fair,2,195,1,0.3,0,57,76,21.75572624,-8.91525368,-16.36430896,1,30845
Experiment_1,25,0,hue vs brightness,fair,6,189,1,0.74,0,160,188,60.58027931,-24.73888113,-24.28539158,1,4099
Experiment_1,26,0,hue vs saturation,tanned,12,353,0.23,1,255,196,203,84.51034569,22.05092357,4.655201633,0,39721
Experiment_1,26,0,hue vs saturation,fair,4,218,0.5,1,127,174,255,70.8737668,6.195994487,-44.95045257,1,16845
Experiment_1,26,0,hue vs saturation,fair,6,202,0.76,1,61,183,255,70.92540208,-9.898872027,-45.04184014,1,22276
Experiment_1,26,0,hue vs saturation,tanned,8,29,0.55,1,255,182,114,79.57442017,19.34134537,44.81536172,0,13181
Experiment_1,26,0,hue vs saturation,fair,3,30,0.39,1,255,205,155,85.64978083,11.20064402,31.58727447,0,234
Experiment_1,26,0,hue vs saturation,tanned,11,338,0.36,1,255,163,196,76.94471859,38.30739951,-2.585616144,0,9655
Experiment_1,26,0,hue vs saturation,fair,2,214,0.75,1,63,146,255,60.63531551,11.53460542,-61.34661843,1,4152
Experiment_1,26,0,hue vs saturation,fair,5,203,0.71,1,73,185,255,71.78134327,-9.552325459,-43.68012682,1,5490
Experiment_1,26,0,hue vs saturation,fair,1,258,0.87,1,99,33,255,39.51362908,75.59879648,-95.71337363,1,12291
Experiment_1,26,0,hue vs saturation,tanned,9,37,0.71,1,255,185,73,79.86299597,15.21817882,64.22583856,0,5746
Experiment_1,26,0,hue vs saturation,tanned,7,148,0.52,1,122,255,184,91.28777635,-52.36415306,22.98815897,1,15281
Experiment_1,26,0,hue vs saturation,tanned,10,333,0.23,1,255,196,222,85.00344668,24.95663039,-4.764473567,0,7430
Experiment_1,26,0,hue vs brightness,fair,5,249,1,0.49,18,0,124,13.13139226,46.70603198,-61.86709786,1,10608
Experiment_1,26,0,hue vs brightness,tanned,11,351,1,0.49,124,0,18,24.72981549,47.34450453,28.84989422,0,5272
Experiment_1,26,0,hue vs brightness,fair,1,213,1,0.67,0,76,170,34.13065164,18.69773011,-55.68803995,1,20458
Experiment_1,26,0,hue vs brightness,tanned,10,30,1,0.33,84,42,0,22.09104914,16.48316273,31.69304804,0,9986
Experiment_1,26,0,hue vs brightness,fair,2,220,1,0.23,0,19,58,6.966487058,10.44327244,-27.43438164,1,5277
Experiment_1,26,0,hue vs brightness,tanned,9,182,1,0.16,0,39,40,13.25596122,-12.71400261,-4.512341815,1,10371
Experiment_1,26,0,hue vs brightness,fair,4,196,1,0.33,0,61,84,23.59718459,-8.074797062,-18.79523667,1,8268
Experiment_1,26,0,hue vs brightness,tanned,8,350,1,0.27,68,0,11,10.94349068,31.44922016,12.72258145,0,6663
Experiment_1,26,0,hue vs brightness,fair,6,202,1,0.69,0,111,175,44.89117719,-2.08681346,-41.34136808,1,8947
Experiment_1,26,0,hue vs brightness,tanned,12,225,1,0.45,0,28,114,15.72378385,28.85019437,-51.13407765,1,5407
Experiment_1,26,0,hue vs brightness,fair,3,208,1,0.41,0,55,104,22.7643788,4.849089678,-33.17207899,1,6333
Experiment_1,26,0,hue vs brightness,tanned,7,27,1,0.3,76,34,0,18.71625477,17.53519592,27.54697846,0,3092
Experiment_1,27,0,hue vs saturation,fair,4,243,0.65,1,97,89,255,48.14155888,50.38421445,-81.50326964,1,27903
Experiment_1,27,0,hue vs saturation,tanned,12,332,0.53,1,255,119,182,67.89591018,58.24442785,-8.189736379,0,30024
Experiment_1,27,0,hue vs saturation,fair,1,344,0.9,1,255,25,86,54.68619261,79.94883829,29.03292343,0,58588
Experiment_1,27,0,hue vs saturation,tanned,10,336,0.93,1,255,17,112,54.89757491,82.26339653,13.70948487,0,35164
Experiment_1,27,0,hue vs saturation,tanned,7,120,0.91,1,22,255,22,87.84739313,-85.0668306,81.33338639,1,52997
Experiment_1,27,0,hue vs saturation,fair,5,11,0.86,1,255,75,35,58.42748173,66.15558657,59.86712352,0,46953
Experiment_1,27,0,hue vs saturation,fair,3,358,0.62,1,255,96,102,62.15577267,60.79871274,29.31395151,0,53029
Experiment_1,27,0,hue vs saturation,fair,2,53,0.82,1,255,230,45,90.7995629,-8.787036832,83.53798816,0,20349
Experiment_1,27,0,hue vs saturation,tanned,11,352,0.78,1,255,56,82,56.77952876,73.60314323,33.9966502,0,16743
Experiment_1,27,0,hue vs saturation,tanned,9,323,0.8,1,255,50,176,58.67302961,82.34406817,-18.64093515,0,25628
Experiment_1,27,0,hue vs saturation,tanned,8,29,0.82,1,255,146,45,70.87590437,34.45413049,66.54397964,0,11669
Experiment_1,27,0,hue vs saturation,fair,6,40,0.81,1,255,186,48,79.94911789,13.7474962,73.44655999,0,35363
Experiment_1,27,0,hue vs brightness,fair,1,17,1,0.75,191,54,0,43.82096576,52.8458532,55.78556031,0,37106
Experiment_1,27,0,hue vs brightness,tanned,8,16,1,0.79,201,53,0,45.58445671,56.4414614,57.69143577,0,8506
Experiment_1,27,0,hue vs brightness,fair,5,338,1,0.8,204,0,74,43.25896376,69.72106748,19.55636376,0,18283
Experiment_1,27,0,hue vs brightness,tanned,12,334,1,0.82,209,0,90,44.65093017,71.81963166,11.56762924,0,6448
Experiment_1,27,0,hue vs brightness,tanned,11,26,1,0.73,186,80,0,47.20510693,39.67553152,57.06357371,0,47774
Experiment_1,27,0,hue vs brightness,fair,3,19,1,0.75,191,60,0,44.67155721,50.52108295,56.1957014,0,30739
Experiment_1,27,0,hue vs brightness,fair,2,221,1,0.71,0,57,181,30.06517924,35.93048759,-68.89650581,1,18250
Experiment_1,27,0,hue vs brightness,fair,4,52,1,0.62,158,137,0,57.23139237,-3.866241079,61.8221485,0,10010
Experiment_1,27,0,hue vs brightness,tanned,7,306,1,0.48,122,0,110,27.47228434,55.09827734,-28.79037703,0,27105
Experiment_1,27,0,hue vs brightness,tanned,10,136,1,0.63,0,160,42,57.37504592,-58.73095612,48.78272954,1,22065
Experiment_1,27,0,hue vs brightness,tanned,9,279,1,0.53,87,0,135,22.91494263,54.12383009,-52.38262338,0,17331
Experiment_1,27,0,hue vs brightness,fair,6,344,1,0.79,201,0,53,42.26872165,68.04343865,31.25792584,0,7251
Experiment_1,28,0,hue vs brightness,tanned,9,292,1,0.65,143,0,165,35.11548839,67.43901669,-50.54147672,0,12884
Experiment_1,28,0,hue vs brightness,tanned,11,153,1,0.76,0,193,106,68.88183899,-60.41065428,32.55246408,1,15694
Experiment_1,28,0,hue vs brightness,fair,5,301,1,0.93,237,0,233,55.9751986,92.3994975,-55.68529503,0,20030
Experiment_1,28,0,hue vs brightness,tanned,7,54,1,0.83,211,190,0,76.48220594,-8.133136166,77.85211315,0,11403
Experiment_1,28,0,hue vs brightness,tanned,10,6,1,0.57,145,14,0,30.23950605,50.36321338,43.57185773,0,7814
Experiment_1,28,0,hue vs brightness,fair,4,316,1,0.89,226,0,166,50.59573652,82.08806718,-25.63558894,0,20965
Experiment_1,28,0,hue vs brightness,fair,1,234,1,0.85,0,21,216,28.09873286,65.28786865,-92.67921499,1,14077
Experiment_1,28,0,hue vs brightness,tanned,8,30,1,0.89,226,113,0,59.86976646,38.94085275,67.6072452,0,6820
Experiment_1,28,0,hue vs brightness,fair,6,340,1,0.62,158,0,52,32.95610177,57.49424825,18.34547944,0,11292
Experiment_1,28,0,hue vs brightness,tanned,12,201,1,0.69,0,114,175,45.81143016,-3.918531247,-39.88153326,1,11699
Experiment_1,28,0,hue vs brightness,fair,3,145,1,0.57,0,145,60,52.48345137,-51.96147346,35.47556551,1,13314
Experiment_1,28,0,hue vs brightness,fair,2,173,1,0.07,0,17,15,3.932817865,-5.208551966,-0.669443809,1,24660
Experiment_1,28,0,hue vs saturation,fair,3,344,0.31,1,255,175,197,79.58601567,32.19920919,0.734624915,0,18818
Experiment_1,28,0,hue vs saturation,fair,4,298,0.58,1,250,107,255,68.06435903,72.98535994,-48.58721875,0,5265
Experiment_1,28,0,hue vs saturation,tanned,11,5,0.59,1,255,117,104,65.73469227,51.59144663,32.78933907,0,5640
Experiment_1,28,0,hue vs saturation,tanned,9,63,0.52,1,248,255,122,97.1795295,-19.7562426,61.84725289,0,7133
Experiment_1,28,0,hue vs saturation,tanned,12,246,0.48,1,144,132,255,61.35263441,34.28782101,-59.95694355,1,4443
Experiment_1,28,0,hue vs saturation,tanned,7,348,0.72,1,255,71,108,58.83447183,70.56917015,21.46854184,0,26216
Experiment_1,28,0,hue vs saturation,fair,5,106,0.62,1,133,255,96,90.48295741,-62.07042824,63.63891816,1,12992
Experiment_1,28,0,hue vs saturation,fair,1,11,0.49,1,255,152,130,73.10746297,36.32021096,28.15295293,0,12443
Experiment_1,28,0,hue vs saturation,tanned,8,242,0.61,1,104,99,255,50.78852957,45.68312011,-77.16026187,1,5241
Experiment_1,28,0,hue vs saturation,fair,2,297,0.25,1,251,191,255,84.47901224,31.92664287,-23.16895484,0,7296
Experiment_1,28,0,hue vs saturation,tanned,10,59,0.75,1,255,251,63,96.25056751,-18.46861042,83.45807506,0,12333
Experiment_1,28,0,hue vs saturation,fair,6,8,0.72,1,255,95,71,61.56728183,59.55283466,45.71113901,0,5265
Experiment_1,29,0,hue vs saturation,tanned,7,259,0.44,1,178,142,255,66.54358842,37.00831847,-51.5265123,1,6522
Experiment_1,29,0,hue vs saturation,fair,6,62,0.88,1,247,255,30,96.56953692,-24.50988174,90.90858631,0,5471
Experiment_1,29,0,hue vs saturation,tanned,8,305,0.76,1,255,61,238,62.31344551,87.37073045,-48.22679867,0,4312
Experiment_1,29,0,hue vs saturation,fair,1,248,0.83,1,71,43,255,38.3532833,70.42873407,-97.70559715,1,6076
Experiment_1,29,0,hue vs saturation,tanned,9,340,0.84,1,255,40,112,56.03512729,78.98045743,15.28515729,0,6034
Experiment_1,29,0,hue vs saturation,fair,4,357,0.81,1,255,48,58,55.76535632,74.68388138,46.36162131,0,5335
Experiment_1,29,0,hue vs saturation,fair,5,265,0.63,1,161,94,255,54.86829444,58.79380687,-70.30324958,1,4005
Experiment_1,29,0,hue vs saturation,fair,3,314,0.82,1,255,45,206,59.51924653,86.85351163,-34.5861324,0,4836
Experiment_1,29,0,hue vs saturation,tanned,12,243,0.82,1,56,45,255,37.73006956,68.83834325,-98.7664345,1,3436
Experiment_1,29,0,hue vs saturation,tanned,11,62,0.79,1,248,255,53,96.71126152,-23.552495,86.39191567,0,3634
Experiment_1,29,0,hue vs saturation,tanned,10,354,0.87,1,255,33,55,54.68244506,77.59796324,46.86308865,0,6774
Experiment_1,29,0,hue vs saturation,fair,2,238,0.69,1,79,84,255,45.93800831,50.99562325,-85.16046794,1,3804
Experiment_1,29,0,hue vs brightness,fair,6,127,1,0.54,0,137,16,49.40955184,-53.71074303,49.33903615,1,4174
Experiment_1,29,0,hue vs brightness,fair,5,256,1,0.74,50,0,188,24.66759318,63.79995351,-81.95115929,1,5749
Experiment_1,29,0,hue vs brightness,tanned,10,312,1,0.73,186,0,148,42.11919094,72.36704529,-28.61524329,0,7433
Experiment_1,29,0,hue vs brightness,tanned,7,187,1,0.69,0,155,175,58.5440788,-26.62055578,-20.06834416,1,4035
Experiment_1,29,0,hue vs brightness,fair,1,183,1,0.62,0,150,158,56.36835864,-29.78995504,-13.69525237,1,3182
Experiment_1,29,0,hue vs brightness,tanned,9,329,1,0.67,170,0,88,36.46242951,62.79211867,0.062507182,0,3417
Experiment_1,29,0,hue vs brightness,tanned,8,167,1,0.55,0,140,109,51.6788877,-39.92593631,7.613932158,1,6335
Experiment_1,29,0,hue vs brightness,tanned,12,207,1,0.58,0,81,147,33.96505811,5.646805817,-42.10783552,1,2848
Experiment_1,29,0,hue vs brightness,fair,4,207,1,0.58,0,81,147,33.96505811,5.646805817,-42.10783552,1,1979
Experiment_1,29,0,hue vs brightness,fair,3,79,1,0.47,81,119,0,45.55600316,-29.36233273,50.38563546,0,1978
Experiment_1,29,0,hue vs brightness,tanned,11,311,1,0.74,188,0,154,42.80007753,73.48836598,-31.1551934,0,3414
Experiment_1,29,0,hue vs brightness,fair,2,219,1,0.64,0,57,163,28.30219847,28.83829525,-61.01106132,1,2921
Experiment_1,30,0,hue vs brightness,fair,2,344,1,0.74,188,0,50,39.44820351,64.77318471,29.10170869,0,38330
Experiment_1,30,0,hue vs brightness,tanned,7,321,1,0.7,178,0,116,39.11498128,67.14589698,-13.63016399,0,5787
Experiment_1,30,0,hue vs brightness,fair,5,37,1,0.69,175,108,0,51.65478666,20.15077014,58.94368386,0,10118
Experiment_1,30,0,hue vs brightness,fair,4,288,1,0.61,124,0,155,31.00033837,62.8999895,-51.30265601,0,27126
Experiment_1,30,0,hue vs brightness,tanned,12,8,1,0.63,160,21,0,34.00352304,53.25274677,47.64392954,0,22805
Experiment_1,30,0,hue vs brightness,tanned,8,147,1,0.54,0,137,61,49.77177887,-49.13661091,31.71744899,1,10190
Experiment_1,30,0,hue vs brightness,fair,3,316,1,0.43,109,0,80,23.10262584,48.3133679,-16.06873045,0,9156
Experiment_1,30,0,hue vs brightness,tanned,10,181,1,0.54,0,135,137,50.84371571,-29.32500316,-9.881819744,1,11624
Experiment_1,30,0,hue vs brightness,tanned,11,174,1,0.61,0,155,139,57.37310433,-38.00890714,-1.351538117,1,13112
Experiment_1,30,0,hue vs brightness,fair,6,353,1,0.77,196,0,22,40.88632656,65.97011278,46.86835756,0,4994
Experiment_1,30,0,hue vs brightness,fair,1,269,1,0.75,92,0,191,29.505368,66.76273999,-75.56157246,1,9061
Experiment_1,30,0,hue vs brightness,tanned,9,335,1,0.62,158,0,65,33.24469049,58.26777825,10.15617303,0,5165
Experiment_1,30,0,hue vs saturation,tanned,11,259,0.57,1,155,109,255,57.19782729,49.69375141,-66.57286288,1,18142
Experiment_1,30,0,hue vs saturation,fair,1,352,0.57,1,255,109,129,64.78936825,57.19504066,17.44940399,0,4829
Experiment_1,30,0,hue vs saturation,tanned,8,313,0.57,1,255,109,223,67.66905366,68.34206278,-31.49800258,0,4304
Experiment_1,30,0,hue vs saturation,fair,6,250,0.6,1,127,102,255,53.20548201,47.911571,-73.15120129,1,10459
Experiment_1,30,0,hue vs saturation,fair,4,207,0.76,1,61,167,255,66.40479617,-0.978120524,-52.16436137,1,10020
Experiment_1,30,0,hue vs saturation,tanned,7,288,0.9,1,209,25,255,53.46070508,89.40752442,-72.28249358,0,5630
Experiment_1,30,0,hue vs saturation,tanned,9,3,0.51,1,255,131,124,68.71346216,46.38481785,25.59242148,0,15564
Experiment_1,30,0,hue vs saturation,fair,3,243,0.66,1,95,86,255,47.37662231,51.80340762,-82.76145602,1,10842
Experiment_1,30,0,hue vs saturation,fair,2,7,0.62,1,255,115,96,65.25204491,52.00441635,36.58613449,0,19485
Experiment_1,30,0,hue vs saturation,tanned,10,316,0.78,1,255,56,201,60.16364473,83.76072433,-30.73296006,0,6711
Experiment_1,30,0,hue vs saturation,fair,5,304,0.4,1,255,153,248,76.56971065,51.60929489,-31.47343108,0,7769
Experiment_1,30,0,hue vs saturation,tanned,12,244,0.9,1,40,25,255,34.73454971,75.06222125,-103.7757108,1,3500
Experiment_1,31,0,hue vs brightness,tanned,9,65,1,0.38,88,96,0,38.62159572,-14.4380883,45.36576591,0,29380
Experiment_1,31,0,hue vs brightness,fair,2,112,1,0.28,9,71,0,25.45632025,-32.70128249,33.07178667,1,27223
Experiment_1,31,0,hue vs brightness,tanned,7,98,1,0.19,17,48,0,16.66573641,-21.59155442,23.53994099,1,18188
Experiment_1,31,0,hue vs brightness,tanned,11,63,1,0.18,43,45,0,17.41534654,-7.51329416,24.88552775,0,11264
Experiment_1,31,0,hue vs brightness,fair,4,176,1,0.33,0,84,78,31.55679325,-23.49725264,-2.800712189,1,10705
Experiment_1,31,0,hue vs brightness,tanned,10,53,1,0.7,178,157,0,64.62694915,-5.527162422,67.97834965,0,5148
Experiment_1,31,0,hue vs brightness,tanned,8,144,1,0.43,0,109,43,39.76796272,-42.35289911,29.0124689,1,7899
Experiment_1,31,0,hue vs brightness,fair,1,192,1,0.41,0,83,104,32.22662218,-13.40683178,-18.24817298,1,8399
Experiment_1,31,0,hue vs brightness,fair,3,165,1,0.49,0,124,93,45.91454275,-37.4384216,8.757091852,1,17097
Experiment_1,31,0,hue vs brightness,fair,6,156,1,0.59,0,150,90,54.60668273,-48.37382262,22.36871215,1,24292
Experiment_1,31,0,hue vs brightness,fair,5,170,1,0.58,0,147,123,54.34124157,-39.08092043,3.379908399,1,22488
Experiment_1,31,0,hue vs brightness,tanned,12,203,1,0.25,0,39,63,14.45634176,-2.529889378,-18.94834376,1,8592
Experiment_1,31,0,hue vs saturation,tanned,12,203,1,0.25,0,39,63,14.45634176,-2.529889378,-18.94834376,1,7474
Experiment_1,31,0,hue vs saturation,tanned,7,25,0.9,1,255,121,25,65.7525046,46.48862507,68.70269067,0,25776
Experiment_1,31,0,hue vs saturation,fair,5,228,0.51,1,124,150,255,64.41739527,19.33693711,-55.15382127,1,11760
Experiment_1,31,0,hue vs saturation,tanned,8,34,0.77,1,255,169,58,76.03329237,22.9489752,66.4391641,0,23373
Experiment_1,31,0,hue vs saturation,fair,6,249,0.39,1,170,155,255,68.9021994,27.59567526,-47.84981434,1,9007
Experiment_1,31,0,hue vs saturation,fair,1,224,0.45,1,140,170,255,70.55600988,11.46323703,-45.39670505,1,9575
Experiment_1,31,0,hue vs saturation,fair,3,132,0.55,1,114,255,142,90.34480794,-61.3699956,42.59660573,1,20055
Experiment_1,31,0,hue vs saturation,tanned,10,42,0.99,1,255,179,2,78.17196836,16.64611575,80.89061449,0,11360
Experiment_1,31,0,hue vs saturation,tanned,11,304,0.4,1,255,153,248,76.56971065,51.60929489,-31.47343108,0,7520
Experiment_1,31,0,hue vs saturation,fair,2,231,0.35,1,165,179,255,74.48275306,12.77183989,-39.14348701,1,10641
Experiment_1,31,0,hue vs saturation,fair,4,231,0.35,1,165,179,255,74.48275306,12.77183989,-39.14348701,1,12778
Experiment_1,31,0,hue vs saturation,tanned,9,42,0.59,1,255,209,104,85.93659851,4.584022537,57.18246581,0,12225
Experiment_1,32,1,hue vs saturation,tanned,11,146,0.68,1,81,255,156,89.70572929,-65.48597379,34.74901414,1,3274
Experiment_1,32,1,hue vs saturation,fair,3,83,0.68,1,188,255,81,92.92919437,-45.46250521,72.78699096,0,5964
Experiment_1,32,1,hue vs saturation,fair,4,66,0.22,1,249,255,198,98.3276275,-11.03138583,26.64641882,0,3776
Experiment_1,32,1,hue vs saturation,tanned,8,244,0.6,1,112,102,255,52.02604942,45.25155296,-75.12062972,1,6934
Experiment_1,32,1,hue vs saturation,tanned,12,17,0.65,1,255,136,89,69.17621073,41.39935903,45.05210906,0,5360
Experiment_1,32,1,hue vs saturation,fair,6,74,0.59,1,219,255,104,94.98361958,-32.34641563,66.56723552,0,1294
Experiment_1,32,1,hue vs saturation,tanned,9,142,0.7,1,76,255,141,89.3834318,-68.77776021,41.65845049,1,1727
Experiment_1,32,1,hue vs saturation,tanned,7,96,0.46,1,184,255,137,93.24009445,-41.84316586,49.25587103,1,1084
Experiment_1,32,1,hue vs saturation,fair,1,248,0.46,1,153,137,255,63.24658453,33.52765018,-56.89313042,1,2302
Experiment_1,32,1,hue vs saturation,fair,5,134,0.87,1,33,255,84,88.20076181,-80.83941011,65.25892929,1,3267
Experiment_1,32,1,hue vs saturation,tanned,10,293,0.64,1,235,91,255,63.64286984,76.00803419,-55.72063448,0,7606
Experiment_1,32,1,hue vs saturation,fair,2,137,0.71,1,73,255,125,89.11926276,-71.63061094,48.90656727,1,4134
Experiment_1,32,1,hue vs brightness,fair,1,159,1,0.87,0,221,144,78.30199735,-62.70610154,25.41939617,1,9735
Experiment_1,32,1,hue vs brightness,tanned,7,213,1,0.67,0,76,170,34.13065164,18.69773011,-55.68803995,1,2709
Experiment_1,32,1,hue vs brightness,fair,3,37,1,0.81,206,127,0,60.15930547,23.30124812,66.40638739,0,3982
Experiment_1,32,1,hue vs brightness,fair,4,294,1,0.76,174,0,193,42.53472764,76.70821377,-54.91100343,0,2814
Experiment_1,32,1,hue vs brightness,tanned,8,293,1,0.72,162,0,183,39.74885617,73.2889168,-53.63212085,0,638
Experiment_1,32,1,hue vs brightness,tanned,9,171,1,0.47,0,119,101,44.42340607,-33.00751037,1.884937889,1,895
Experiment_1,32,1,hue vs brightness,fair,6,158,1,0.77,0,196,124,70.13042259,-57.97632283,24.83928072,1,1770
Experiment_1,32,1,hue vs brightness,tanned,11,63,1,0.62,150,158,0,62.45504894,-18.64621122,65.28789016,0,1060
Experiment_1,32,1,hue vs brightness,tanned,10,178,1,0.63,0,160,155,59.4417729,-35.48066408,-7.381221778,1,2895
Experiment_1,32,1,hue vs brightness,fair,2,175,1,0.62,0,158,144,58.47801059,-37.87908707,-2.571307248,1,1401
Experiment_1,32,1,hue vs brightness,tanned,12,98,1,0.73,68,186,0,66.78402451,-59.71633304,66.77390506,1,4259
Experiment_1,32,1,hue vs brightness,fair,5,204,1,0.75,0,114,191,46.70598674,2.423259471,-47.74093011,1,3634
Experiment_1,33,1,hue vs saturation,tanned,11,38,0.36,1,255,221,163,89.68133133,3.845002432,32.83648679,0,23061
Experiment_1,33,1,hue vs saturation,fair,6,17,0.18,1,255,222,209,90.82825256,9.385267228,10.55882282,0,9569
Experiment_1,33,1,hue vs saturation,tanned,10,25,0.47,1,255,185,135,80.57572421,19.5886753,35.30404784,0,9770
Experiment_1,33,1,hue vs saturation,fair,3,11,0.18,1,255,217,209,89.62162607,11.97351994,8.833478591,0,3966
Experiment_1,33,1,hue vs saturation,fair,5,30,0.31,1,255,215,175,88.42673655,8.35976335,24.95049306,0,6865
Experiment_1,33,1,hue vs saturation,tanned,8,4,0.23,1,255,200,196,85.27825441,18.94953453,9.488298561,0,7204
Experiment_1,33,1,hue vs saturation,tanned,9,42,0.29,1,255,232,181,92.71125402,0.407870377,27.70037209,0,6928
Experiment_1,33,1,hue vs saturation,fair,1,24,0.31,1,255,207,175,86.49453653,12.50490215,22.29662923,0,4952
Experiment_1,33,1,hue vs saturation,fair,2,21,0.19,1,255,223,206,91.00375543,8.426859288,12.37697546,0,9623
Experiment_1,33,1,hue vs saturation,fair,4,22,0.13,1,255,234,221,94.02345524,5.041551801,8.876707242,0,5590
Experiment_1,33,1,hue vs saturation,tanned,12,37,0.31,1,255,224,175,90.62748092,3.733994557,27.94964718,0,6179
Experiment_1,33,1,hue vs saturation,tanned,7,40,0.46,1,255,215,137,87.80806724,4.204771273,43.54934455,0,5922
Experiment_1,33,1,hue vs brightness,tanned,9,310,1,0.83,211,0,176,48.23920513,80.4637978,-35.43343163,0,12112
Experiment_1,33,1,hue vs brightness,tanned,8,318,1,0.72,183,0,128,40.61508678,69.45342612,-18.72728261,0,6094
Experiment_1,33,1,hue vs brightness,fair,3,42,1,0.89,226,158,0,69.91060294,15.28273309,73.99590239,0,13177
Experiment_1,33,1,hue vs brightness,tanned,12,13,1,0.46,117,25,0,25.19006633,38.65291033,36.86299312,0,11902
Experiment_1,33,1,hue vs brightness,fair,4,194,1,0.76,0,148,193,57.10470243,-16.64679195,-32.47988351,1,6073
Experiment_1,33,1,hue vs brightness,fair,6,293,1,0.86,193,0,219,47.5619095,83.65093797,-61.66607276,0,4259
Experiment_1,33,1,hue vs brightness,fair,2,178,1,0.58,0,147,142,54.88689215,-33.4600841,-6.739231279,1,9309
Experiment_1,33,1,hue vs brightness,tanned,11,337,1,0.6,153,0,58,31.98335448,56.60704434,12.88954632,0,3163
Experiment_1,33,1,hue vs brightness,fair,1,143,1,0.89,0,226,86,79.07846194,-73.69408672,54.34428343,1,5530
Experiment_1,33,1,hue vs brightness,tanned,10,59,1,0.43,109,107,0,43.89633118,-10.41384432,50.08325484,0,7244
Experiment_1,33,1,hue vs brightness,fair,5,200,1,0.83,0,141,211,55.83954045,-6.031285777,-44.61952799,1,1817
Experiment_1,33,1,hue vs brightness,tanned,7,304,1,0.53,135,0,126,31.01355048,59.8806473,-33.19443622,0,2812
Experiment_1,34,0,hue vs saturation,tanned,11,270,0.37,1,207,160,255,73.30285101,35.11913095,-40.72333097,0,33831
Experiment_1,34,0,hue vs saturation,fair,6,136,0.58,1,107,255,146,90.19310158,-62.30834976,40.42112079,1,22860
Experiment_1,34,0,hue vs saturation,fair,1,145,0.64,1,91,255,159,89.97406011,-63.27806361,33.6546765,1,29034
Experiment_1,34,0,hue vs saturation,tanned,12,249,0.38,1,172,158,255,69.7848707,26.43719335,-46.45051628,1,74293
Experiment_1,34,0,hue vs saturation,tanned,8,32,0.48,1,255,197,132,83.36784548,13.043054,40.43828875,0,20562
Experiment_1,34,0,hue vs saturation,fair,5,229,0.44,1,142,163,255,68.87074015,15.92805493,-48.03695359,1,13125
Experiment_1,34,0,hue vs saturation,fair,3,224,0.48,1,132,165,255,68.77719031,12.4362988,-48.2258474,1,14611
Experiment_1,34,0,hue vs saturation,fair,2,277,0.48,1,208,132,255,67.37626318,50.37900725,-50.01536634,0,36562
Experiment_1,34,0,hue vs saturation,fair,4,102,0.33,1,196,255,170,94.37988301,-33.50287635,34.79194728,1,10783
Experiment_1,34,0,hue vs saturation,tanned,7,284,0.29,1,235,181,255,80.69980953,32.20452925,-29.07295083,0,7581
Experiment_1,34,0,hue vs saturation,tanned,9,53,0.3,1,255,246,178,96.15660741,-6.998790638,33.86909043,0,11495
Experiment_1,34,0,hue vs saturation,tanned,10,328,0.46,1,255,137,200,71.77260508,52.0388103,-12.46397584,0,13647
Experiment_1,34,0,hue vs brightness,fair,5,311,1,0.38,96,0,79,20.24822516,45.41137343,-20.05710611,0,26416
Experiment_1,34,0,hue vs brightness,fair,1,336,1,0.61,155,0,62,32.51653051,57.34681835,11.03415742,0,28614
Experiment_1,34,0,hue vs brightness,fair,3,219,1,0.22,0,19,56,6.78614873,9.362277757,-26.28096284,1,9611
Experiment_1,34,0,hue vs brightness,tanned,11,56,1,0.27,68,64,0,26.4356273,-5.900577788,35.24163249,0,8678
Experiment_1,34,0,hue vs brightness,tanned,8,329,1,0.31,79,0,40,14.48742067,36.62021655,-1.641513212,0,16389
Experiment_1,34,0,hue vs brightness,tanned,12,177,1,0.31,0,79,75,29.66327824,-21.95566788,-3.688385368,1,7586
Experiment_1,34,0,hue vs brightness,tanned,7,278,1,0.35,56,0,89,12.99704111,40.30777597,-38.93332931,0,15779
Experiment_1,34,0,hue vs brightness,tanned,9,350,1,0.25,63,0,10,9.630378924,29.93042137,11.10534847,0,6497
Experiment_1,34,0,hue vs brightness,fair,6,177,1,0.49,0,124,118,46.60936611,-30.1252604,-5.021818638,1,8212
Experiment_1,34,0,hue vs brightness,tanned,10,269,1,0.34,41,0,86,10.13234445,37.90214507,-41.70275332,1,17548
Experiment_1,34,0,hue vs brightness,fair,2,182,1,0.17,0,41,43,14.17540358,-12.71024019,-5.27300621,1,8381
Experiment_1,34,0,hue vs brightness,fair,4,250,1,0.46,19,0,117,12.10861315,44.86222143,-59.06385834,1,9518
Experiment_1,35,0,hue vs saturation,tanned,11,332,0.72,1,255,71,157,60.06971467,74.60467097,-5.493933923,0,23005
Experiment_1,35,0,hue vs saturation,fair,1,332,0.72,1,255,71,157,60.06971467,74.60467097,-5.493933923,0,23005
Experiment_1,35,0,hue vs saturation,tanned,12,346,0.59,1,255,104,139,64.18091175,60.29567533,10.87786609,0,6943
Experiment_1,35,0,hue vs saturation,tanned,7,52,0.62,1,255,233,96,91.85614606,-8.071651089,67.26163095,0,10763
Experiment_1,35,0,hue vs saturation,fair,4,215,0.63,1,94,161,255,65.81822615,7.114756645,-53.02498746,1,4434
Experiment_1,35,0,hue vs saturation,tanned,8,335,0.42,1,255,147,192,73.50217352,45.94550267,-5.457990715,0,5273
Experiment_1,35,0,hue vs saturation,fair,3,49,0.66,1,255,224,86,89.50678715,-4.152112192,68.86587509,0,7281
Experiment_1,35,0,hue vs saturation,fair,6,186,0.64,1,91,238,255,87.2869965,-33.81715587,-19.7904201,1,13215
Experiment_1,35,0,hue vs saturation,fair,2,340,0.48,1,255,132,173,70.02127012,50.94951322,0.001913057,0,10239
Experiment_1,35,0,hue vs saturation,tanned,9,273,0.17,1,235,211,255,87.71319148,16.23778518,-18.4121759,0,4965
Experiment_1,35,0,hue vs saturation,fair,5,16,0.46,1,255,168,137,76.72224291,28.6757106,29.18392111,0,7031
Experiment_1,35,0,hue vs saturation,tanned,10,344,0.26,1,255,188,206,82.7443782,26.69195204,0.484744245,0,9551
Experiment_1,35,0,hue vs brightness,tanned,12,263,1,0.09,8,0,22,0.989568334,5.769075561,-9.268737493,1,9043
Experiment_1,35,0,hue vs brightness,tanned,7,294,1,0.23,52,0,58,9.284171136,33.07559468,-23.376462,0,8915
Experiment_1,35,0,hue vs brightness,tanned,11,178,1,0.24,0,61,59,22.49029806,-18.04307789,-3.861138657,1,8276
Experiment_1,35,0,hue vs brightness,fair,2,269,1,0.25,30,0,63,5.735006996,29.82437729,-32.92990451,1,4096
Experiment_1,35,0,hue vs brightness,fair,3,319,1,0.24,61,0,41,10.19992256,32.20689594,-9.28202272,0,5871
Experiment_1,35,0,hue vs brightness,tanned,9,48,1,0.19,48,38,0,15.56370246,-0.0659747,22.71340382,0,9025
Experiment_1,35,0,hue vs brightness,fair,5,173,1,0.23,0,58,51,21.07587551,-19.27228003,-0.569039818,1,3954
Experiment_1,35,0,hue vs brightness,tanned,8,174,1,0.27,0,68,61,25.17164916,-21.05574392,-1.224077511,1,4593
Experiment_1,35,0,hue vs brightness,fair,4,315,1,0.34,86,0,65,17.27366854,41.28999027,-15.21255286,0,5640
Experiment_1,35,0,hue vs brightness,fair,6,171,1,0.22,0,56,47,20.17789312,-19.59471547,0.827804693,1,12113
Experiment_1,35,0,hue vs brightness,tanned,10,186,1,0.22,0,50,56,18.21773652,-12.88584505,-8.251623917,1,15662
Experiment_1,35,0,hue vs brightness,fair,1,204,1,0.51,0,78,130,31.94420855,0.43917622,-34.92040618,1,14501
Experiment_1,36,,hue vs saturation,tanned,8,23,0.91,1,255,111,22,63.90650814,51.15720977,68.17676072,0,29686
Experiment_1,36,,hue vs saturation,fair,1,215,0.74,1,66,144,255,60.18101916,13.08433337,-62.06924374,1,15050
Experiment_1,36,,hue vs saturation,tanned,11,0,0.99,1,255,2,2,53.284729,79.98574558,66.73105564,0,9917
Experiment_1,36,,hue vs saturation,fair,5,210,0.89,1,28,141,255,58.52421802,11.68038391,-64.7736652,1,12364
Experiment_1,36,,hue vs saturation,fair,6,324,0.46,1,255,137,208,72.03113732,53.18434301,-16.50801278,0,18313
Experiment_1,36,,hue vs saturation,tanned,9,226,0.81,1,48,96,255,47.2541641,40.95744065,-83.05305959,1,7228
Experiment_1,36,,hue vs saturation,fair,4,138,0.98,1,5,255,80,88.03182425,-82.44275426,66.53915089,1,6162
Experiment_1,36,,hue vs saturation,tanned,7,277,0.87,1,169,33,255,47.93422521,82.65364134,-81.5452994,0,9871
Experiment_1,36,,hue vs saturation,fair,3,340,0.85,1,255,38,110,55.85880505,79.23164844,16.23847965,0,9176
Experiment_1,36,,hue vs saturation,tanned,12,24,0.76,1,255,138,61,69.30817304,39.04578639,58.70542184,0,5106
Experiment_1,36,,hue vs saturation,tanned,10,234,0.7,1,76,94,255,47.95862662,44.81719336,-81.85332179,1,18605
Experiment_1,36,,hue vs saturation,fair,2,2,0.87,1,255,40,33,54.95615496,75.81680976,57.97775769,0,16603
Experiment_1,36,,hue vs brightness,tanned,10,286,1,0.6,117,0,153,29.6179469,61.55230492,-52.38237351,0,6186
Experiment_1,36,,hue vs brightness,tanned,11,34,1,0.9,229,130,0,63.85470634,31.41421247,70.24898786,0,10960
Experiment_1,36,,hue vs brightness,tanned,7,315,1,0.51,130,0,97,28.40348553,54.92341826,-18.77693931,0,5869
Experiment_1,36,,hue vs brightness,fair,4,158,1,0.41,0,104,66,38.36495709,-35.98180816,14.27227685,1,6156
Experiment_1,36,,hue vs brightness,fair,1,231,1,0.41,0,15,104,11.56011114,33.19161599,-51.50438467,1,8214
Experiment_1,36,,hue vs brightness,tanned,9,186,1,0.78,0,179,198,66.76174465,-30.8588638,-20.40508454,1,6479
Experiment_1,36,,hue vs brightness,fair,5,150,1,0.88,0,224,112,78.74146753,-69.53101324,42.05615837,1,8339
Experiment_1,36,,hue vs brightness,fair,6,325,1,0.49,124,0,72,26.01904824,50.77696186,-5.912886628,0,5459
Experiment_1,36,,hue vs brightness,tanned,12,351,1,0.57,145,0,21,29.59811082,52.97528606,33.38862747,0,10782
Experiment_1,36,,hue vs brightness,fair,2,178,1,0.42,0,107,103,40.40142374,-26.70595045,-5.227316917,1,12339
Experiment_1,36,,hue vs brightness,fair,3,213,1,0.38,0,43,96,18.24239931,9.981529383,-35.24176779,1,18253
Experiment_1,36,,hue vs brightness,tanned,8,58,1,0.24,61,59,0,24.06434816,-6.528284944,32.7453526,0,6502
Experiment_1,37,1,hue vs saturation,tanned,12,165,0.72,1,71,255,209,90.5343121,-55.93009771,8.918416193,1,7869
Experiment_1,37,1,hue vs saturation,tanned,8,17,0.45,1,255,172,140,77.67293837,26.87873417,28.84631459,0,5523
Experiment_1,37,1,hue vs saturation,fair,2,61,0.09,1,254,255,232,99.38465826,-4.189198899,10.87176341,0,3746
Experiment_1,37,1,hue vs saturation,fair,5,21,0.63,1,255,150,94,72.14878205,34.58990016,45.99275381,0,6705
Experiment_1,37,1,hue vs saturation,fair,6,37,0.45,1,255,211,140,86.87016004,6.547863834,40.85395328,0,7249
Experiment_1,37,1,hue vs saturation,tanned,7,244,0.54,1,126,117,255,56.46448289,39.12966133,-67.88179468,1,9073
Experiment_1,37,1,hue vs saturation,tanned,10,85,0.31,1,222,255,175,96.05677532,-23.81252232,34.81646874,0,6231
Experiment_1,37,1,hue vs saturation,tanned,11,148,0.62,1,96,255,170,90.27974908,-60.3742565,28.57766609,1,6937
Experiment_1,37,1,hue vs saturation,fair,1,167,0.26,1,188,255,240,95.37218131,-23.78015265,0.432923722,1,7012
Experiment_1,37,1,hue vs saturation,tanned,9,253,0.36,1,183,163,255,71.88067391,26.64118832,-43.10111678,1,4256
Experiment_1,37,1,hue vs saturation,fair,4,68,0.32,1,244,255,173,97.53932588,-16.10938384,38.0499558,0,5753
Experiment_1,37,1,hue vs saturation,fair,3,13,0.24,1,255,207,193,86.86717154,14.87371223,13.33813767,0,12440
Experiment_1,37,1,hue vs brightness,tanned,12,70,1,0.72,153,183,0,69.92244905,-29.65701555,70.95381779,0,15310
Experiment_1,37,1,hue vs brightness,tanned,10,60,1,0.85,216,216,0,83.81489741,-19.01744844,83.35606962,0,6668
Experiment_1,37,1,hue vs brightness,fair,4,67,1,0.92,207,234,0,88.02200786,-31.32338685,86.16671118,0,3413
Experiment_1,37,1,hue vs brightness,fair,1,304,1,0.86,219,0,204,51.1746656,85.49937202,-47.01354529,0,4240
Experiment_1,37,1,hue vs brightness,fair,6,311,1,0.54,137,0,112,30.61221952,58.28378295,-24.91765099,0,5066
Experiment_1,37,1,hue vs brightness,tanned,7,145,1,0.39,0,99,41,36.14509449,-39.15483674,25.74412385,1,4555
Experiment_1,37,1,hue vs brightness,tanned,8,165,1,0.52,0,132,99,48.76432798,-39.21781037,9.272085951,1,4229
Experiment_1,37,1,hue vs brightness,fair,5,54,1,0.71,181,162,0,66.26271444,-6.830783132,69.27653931,0,6261
Experiment_1,37,1,hue vs brightness,tanned,9,75,1,0.76,145,193,0,72.33509174,-37.51973091,72.55286172,0,35296
Experiment_1,37,1,hue vs brightness,fair,3,58,1,0.81,206,199,0,78.44345486,-14.87059518,79.06991034,0,3571
Experiment_1,37,1,hue vs brightness,tanned,11,63,1,0.81,196,206,0,79.54454878,-22.60532029,79.51554369,0,13695
Experiment_1,37,1,hue vs brightness,fair,2,36,1,0.03,7,4,0,1.192380534,0.228289465,1.790173595,0,3878
Experiment_1,38,0,hue vs saturation,fair,5,109,0.87,1,73,255,33,88.46977911,-79.44825984,80.40575285,1,5568
Experiment_1,38,0,hue vs saturation,tanned,10,7,0.84,1,255,65,40,57.26375683,69.56608697,56.77663417,0,23471
Experiment_1,38,0,hue vs saturation,fair,2,330,0.56,1,255,112,183,66.72361119,61.55218572,-10.50265712,0,5059
Experiment_1,38,0,hue vs saturation,tanned,9,190,0.96,1,10,214,255,79.25830897,-29.08909717,-32.13795418,1,11897
Experiment_1,38,0,hue vs saturation,tanned,7,158,0.85,1,38,255,175,89.40574042,-66.67662851,24.70051378,1,6855
Experiment_1,38,0,hue vs saturation,fair,3,43,0.81,1,255,196,48,82.35360704,8.556461132,75.53419917,0,8227
Experiment_1,38,0,hue vs saturation,fair,6,141,0.71,1,73,255,137,89.27229143,-69.85455474,43.43057352,1,4088
Experiment_1,38,0,hue vs saturation,fair,4,6,0.91,1,255,46,22,55.35132562,74.37966621,62.49064633,0,3099
Experiment_1,38,0,hue vs saturation,tanned,12,20,0.84,1,255,112,40,64.16215818,51.02753468,62.62146174,0,2470
Experiment_1,38,0,hue vs saturation,tanned,8,289,0.5,1,231,127,255,69.03115508,59.02846205,-47.23009986,0,3066
Experiment_1,38,0,hue vs saturation,fair,1,337,0.48,1,255,132,179,70.18797263,51.68965061,-3.113920055,0,3746
Experiment_1,38,0,hue vs saturation,tanned,11,353,0.86,1,255,35,61,54.86467988,77.44111188,43.75199308,0,4278
Experiment_1,38,0,hue vs brightness,fair,4,0,1,0.8,204,0,0,42.51717252,67.71017131,56.81589777,0,5798
Experiment_1,38,0,hue vs brightness,tanned,10,38,1,0.75,191,121,0,56.83210867,20.03644719,63.31302807,0,9835
Experiment_1,38,0,hue vs brightness,fair,1,338,1,0.61,155,0,57,32.40044317,57.03606742,14.19038476,0,9828
Experiment_1,38,0,hue vs brightness,fair,5,4,1,0.57,145,9,0,29.94882532,51.19806024,43.35365753,0,6140
Experiment_1,38,0,hue vs brightness,tanned,7,134,1,0.59,0,150,35,53.956952,-56.33765528,47.90000052,1,9457
Experiment_1,38,0,hue vs brightness,fair,6,342,1,0.69,175,0,52,36.67192845,61.67896758,23.82527036,0,3870
Experiment_1,38,0,hue vs brightness,tanned,9,3,1,0.34,86,4,0,15.82609535,34.99669716,24.51041997,0,2745
Experiment_1,38,0,hue vs brightness,tanned,11,359,1,0.78,198,0,3,41.23572742,66.24389876,54.46755158,0,3131
Experiment_1,38,0,hue vs brightness,fair,2,148,1,0.71,0,181,84,64.71403262,-60.11506661,38.37411314,1,5026
Experiment_1,38,0,hue vs brightness,tanned,12,35,1,0.7,178,104,0,51.11223316,23.69635559,58.79532118,0,4408
Experiment_1,38,0,hue vs brightness,tanned,8,54,1,0.74,188,169,0,68.79998768,-7.384210698,71.39011888,0,5489
Experiment_1,38,0,hue vs brightness,fair,3,201,1,0.63,0,104,160,41.90502535,-3.765990872,-37.25007723,1,6317
Experiment_1,39,0,hue vs saturation,fair,5,61,0.79,1,251,255,53,96.9372015,-22.33709646,86.67608291,0,46567
Experiment_1,39,0,hue vs saturation,tanned,9,50,0.76,1,255,222,61,88.84656037,-4.287538255,77.30985983,0,5799
Experiment_1,39,0,hue vs saturation,tanned,8,238,0.79,1,53,60,255,39.92961067,61.83726284,-95.11988595,1,19388
Experiment_1,39,0,hue vs saturation,tanned,12,61,0.92,1,251,255,20,96.85288825,-23.02531971,92.56613205,0,19522
Experiment_1,39,0,hue vs saturation,fair,6,267,0.31,1,211,175,255,77.11840662,28.12606332,-34.77123196,1,7254
Experiment_1,39,0,hue vs saturation,tanned,11,341,0.89,1,255,28,99,55.06343753,80.21008044,21.75129308,0,6710
Experiment_1,39,0,hue vs saturation,fair,1,238,0.88,1,30,38,255,35.75658151,70.68653204,-102.0800312,1,18011
Experiment_1,39,0,hue vs saturation,fair,4,67,0.94,1,227,255,15,95.1126586,-32.78658942,90.97416271,0,11298
Experiment_1,39,0,hue vs saturation,tanned,7,344,0.69,1,255,79,125,60.18806916,69.04862391,13.37202773,0,14281
Experiment_1,39,0,hue vs saturation,fair,3,97,0.31,1,206,255,175,95.05007212,-29.39657967,33.29446096,1,22077
Experiment_1,39,0,hue vs saturation,tanned,10,213,0.74,1,66,151,255,62.09304501,8.905370038,-59.01094936,1,26061
Experiment_1,39,0,hue vs saturation,fair,2,257,0.93,1,85,17,255,37.02642433,78.41784728,-99.88130942,1,13591
Experiment_1,39,0,hue vs brightness,tanned,11,208,1,0.33,0,44,84,17.65175467,3.665050102,-28.21084407,1,14247
Experiment_1,39,0,hue vs brightness,tanned,9,23,1,0.91,232,88,0,56.22295754,53.01350552,66.05212765,0,6505
Experiment_1,39,0,hue vs brightness,fair,5,220,1,0.44,0,37,112,17.88686369,21.63679321,-46.27519484,1,21815
Experiment_1,39,0,hue vs brightness,tanned,12,314,1,0.76,193,0,148,43.47125282,73.70662131,-26.40434872,0,11268
Experiment_1,39,0,hue vs brightness,fair,4,43,1,0.98,249,179,0,77.50747091,14.07872379,80.33731997,0,11104
Experiment_1,39,0,hue vs brightness,fair,3,9,1,0.87,221,33,0,47.57212746,67.78092309,60.85795175,0,24472
Experiment_1,39,0,hue vs brightness,tanned,10,316,1,0.72,183,0,134,40.87799723,70.12444349,-22.02774862,0,18363
Experiment_1,39,0,hue vs brightness,fair,1,239,1,0.6,0,2,153,17.19470276,53.44516882,-73.32059936,1,8046
Experiment_1,39,0,hue vs brightness,fair,2,128,1,0.26,0,66,8,23.38493719,-31.90734768,27.72888366,1,18837
Experiment_1,39,0,hue vs brightness,tanned,8,353,1,0.74,188,0,22,39.15496715,63.97612432,44.78440557,0,30712
Experiment_1,39,0,hue vs brightness,tanned,7,316,1,0.42,107,0,78,22.56952024,47.62376084,-15.57672851,0,18120
Experiment_1,39,0,hue vs brightness,fair,6,176,1,0.49,0,124,116,46.54685141,-30.75634721,-3.928150931,1,17121
Experiment_1,40,1,hue vs saturation,tanned,9,42,0.46,1,255,219,137,88.79433057,2.158660433,44.7924122,0,20387
Experiment_1,40,1,hue vs saturation,tanned,7,43,0.55,1,255,215,114,87.52181376,2.239566864,54.3676761,0,3229
Experiment_1,40,1,hue vs saturation,tanned,11,34,0.47,1,255,203,135,84.85397552,10.20470523,40.80702415,0,107315
Experiment_1,40,1,hue vs saturation,tanned,8,33,0.45,1,255,203,140,84.92767331,10.68385065,38.35934942,0,15993
Experiment_1,40,1,hue vs saturation,fair,5,49,0.17,1,255,247,211,97.0180781,-3.058429585,18.28164894,0,12792
Experiment_1,40,1,hue vs saturation,tanned,10,40,0.22,1,255,236,198,94.02432656,0.635890563,20.77464082,0,2991
Experiment_1,40,1,hue vs saturation,fair,3,40,0.17,1,255,240,211,95.28011092,0.470763885,15.83689502,0,3355
Experiment_1,40,1,hue vs saturation,fair,4,60,0.13,1,255,255,221,99.22163256,-5.563423511,16.27040455,0,3437
Experiment_1,40,1,hue vs saturation,fair,6,62,0.2,1,253,255,204,98.73432203,-8.762520559,24.21528116,0,2651
Experiment_1,40,1,hue vs saturation,tanned,12,51,0.27,1,255,244,186,95.79170382,-4.997648165,29.33789649,0,2557
Experiment_1,40,1,hue vs saturation,fair,2,72,0.12,1,248,255,224,98.77225174,-7.520393586,14.03055826,0,2270
Experiment_1,40,1,hue vs saturation,fair,1,48,0.12,1,255,248,224,97.54190686,-1.597388455,12.35415853,0,4446
Experiment_1,40,1,hue vs brightness,tanned,9,59,1,0.78,198,195,0,76.70079863,-16.32019329,77.50027318,0,37060
Experiment_1,40,1,hue vs brightness,tanned,7,55,1,0.81,206,189,0,75.77184044,-9.803494691,77.1379609,0,2280
Experiment_1,40,1,hue vs brightness,fair,4,56,1,0.85,216,202,0,80.08951137,-12.06570267,80.64782347,0,8971
Experiment_1,40,1,hue vs brightness,fair,1,54,1,0.94,239,215,0,85.47949768,-8.73909341,85.43859276,0,6233
Experiment_1,40,1,hue vs brightness,tanned,10,59,1,0.89,226,223,0,86.47636186,-18.21619913,85.66173733,0,3885
Experiment_1,40,1,hue vs brightness,tanned,11,59,1,0.85,216,213,0,83.01299345,-17.54494565,82.77019362,0,3366
Experiment_1,40,1,hue vs brightness,fair,5,61,1,0.97,243,247,0,94.13085578,-22.68977616,91.86358789,0,2953
Experiment_1,40,1,hue vs brightness,fair,6,62,1,0.91,224,232,0,88.71436193,-23.3992582,87.23183652,0,1958
Experiment_1,40,1,hue vs brightness,tanned,8,54,1,0.94,239,215,0,85.47949768,-8.73909341,85.43859276,0,1748
Experiment_1,40,1,hue vs brightness,fair,3,60,1,0.95,242,242,0,92.74298071,-20.71849076,90.81197001,0,5516
Experiment_1,40,1,hue vs brightness,tanned,12,53,1,0.98,249,220,0,87.64321794,-6.991191498,87.39164043,0,2195
Experiment_1,40,1,hue vs brightness,fair,2,61,1,0.95,238,242,0,92.43406051,-22.37305621,90.44618023,0,2338
Experiment_1,41,0,hue vs saturation,fair,5,238,0.97,1,7,15,255,33.15024373,76.90815721,-106.4431127,1,9838
Experiment_1,41,0,hue vs saturation,tanned,7,15,0.84,1,255,94,40,61.14930738,58.95564667,60.07844637,0,16239
Experiment_1,41,0,hue vs saturation,fair,3,241,0.8,1,54,50,255,38.3499847,66.61561026,-97.73923923,1,19343
Experiment_1,41,0,hue vs saturation,fair,1,235,0.55,1,114,126,255,57.76947124,31.48752186,-65.82174284,1,7553
Experiment_1,41,0,hue vs saturation,fair,6,7,0.58,1,255,124,107,67.07912656,48.47006867,32.85245186,0,9527
Experiment_1,41,0,hue vs saturation,tanned,8,345,0.74,1,255,66,113,58.36654948,72.49766864,17.89566862,0,8147
Experiment_1,41,0,hue vs saturation,fair,4,15,0.76,1,255,109,61,63.78195999,53.03888113,53.1355756,0,13780
Experiment_1,41,0,hue vs saturation,tanned,9,119,0.5,1,129,255,127,90.65172002,-59.76059979,50.19913222,1,5941
Experiment_1,41,0,hue vs saturation,tanned,12,102,0.68,1,133,255,81,90.36790975,-63.32455409,69.33778751,1,9475
Experiment_1,41,0,hue vs saturation,tanned,10,260,0.49,1,171,130,255,63.21307035,41.88641905,-56.85288418,1,5231
Experiment_1,41,0,hue vs saturation,fair,2,3,0.82,1,255,56,45,56.36487489,72.29927375,53.64908355,0,10295
Experiment_1,41,0,hue vs saturation,tanned,11,332,0.47,1,255,135,191,71.11124102,51.78305523,-8.448255256,0,9048
Experiment_1,41,0,hue vs brightness,fair,6,111,1,0.6,22,153,0,55.0239331,-57.25623476,57.02424835,1,7796
Experiment_1,41,0,hue vs brightness,tanned,12,216,1,0.35,0,35,89,15.07964861,12.80948914,-35.72505824,1,3616
Experiment_1,41,0,hue vs brightness,fair,5,353,1,0.33,84,0,9,14.97809881,36.01341281,19.66300087,0,11000
Experiment_1,41,0,hue vs brightness,tanned,10,332,1,0.77,196,0,91,41.9862212,68.9306842,6.802199575,0,12034
Experiment_1,41,0,hue vs brightness,fair,2,129,1,0.35,0,89,13,32.19937317,-39.14306064,34.388677,1,21195
Experiment_1,41,0,hue vs brightness,tanned,8,269,1,0.49,60,0,124,17.53389491,48.87052993,-54.42361288,1,8571
Experiment_1,41,0,hue vs brightness,tanned,9,16,1,0.66,168,44,0,38.06797269,48.93249071,50.56994877,0,5631
Experiment_1,41,0,hue vs brightness,tanned,11,80,1,0.37,62,94,0,36.04110804,-25.34732509,42.56984048,0,7187
Experiment_1,41,0,hue vs brightness,fair,4,51,1,0.97,247,210,0,84.92870612,-2.798859401,85.3800562,0,15506
Experiment_1,41,0,hue vs brightness,fair,1,294,1,0.49,112,0,124,26.44789044,55.57043351,-39.49135201,0,10599
Experiment_1,41,0,hue vs brightness,fair,3,217,1,0.5,0,48,127,22.46554732,20.13440764,-48.35541425,1,10564
Experiment_1,41,0,hue vs brightness,tanned,7,326,1,0.33,84,0,47,15.95291437,38.60876071,-4.45055492,0,4083
Experiment_1,42,0,hue vs saturation,fair,3,63,0.71,1,245,255,73,96.58005625,-24.00509478,80.38558799,0,7249
Experiment_1,42,0,hue vs saturation,tanned,8,240,0.89,1,28,28,255,34.5947034,73.98617804,-104.0195035,1,7405
Experiment_1,42,0,hue vs saturation,tanned,10,356,0.65,1,255,89,100,61.06726687,63.51678039,29.04714737,0,5338
Experiment_1,42,0,hue vs saturation,tanned,9,2,0.78,1,255,62,56,57.06642926,70.89761363,48.77270233,0,6039
Experiment_1,42,0,hue vs saturation,tanned,11,230,0.83,1,43,78,255,43.036756,51.45577545,-89.99435977,1,3499
Experiment_1,42,0,hue vs saturation,fair,5,242,0.76,1,67,61,255,40.81724934,62.24881372,-93.62767763,1,5877
Experiment_1,42,0,hue vs saturation,tanned,7,229,0.69,1,79,111,255,52.11997915,34.89641058,-75.05734078,1,4029
Experiment_1,42,0,hue vs saturation,fair,2,221,0.76,1,61,122,255,54.16589903,25.97666969,-71.77028013,1,7183
Experiment_1,42,0,hue vs saturation,fair,1,287,0.63,1,220,94,255,62.03292213,71.45414342,-58.40770794,0,4217
Experiment_1,42,0,hue vs saturation,tanned,12,304,0.75,1,255,63,242,62.69780142,87.41436146,-49.84487129,0,2698
Experiment_1,42,0,hue vs saturation,fair,6,238,0.84,1,40,47,255,37.30612386,67.33755277,-99.49113901,1,4070
Experiment_1,42,0,hue vs saturation,fair,4,20,0.71,1,255,134,73,68.59977086,41.56041852,52.41950694,0,14187
Experiment_1,42,0,hue vs brightness,fair,1,198,1,0.8,0,142,204,55.79185738,-9.243551767,-40.75056867,1,14563
Experiment_1,42,0,hue vs brightness,tanned,9,161,1,0.61,0,155,106,56.56846837,-46.72231857,16.15785661,1,3311
Experiment_1,42,0,hue vs brightness,tanned,10,179,1,0.44,0,112,110,42.32931442,-26.87512436,-6.60074247,1,14914
Experiment_1,42,0,hue vs brightness,fair,3,152,1,0.46,0,117,62,42.8690998,-41.88440996,22.54275328,1,29533
Experiment_1,42,0,hue vs brightness,fair,4,175,1,0.5,0,127,116,47.54615355,-32.16557625,-2.454121611,1,13694
Experiment_1,42,0,hue vs brightness,fair,6,212,1,0.61,0,72,155,31.80984032,15.15950672,-50.4410354,1,4661
Experiment_1,42,0,hue vs brightness,tanned,8,11,1,0.63,160,29,0,34.70610342,51.25921799,48.03902882,0,5486
Experiment_1,42,0,hue vs brightness,tanned,12,133,1,0.35,0,89,19,32.23956022,-38.62681512,32.1308488,1,7470
Experiment_1,42,0,hue vs brightness,fair,5,169,1,0.28,0,71,58,26.19219677,-23.55097438,2.227097934,1,2667
Experiment_1,42,0,hue vs brightness,tanned,7,291,1,0.39,84,0,99,19.16423927,46.49652612,-35.34296721,0,3326
Experiment_1,42,0,hue vs brightness,tanned,11,135,1,0.4,0,102,25,37.06476885,-42.29851301,34.58728426,1,5328
Experiment_1,42,0,hue vs brightness,fair,2,194,1,0.54,0,105,137,41.07159202,-13.4133854,-24.81773691,1,4009
Experiment_1,43,1,hue vs saturation,fair,6,188,0.45,1,140,239,255,89.17165091,-25.0483065,-16.7918798,1,3002
Experiment_1,43,1,hue vs saturation,tanned,12,247,0.65,1,108,89,255,48.94927387,51.97160917,-80.14961923,1,7907
Experiment_1,43,1,hue vs saturation,fair,4,79,0.56,1,209,255,112,94.41707443,-35.46686334,62.36166771,0,6548
Experiment_1,43,1,hue vs saturation,tanned,11,155,0.49,1,130,255,202,91.92218395,-46.949099,14.70966253,1,168
Experiment_1,43,1,hue vs saturation,fair,2,231,0.55,1,114,135,255,60.00181869,26.13185523,-62.23616236,1,191
Experiment_1,43,1,hue vs saturation,fair,5,235,0.53,1,119,131,255,59.31941187,29.49545513,-63.31348965,1,144
Experiment_1,43,1,hue vs saturation,tanned,7,223,0.55,1,114,154,255,64.88996559,14.91634984,-54.43821958,1,233
Experiment_1,43,1,hue vs saturation,tanned,10,149,0.44,1,142,255,197,92.26591071,-45.03294033,17.82188728,1,146
Experiment_1,43,1,hue vs saturation,tanned,8,91,0.42,1,199,255,147,94.21336482,-35.49329529,45.88768796,1,229
Experiment_1,43,1,hue vs saturation,tanned,9,298,0.51,1,250,124,255,70.8428477,65.47377395,-44.22083574,0,194
Experiment_1,43,1,hue vs saturation,fair,1,277,0.62,1,194,96,255,59.02527152,64.80913055,-63.4089118,0,186
Experiment_1,43,1,hue vs saturation,fair,3,156,0.69,1,79,255,184,90.15702488,-60.40972266,21.24858539,1,172
Experiment_1,43,1,hue vs brightness,tanned,12,134,1,0.72,0,183,42,64.98966126,-65.4525391,56.41402159,1,162
Experiment_1,43,1,hue vs brightness,tanned,9,257,1,0.68,49,0,173,22.5493634,60.11578701,-76.51126244,1,172
Experiment_1,43,1,hue vs brightness,tanned,10,294,1,0.76,174,0,193,42.53472764,76.70821377,-54.91100343,0,133
Experiment_1,43,1,hue vs brightness,fair,5,247,1,0.75,22,0,191,23.44588984,63.91232415,-85.81142971,1,170
Experiment_1,43,1,hue vs brightness,tanned,11,182,1,0.7,0,172,178,63.93305917,-33.9196941,-13.58506854,1,140
Experiment_1,43,1,hue vs brightness,fair,3,119,1,0.65,2,165,0,58.9031479,-62.10960363,60.06584436,1,165
Experiment_1,43,1,hue vs brightness,fair,1,122,1,0.67,0,170,5,60.5695928,-63.478679,60.70443371,1,147
Experiment_1,43,1,hue vs brightness,tanned,8,234,1,0.67,0,17,170,21.21933526,53.61204049,-76.97875824,1,137
Experiment_1,43,1,hue vs brightness,fair,2,262,1,0.68,63,0,173,23.91423587,60.74956085,-74.2019381,1,215
Experiment_1,43,1,hue vs brightness,tanned,7,258,1,0.69,52,0,175,23.08496594,60.71983961,-76.81610319,1,148
Experiment_1,43,1,hue vs brightness,fair,4,232,1,0.67,0,22,170,21.85779719,51.68420003,-75.91338068,1,228
Experiment_1,43,1,hue vs brightness,fair,6,156,1,0.73,0,186,111,66.72229587,-57.05929175,27.14053904,1,141
Experiment_1,44,,hue vs saturation,fair,2,186,0.81,1,48,234,255,85.34918901,-36.77413162,-22.80015544,1,8724
Experiment_1,44,,hue vs saturation,tanned,7,249,0.4,1,168,153,255,68.26115047,28.19808484,-48.87056376,1,4183
Experiment_1,44,,hue vs saturation,fair,4,186,0.49,1,130,242,255,89.61273129,-28.68611779,-16.16850293,1,7521
Experiment_1,44,,hue vs saturation,fair,5,157,0.38,1,158,255,217,93.36306765,-36.86518845,9.196734447,1,5217
Experiment_1,44,,hue vs saturation,tanned,9,240,0.85,1,38,38,255,36.01949626,70.88772717,-101.6349937,1,5246
Experiment_1,44,,hue vs saturation,tanned,12,268,0.15,1,234,216,255,88.83931097,13.28036993,-16.72533162,1,8280
Experiment_1,44,,hue vs saturation,tanned,8,78,0.53,1,214,255,119,94.80105157,-32.99813212,59.81574352,0,12647
Experiment_1,44,,hue vs saturation,tanned,10,102,0.51,1,163,255,124,92.02557637,-50.23152374,53.57783093,1,7501
Experiment_1,44,,hue vs saturation,tanned,11,81,0.59,1,202,255,104,93.91586937,-38.71257845,65.08478272,0,7078
Experiment_1,44,,hue vs saturation,fair,1,202,0.5,1,127,208,255,80.09164536,-12.29505949,-30.64199153,1,4068
Experiment_1,44,,hue vs saturation,fair,6,122,0.57,1,109,255,114,89.85289404,-66.26479954,55.0060255,1,4036
Experiment_1,44,,hue vs saturation,fair,3,238,0.72,1,71,77,255,44.04208812,54.13530443,-88.29530245,1,7105
Experiment_1,44,,hue vs brightness,fair,6,285,1,0.11,21,0,28,2.197436926,11.78288652,-12.09801465,0,13046
Experiment_1,44,,hue vs brightness,tanned,10,334,1,0.19,48,0,20,6.132315355,25.54632759,0.246478104,0,13421
Experiment_1,44,,hue vs brightness,tanned,7,194,1,0.34,0,66,86,25.46770554,-10.39127142,-17.19295736,1,5621
Experiment_1,44,,hue vs brightness,tanned,8,146,1,0.1,0,25,11,6.498494479,-11.29600036,4.997112366,1,4847
Experiment_1,44,,hue vs brightness,tanned,9,212,1,0.15,0,17,38,4.885348691,1.484938201,-15.94891814,1,4494
Experiment_1,44,,hue vs brightness,fair,4,204,1,0.54,0,82,137,33.64895885,0.765629265,-36.51167532,1,8122
Experiment_1,44,,hue vs brightness,fair,1,348,1,0.6,153,0,30,31.49998521,55.30306143,30.49107697,0,5752
Experiment_1,44,,hue vs brightness,tanned,11,72,1,0.62,126,158,0,60.68384139,-29.07528949,63.17671554,0,5223
Experiment_1,44,,hue vs brightness,fair,2,130,1,0.09,0,22,3,5.242644954,-10.17138487,6.433142068,1,8354
Experiment_1,44,,hue vs brightness,fair,5,184,1,0.73,0,173,186,64.50943665,-31.84557903,-17.17258654,1,3826
Experiment_1,44,,hue vs brightness,tanned,12,111,1,0.27,10,68,0,24.31798597,-31.45643409,31.98812804,1,4930
Experiment_1,44,,hue vs brightness,fair,3,163,1,0.34,0,86,62,31.8145974,-29.36608176,7.674300683,1,4573
Experiment_1,45,1,hue vs brightness,fair,3,202,1,0.49,0,79,124,31.91412186,-2.750628768,-31.24896364,1,18716
Experiment_1,45,1,hue vs brightness,tanned,8,4,1,0.04,10,0,0,0.582892853,2.615173183,0.921197191,0,27796
Experiment_1,45,1,hue vs brightness,tanned,10,225,1,0.35,0,22,89,11.24108296,22.66222772,-42.02061152,1,5472
Experiment_1,45,1,hue vs brightness,fair,2,130,1,0.27,0,68,11,24.18836129,-32.31339517,27.30745264,1,4771
Experiment_1,45,1,hue vs brightness,fair,4,323,1,0.77,196,0,121,42.93786841,71.42932851,-10.61193598,0,3963
Experiment_1,45,1,hue vs brightness,fair,6,358,1,0.69,175,0,5,36.2236996,60.46100175,48.55730072,0,9761
Experiment_1,45,1,hue vs brightness,tanned,7,266,1,0.82,90,0,209,31.29401004,70.63328052,-83.15344414,1,11009
Experiment_1,45,1,hue vs brightness,fair,5,3,1,0.94,239,11,0,50.20411297,75.44801674,64.10110181,0,11047
Experiment_1,45,1,hue vs brightness,fair,1,60,1,0.82,209,209,0,81.37739934,-18.55303887,81.32049914,0,13639
Experiment_1,45,1,hue vs brightness,tanned,9,233,1,0.46,0,13,117,13.0599,38.75539993,-57.49865513,1,5124
Experiment_1,45,1,hue vs brightness,tanned,12,359,1,0.92,234,0,3,48.88272215,75.08857303,62.13039745,0,5030
Experiment_1,45,1,hue vs brightness,tanned,11,60,1,0.69,175,175,0,69.3081906,-16.25352687,71.24142447,0,4018
Experiment_1,45,1,hue vs saturation,fair,4,61,0.77,1,251,255,58,96.95696067,-22.17626964,85.38827134,0,11893
Experiment_1,45,1,hue vs saturation,fair,2,261,0.73,1,134,68,255,47.52408569,66.42734511,-82.38693958,1,4884
Experiment_1,45,1,hue vs saturation,tanned,12,108,0.75,1,102,255,63,89.25400246,-72.43031609,73.98742766,1,26166
Experiment_1,45,1,hue vs saturation,fair,6,358,0.9,1,255,25,33,54.09597361,78.28307248,57.31543745,0,6392
Experiment_1,45,1,hue vs saturation,tanned,7,106,0.68,1,122,255,81,89.97605523,-66.3140528,68.80746055,1,7103
Experiment_1,45,1,hue vs saturation,tanned,8,268,0.66,1,165,86,255,53.89402955,63.46900071,-71.85957227,1,5660
Experiment_1,45,1,hue vs saturation,fair,1,8,0.84,1,255,69,40,57.72195025,68.29190791,57.16742994,0,7929
Experiment_1,45,1,hue vs saturation,fair,3,233,0.89,1,28,54,255,38.0305972,63.7495934,-98.29708136,1,15008
Experiment_1,45,1,hue vs saturation,fair,5,252,0.72,1,108,71,255,45.51703601,61.43167351,-85.77509539,1,4002
Experiment_1,45,1,hue vs saturation,tanned,9,169,0.87,1,33,255,214,90.18260415,-58.0655739,5.767251224,1,7804
Experiment_1,45,1,hue vs saturation,tanned,11,63,0.81,1,244,255,48,96.3962477,-25.31805011,87.21170388,0,5366
Experiment_1,45,1,hue vs saturation,tanned,10,253,0.8,1,95,50,255,41.11119105,69.46466841,-93.07849375,1,2508
Experiment_1,46,0,hue vs saturation,tanned,10,177,0.5,1,127,255,248,92.93089991,-37.17071673,-7.594606548,1,10992
Experiment_1,46,0,hue vs saturation,tanned,9,16,0.58,1,255,146,107,71.47297628,37.51816122,38.40765927,0,17433
Experiment_1,46,0,hue vs saturation,fair,3,355,0.88,1,255,30,49,54.45965788,77.91277555,49.84290539,0,7455
Experiment_1,46,0,hue vs saturation,fair,2,239,0.69,1,79,81,255,45.3135734,52.69594153,-86.1865721,1,3605
Experiment_1,46,0,hue vs saturation,fair,6,71,0.7,1,222,255,76,94.98017799,-32.95693908,77.27947967,0,5612
Experiment_1,46,0,hue vs saturation,fair,4,46,0.67,1,255,215,84,87.24198712,0.29116072,67.31660704,0,8583
Experiment_1,46,0,hue vs saturation,fair,1,264,0.9,1,117,25,255,40.73071359,78.93426809,-93.63974897,1,7491
Experiment_1,46,0,hue vs saturation,tanned,7,344,0.86,1,255,35,94,55.34958617,78.84173315,25.11980049,0,5085
Experiment_1,46,0,hue vs saturation,tanned,12,85,0.9,1,159,255,25,91.21669459,-57.88616963,85.09507744,0,5342
Experiment_1,46,0,hue vs saturation,fair,5,105,0.89,1,84,255,28,88.68025256,-77.68580836,81.51139917,1,10018
Experiment_1,46,0,hue vs saturation,tanned,8,110,0.96,1,50,255,10,88.07438806,-83.08626108,82.83524302,1,7507
Experiment_1,46,0,hue vs saturation,tanned,11,3,0.96,1,255,22,10,53.87359969,78.3901546,65.07214756,0,7773
Experiment_1,46,0,hue vs brightness,tanned,10,334,1,0.04,10,0,4,0.662074158,3.171584877,-0.592912467,0,4119
Experiment_1,46,0,hue vs brightness,tanned,9,53,1,0.89,226,200,0,80.44730996,-6.734382602,81.30847119,0,6060
Experiment_1,46,0,hue vs brightness,tanned,7,340,1,0.48,122,0,40,24.61033898,47.75074745,14.00002753,0,3877
Experiment_1,46,0,hue vs brightness,tanned,11,355,1,0.75,191,0,15,39.76655573,64.61851869,48.63923368,0,3311
Experiment_1,46,0,hue vs brightness,fair,5,174,1,0.57,0,145,130,53.88081397,-36.18324441,-1.31571425,1,6205
Experiment_1,46,0,hue vs brightness,fair,1,37,1,0.93,237,146,0,68.43301057,26.35029088,73.66538172,0,8642
Experiment_1,46,0,hue vs brightness,fair,2,252,1,0.15,7,0,38,1.672097658,10.7133342,-20.91370566,1,2970
Experiment_1,46,0,hue vs brightness,fair,3,75,1,0.24,45,61,0,23.32249747,-15.97865068,31.53054751,0,4437
Experiment_1,46,0,hue vs brightness,tanned,8,14,1,0.33,84,19,0,17.22884584,29.06651922,26.14722384,0,6262
Experiment_1,46,0,hue vs brightness,fair,4,352,1,0.22,56,0,7,7.73302153,27.66853749,9.352496648,0,4589
Experiment_1,46,0,hue vs brightness,fair,6,199,1,0.19,0,33,48,11.28326623,-5.28372612,-13.30365632,1,3750
Experiment_1,46,0,hue vs brightness,tanned,12,34,1,0.15,38,21,0,8.55397458,6.136651742,12.93460877,0,6155
Experiment_1,47,0,hue vs saturation,tanned,12,19,0.95,1,255,89,12,60.27640847,60.56990068,68.10023296,0,24973
Experiment_1,47,0,hue vs saturation,fair,6,314,0.88,1,255,30,202,58.46438689,88.92604545,-33.9467029,0,20542
Experiment_1,47,0,hue vs saturation,tanned,7,14,0.51,1,255,155,124,73.64789241,34.24345622,32.10524481,0,6449
Experiment_1,47,0,hue vs saturation,fair,5,236,0.4,1,153,159,255,68.59784062,20.92384081,-48.41648279,1,26977
Experiment_1,47,0,hue vs saturation,tanned,8,33,0.74,1,255,170,66,76.31583574,22.74037882,63.54318421,0,11507
Experiment_1,47,0,hue vs saturation,fair,4,46,0.48,1,255,226,132,90.46807964,-1.855596699,49.32152124,0,15652
Experiment_1,47,0,hue vs saturation,tanned,11,301,0.93,1,255,17,251,60.45006681,96.64118216,-58.41767923,0,37720
Experiment_1,47,0,hue vs saturation,fair,2,210,0.28,1,183,219,255,85.98159846,-3.832946101,-21.39114176,1,10022
Experiment_1,47,0,hue vs saturation,tanned,9,2,0.97,1,255,15,7,53.61824155,79.08717583,65.64991396,0,6717
Experiment_1,47,0,hue vs saturation,fair,1,354,0.87,1,255,33,55,54.68244506,77.59796324,46.86308865,0,9552
Experiment_1,47,0,hue vs saturation,fair,3,232,0.82,1,45,73,255,42.06639276,54.43491236,-91.59417396,1,5003
Experiment_1,47,0,hue vs saturation,tanned,10,76,0.78,1,201,255,56,93.5472832,-41.9354231,81.59119936,0,9018
Experiment_1,47,0,hue vs brightness,fair,3,240,1,0.3,0,0,76,4.713402604,30.43054447,-43.90630105,1,13334
Experiment_1,47,0,hue vs brightness,tanned,7,75,1,0.37,70,94,0,36.56971774,-21.82590381,43.20494834,0,4898
Experiment_1,47,0,hue vs brightness,fair,5,307,1,0.79,201,0,177,46.43436578,78.80588008,-38.99439868,0,3383
Experiment_1,47,0,hue vs brightness,fair,4,197,1,0.44,0,80,112,31.59464742,-8.376278447,-24.25958114,1,2775
Experiment_1,47,0,hue vs brightness,tanned,11,328,1,0.41,104,0,55,20.90003495,44.34773792,-2.298020033,0,4038
Experiment_1,47,0,hue vs brightness,tanned,10,19,1,0.56,142,45,0,33.19486534,39.43721502,45.29122347,0,4153
Experiment_1,47,0,hue vs brightness,tanned,9,130,1,0.69,0,175,29,62.29487828,-64.0033886,57.72673634,1,4198
Experiment_1,47,0,hue vs brightness,fair,1,278,1,0.23,37,0,58,6.312232178,29.98191256,-28.33314044,0,5107
Experiment_1,47,0,hue vs brightness,fair,6,232,1,0.72,0,24,183,23.9085965,54.80732317,-80.29748434,1,37359
Experiment_1,47,0,hue vs brightness,tanned,12,11,1,0.42,107,19,0,22.27234474,37.34351919,33.23152557,0,5023
Experiment_1,47,0,hue vs brightness,tanned,8,340,1,0.82,209,0,69,44.21138441,70.64134084,24.12547539,0,33108
Experiment_1,47,0,hue vs brightness,fair,2,269,1,0.32,39,0,81,9.201401023,36.45249972,-39.82530672,1,4015
Experiment_1,48,0,hue vs brightness,fair,1,195,1,0.8,0,153,204,59.10562522,-15.39156315,-35.55373265,1,57162
Experiment_1,48,0,hue vs brightness,tanned,9,309,1,0.81,206,0,175,47.25785238,79.43681829,-36.45161612,0,18706
Experiment_1,48,0,hue vs brightness,tanned,12,345,1,0.83,211,0,52,44.37146005,70.4136808,34.83205869,0,7222
Experiment_1,48,0,hue vs brightness,tanned,8,9,1,0.91,232,34,0,49.85780384,70.5460984,63.09363554,0,12884
Experiment_1,48,0,hue vs brightness,tanned,11,239,1,0.5,0,2,127,13.08157395,46.40115821,-63.88836966,1,5100
Experiment_1,48,0,hue vs brightness,tanned,10,174,1,0.38,0,96,87,36.08779189,-26.50701595,-1.772053235,1,8163
Experiment_1,48,0,hue vs brightness,fair,4,317,1,0.67,170,0,122,37.75468292,66.14139754,-19.61674932,0,4760
Experiment_1,48,0,hue vs brightness,tanned,7,224,1,0.81,0,55,206,32.23247975,46.41652121,-80.00427249,1,5418
Experiment_1,48,0,hue vs brightness,fair,2,176,1,0.3,0,76,71,28.442826,-21.77585188,-2.920583282,1,20287
Experiment_1,48,0,hue vs brightness,fair,6,274,1,0.51,73,0,130,20.15637634,51.48632056,-53.84681915,0,7918
Experiment_1,48,0,hue vs brightness,fair,5,68,1,0.72,159,183,0,70.34227865,-27.13639125,71.45492068,0,5445
Experiment_1,48,0,hue vs brightness,fair,3,135,1,0.38,0,96,24,34.86622804,-40.4327704,32.71613272,1,4323
Experiment_1,48,0,hue vs saturation,fair,5,213,0.81,1,48,141,255,58.87991766,13.04908284,-64.18309633,1,17635
Experiment_1,48,0,hue vs saturation,tanned,11,241,0.76,1,64,61,255,40.65026248,62.0346063,-93.90932866,1,4852
Experiment_1,48,0,hue vs saturation,fair,3,346,0.88,1,255,30,82,54.86339231,79.06624093,31.629049,0,5026
Experiment_1,48,0,hue vs saturation,tanned,12,6,0.94,1,255,39,15,54.80925001,75.78206411,64.30164631,0,5095
Experiment_1,48,0,hue vs saturation,fair,2,219,0.86,1,35,112,255,50.88046632,30.0926356,-77.14029958,1,3436
Experiment_1,48,0,hue vs saturation,tanned,7,112,0.87,1,62,255,33,88.28240612,-81.0824874,80.17050203,1,4642
Experiment_1,48,0,hue vs saturation,fair,1,249,0.85,1,70,38,255,37.67737819,72.18803125,-98.83062004,1,4738
Experiment_1,48,0,hue vs saturation,tanned,9,310,0.87,1,255,33,218,59.35161834,90.44285652,-41.66461059,0,4342
Experiment_1,48,0,hue vs saturation,fair,6,246,0.9,1,48,25,255,35.09036029,75.26521115,-103.1730188,1,13412
Experiment_1,48,0,hue vs saturation,fair,4,133,0.89,1,28,255,77,88.11408602,-81.7923434,67.75199474,1,3191
Experiment_1,48,0,hue vs saturation,tanned,8,10,0.9,1,255,63,25,56.9633959,69.91280583,62.53307688,0,3169
Experiment_1,48,0,hue vs saturation,tanned,10,357,0.91,1,255,22,34,53.97318245,78.67143089,56.77399662,0,3945
Experiment_1,49,0,hue vs saturation,fair,2,6,0.5,1,255,140,127,70.55849139,42.16305486,26.39849816,0,33270
Experiment_1,49,0,hue vs saturation,fair,4,228,0.36,1,163,181,255,74.85915056,11.12506485,-38.56862981,1,9021
Experiment_1,49,0,hue vs saturation,fair,1,214,0.51,1,124,181,255,72.59647253,1.61617353,-42.26532119,1,3164
Experiment_1,49,0,hue vs saturation,tanned,9,273,0.5,1,197,127,255,65.17557778,50.10873564,-53.57428046,0,6777
Experiment_1,49,0,hue vs saturation,fair,5,223,0.37,1,160,187,255,76.21280685,7.01092491,-36.48316219,1,5209
Experiment_1,49,0,hue vs saturation,tanned,7,110,0.39,1,172,255,155,92.86415601,-43.46945001,39.97742746,1,3658
Experiment_1,49,0,hue vs saturation,tanned,11,2,0.8,1,255,57,50,56.50245651,72.15420575,51.29980652,0,5611
Experiment_1,49,0,hue vs saturation,tanned,8,285,0.37,1,231,160,255,75.66888447,42.15033219,-36.86211861,0,6069
Experiment_1,49,0,hue vs saturation,tanned,10,1,0.76,1,255,64,61,57.3314691,70.45848114,46.40244365,0,6641
Experiment_1,49,0,hue vs saturation,fair,6,112,0.49,1,146,255,130,91.3439916,-54.68795793,49.79965093,1,4627
Experiment_1,49,0,hue vs saturation,tanned,12,350,0.98,1,255,5,46,53.56324521,80.35280678,50.55901165,0,4696
Experiment_1,49,0,hue vs saturation,fair,3,210,0.34,1,168,211,255,82.98429037,-3.798177347,-26.0303137,1,4454
Experiment_1,49,0,hue vs brightness,fair,1,198,1,0.83,0,148,211,57.92578714,-10.04133521,-41.32829619,1,9007
Experiment_1,49,0,hue vs brightness,fair,2,153,1,0.57,0,145,79,52.74676892,-48.76017146,25.92919844,1,8205
Experiment_1,49,0,hue vs brightness,tanned,9,127,1,0.56,0,142,16,51.13279605,-55.17429023,50.86765011,1,3481
Experiment_1,49,0,hue vs brightness,tanned,11,294,1,0.52,119,0,132,28.34796737,58.08324752,-41.40697286,0,3493
Experiment_1,49,0,hue vs brightness,fair,3,41,1,0.45,114,78,0,36.03466318,9.080029584,44.80407599,0,6716
Experiment_1,49,0,hue vs brightness,tanned,12,40,1,0.44,112,74,0,34.68583979,10.52257164,43.77748631,0,3212
Experiment_1,49,0,hue vs brightness,tanned,8,41,1,0.69,175,120,0,54.60253244,13.43547474,60.88092757,0,5593
Experiment_1,49,0,hue vs brightness,tanned,10,46,1,0.55,140,107,0,47.09344188,4.541426834,53.82812443,0,3535
Experiment_1,49,0,hue vs brightness,tanned,7,6,1,0.62,158,15,0,33.15870617,53.86261296,46.91697014,0,3659
Experiment_1,49,0,hue vs brightness,fair,6,169,1,0.41,0,104,85,38.82324346,-30.89822588,3.439432591,1,6260
Experiment_1,49,0,hue vs brightness,fair,4,181,1,0.5,0,125,127,47.23519458,-27.69558854,-9.420265481,1,4741
Experiment_1,49,0,hue vs brightness,fair,5,167,1,0.63,0,160,125,58.62306304,-44.01557527,8.381708028,1,4215
Experiment_1,50,1,hue vs saturation,fair,1,332,0.38,1,255,158,203,76.0849203,41.8890488,-7.686500911,0,29372
Experiment_1,50,1,hue vs saturation,tanned,9,225,0.62,1,96,136,255,59.26487335,22.24738188,-63.47247655,1,17001
Experiment_1,50,1,hue vs saturation,tanned,10,327,0.58,1,255,107,188,66.06372366,64.37993199,-14.32066407,0,9811
Experiment_1,50,1,hue vs saturation,tanned,12,259,0.62,1,146,96,255,53.70374516,54.79116473,-72.2628055,1,14207
Experiment_1,50,1,hue vs saturation,tanned,11,288,0.5,1,229,127,255,68.79235875,58.49811672,-47.62223417,0,31438
Experiment_1,50,1,hue vs saturation,fair,3,298,0.65,1,249,89,255,65.36104979,79.86009855,-52.86905709,0,17321
Experiment_1,50,1,hue vs saturation,fair,4,341,0.93,1,255,17,92,54.4840756,81.13053579,25.18590979,0,12245
Experiment_1,50,1,hue vs saturation,fair,5,336,0.68,1,255,81,150,61.08654366,70.51493534,0.074766449,0,12843
Experiment_1,50,1,hue vs saturation,fair,6,254,0.4,1,176,153,255,68.91939973,30.32291645,-47.78903342,1,7270
Experiment_1,50,1,hue vs saturation,tanned,8,57,0.65,1,255,246,89,95.1157856,-14.8671478,73.49396159,0,13244
Experiment_1,50,1,hue vs saturation,tanned,7,308,0.21,1,255,201,247,86.87345802,26.52162545,-15.27196906,0,6346
Experiment_1,50,1,hue vs saturation,fair,2,234,0.53,1,119,133,255,59.81367528,28.31050172,-62.52062994,1,4284
Experiment_1,50,1,hue vs brightness,tanned,11,348,1,0.7,178,0,35,37.08951163,61.7831113,35.01842951,0,21710
Experiment_1,50,1,hue vs brightness,fair,2,98,1,0.61,57,155,0,56.39937325,-51.77917705,58.41774849,1,7658
Experiment_1,50,1,hue vs brightness,tanned,7,210,1,0.78,0,99,198,42.76459764,14.81738939,-58.12011093,1,6002
Experiment_1,50,1,hue vs brightness,tanned,12,247,1,0.77,22,0,196,24.18091528,65.14525487,-87.53700892,1,9034
Experiment_1,50,1,hue vs brightness,fair,6,316,1,0.76,193,0,142,43.19766212,73.01277,-23.18109828,0,9882
Experiment_1,50,1,hue vs brightness,fair,3,321,1,0.9,229,0,149,50.48529321,80.91910251,-15.62607131,0,12528
Experiment_1,50,1,hue vs brightness,tanned,9,213,1,0.75,0,86,191,38.58096014,20.56833699,-60.84039714,1,39021
Experiment_1,50,1,hue vs brightness,fair,4,195,1,0.87,0,166,221,63.74818153,-16.3317982,-37.76560018,1,6301
Experiment_1,50,1,hue vs brightness,fair,5,209,1,0.78,0,102,198,43.62441715,12.86543842,-56.73059086,1,6503
Experiment_1,50,1,hue vs brightness,fair,1,7,1,0.87,221,25,0,47.06280917,69.23835049,60.66343471,0,8539
Experiment_1,50,1,hue vs brightness,tanned,8,344,1,0.78,198,0,53,41.63079801,67.31907474,30.34972564,0,5745
Experiment_1,50,1,hue vs brightness,tanned,10,315,1,0.7,178,0,133,39.84604056,69.01664186,-23.08891675,0,6168
Experiment_1,51,0,hue vs brightness,tanned,10,3,1,0.39,99,4,0,18.96880553,38.95110455,29.053433,0,18920
Experiment_1,51,0,hue vs brightness,tanned,11,241,1,0.18,0,0,45,1.711391675,12.02605001,-26.26403665,1,5467
Experiment_1,51,0,hue vs brightness,fair,4,163,1,0.9,0,229,164,81.1368699,-61.26883434,18.91606872,1,14117
Experiment_1,51,0,hue vs brightness,fair,1,287,1,0.33,65,0,84,14.19605353,40.51663368,-33.51111671,0,9003
Experiment_1,51,0,hue vs brightness,tanned,12,105,1,0.24,15,61,0,21.72280185,-27.72022745,29.3649859,1,4127
Experiment_1,51,0,hue vs brightness,tanned,7,23,1,0.73,186,71,0,45.55957003,43.97389665,56.16215593,0,5780
Experiment_1,51,0,hue vs brightness,tanned,8,20,1,0.47,119,39,0,27.77199093,33.45170722,39.33106162,0,4128
Experiment_1,51,0,hue vs brightness,fair,2,295,1,0.21,49,0,53,8.218092517,31.52946656,-21.49021602,0,6431
Experiment_1,51,0,hue vs brightness,fair,6,327,1,0.7,178,0,98,38.45782322,65.43619858,-3.228624626,0,5674
Experiment_1,51,0,hue vs brightness,fair,3,255,1,0.44,28,0,112,12.06856382,43.81837623,-55.86225626,1,4148
Experiment_1,51,0,hue vs brightness,tanned,9,18,1,0.26,66,19,0,13.3755668,21.67396115,20.44706969,0,4747
Experiment_1,51,0,hue vs brightness,fair,5,63,1,0.47,113,119,0,47.88535132,-15.09251901,53.16901945,0,2916
Experiment_1,51,0,hue vs saturation,fair,2,268,0.58,1,176,107,255,58.94237676,55.41431539,-63.65393993,1,8017
Experiment_1,51,0,hue vs saturation,tanned,9,39,0.82,1,255,181,45,78.75076868,16.26796217,73.33249588,0,4940
Experiment_1,51,0,hue vs saturation,fair,6,208,0.41,1,150,206,255,80.65345382,-5.846750515,-29.68447455,1,7943
Experiment_1,51,0,hue vs saturation,fair,3,305,0.34,1,255,168,247,79.602813,43.77799477,-26.28111623,0,5571
Experiment_1,51,0,hue vs saturation,fair,4,241,0.54,1,119,117,255,55.95189078,37.76697232,-68.73485149,1,2413
Experiment_1,51,0,hue vs saturation,fair,1,251,0.54,1,142,117,255,57.74483998,42.44022608,-65.75289621,1,3311
Experiment_1,51,0,hue vs saturation,tanned,10,44,0.75,1,255,203,63,84.13768219,5.457292174,72.25384705,0,6329
Experiment_1,51,0,hue vs saturation,tanned,11,14,0.79,1,255,100,53,62.19521853,56.76209408,55.34145619,0,3127
Experiment_1,51,0,hue vs saturation,fair,5,163,0.38,1,158,255,227,93.59587285,-34.77782206,4.376628565,1,7156
Experiment_1,51,0,hue vs saturation,tanned,8,323,0.57,1,255,109,199,66.76431465,64.94707833,-19.46456681,0,4030
Experiment_1,51,0,hue vs saturation,tanned,12,38,0.48,1,255,210,132,86.51352079,6.310289948,44.41010836,0,6429
Experiment_1,51,0,hue vs saturation,tanned,7,37,0.67,1,255,189,84,80.90268264,13.69293127,60.61262018,0,1963
Experiment_1,52,1,hue vs saturation,fair,2,326,0.78,1,255,56,168,58.89603155,80.05028568,-13.65396757,0,49473
Experiment_1,52,1,hue vs saturation,fair,1,199,0.75,1,63,194,255,74.10034442,-15.57830346,-40.07701609,1,10822
Experiment_1,52,1,hue vs saturation,fair,5,328,0.87,1,255,33,151,56.66593344,83.20665873,-7.026446199,0,10036
Experiment_1,52,1,hue vs saturation,tanned,10,38,0.95,1,255,166,12,75.17613464,23.51080808,77.75377935,0,9425
Experiment_1,52,1,hue vs saturation,tanned,7,275,0.7,1,180,76,255,54.12467383,70.72911808,-71.40027645,0,12503
Experiment_1,52,1,hue vs saturation,fair,3,228,0.76,1,61,99,255,48.43066536,40.2147056,-81.10819084,1,10294
Experiment_1,52,1,hue vs saturation,tanned,9,194,0.61,1,99,218,255,81.84658958,-22.84343651,-28.04088613,1,27032
Experiment_1,52,1,hue vs saturation,tanned,11,356,0.94,1,255,15,31,53.70785965,79.33702937,57.89684427,0,13722
Experiment_1,52,1,hue vs saturation,fair,4,215,0.58,1,107,168,255,68.27856371,5.447285312,-49.09911475,1,11900
Experiment_1,52,1,hue vs saturation,fair,6,227,0.65,1,89,125,255,56.09888413,27.7726566,-68.58736302,1,16298
Experiment_1,52,1,hue vs saturation,tanned,8,22,0.76,1,255,132,61,68.09384797,42.04941391,57.49563157,0,6456
Experiment_1,52,1,hue vs saturation,tanned,12,77,0.63,1,209,255,94,94.26250029,-36.85333601,69.64858995,0,7724
Experiment_1,52,1,hue vs brightness,tanned,8,304,1,0.03,7,0,7,0.546592282,2.804341693,-2.004853867,0,16458
Experiment_1,52,1,hue vs brightness,tanned,7,98,1,0.32,29,81,0,29.77803592,-31.78272829,36.98106715,1,19570
Experiment_1,52,1,hue vs brightness,tanned,10,23,1,0.66,168,64,0,41.20280242,40.47147757,52.14346102,0,9071
Experiment_1,52,1,hue vs brightness,tanned,11,150,1,0.38,0,96,48,35.16103045,-36.78612378,20.61291852,1,7830
Experiment_1,52,1,hue vs brightness,fair,3,193,1,0.56,0,111,142,43.24427902,-14.94171624,-24.43782644,1,8167
Experiment_1,52,1,hue vs brightness,tanned,12,179,1,0.04,0,10,10,2.158842108,-2.614800173,-0.921935242,1,7201
Experiment_1,52,1,hue vs brightness,fair,6,323,1,0.74,188,0,116,41.14024053,69.25805564,-10.36880147,0,13258
Experiment_1,52,1,hue vs brightness,fair,4,287,1,0.37,73,0,94,16.62445319,43.78134759,-36.23889494,0,19641
Experiment_1,52,1,hue vs brightness,tanned,9,72,1,0.26,53,66,0,25.72331,-14.83043991,34.07902309,0,11747
Experiment_1,52,1,hue vs brightness,fair,1,218,1,0.95,0,88,242,43.34546983,39.18080306,-82.23875591,1,6353
Experiment_1,52,1,hue vs brightness,fair,2,287,1,0.38,75,0,96,17.18081281,44.488317,-36.65095642,0,6610
Experiment_1,52,1,hue vs brightness,fair,5,47,1,0.73,186,145,0,62.24498037,4.582574035,66.67674826,0,7675
Experiment_1,53,0,hue vs brightness,tanned,8,80,1,0.83,141,211,0,77.43083305,-46.81559103,76.35850102,0,34596
Experiment_1,53,0,hue vs brightness,fair,6,145,1,0.36,0,91,38,33.18315942,-36.77054376,23.79838373,1,12837
Experiment_1,53,0,hue vs brightness,fair,2,315,1,0.61,155,0,116,34.45638108,62.39353988,-21.19006075,0,9002
Experiment_1,53,0,hue vs brightness,fair,1,178,1,0.55,0,140,135,52.40392105,-32.35937607,-6.387845786,1,10853
Experiment_1,53,0,hue vs brightness,fair,3,359,1,0.86,219,0,3,45.72534032,71.43651517,58.97661243,0,4764
Experiment_1,53,0,hue vs brightness,fair,4,321,1,0.26,66,0,43,11.50207091,33.69372722,-8.669425595,0,7170
Experiment_1,53,0,hue vs brightness,fair,5,191,1,0.63,0,131,160,50.41780816,-19.35536196,-23.93462686,1,5839
Experiment_1,53,0,hue vs brightness,tanned,9,29,1,0.7,178,86,0,47.13225672,33.41459086,56.35727369,0,7180
Experiment_1,53,0,hue vs brightness,tanned,7,80,1,0.74,125,188,0,69.70138791,-43.00414922,70.03823592,0,8081
Experiment_1,53,0,hue vs brightness,tanned,11,58,1,0.79,201,194,0,76.67966332,-14.51949754,77.59796797,0,7790
Experiment_1,53,0,hue vs brightness,tanned,12,165,1,0.46,0,117,87,43.37566209,-36.06456323,8.720017042,1,13734
Experiment_1,53,0,hue vs brightness,tanned,10,34,1,0.63,160,91,0,45.57353586,22.9901755,54.05498235,0,7354
Experiment_1,53,0,hue vs saturation,fair,5,224,0.65,1,89,133,255,58.14974166,22.91680413,-65.28235651,1,16187
Experiment_1,53,0,hue vs saturation,fair,2,97,0.68,1,148,255,81,90.96666075,-58.89978169,70.14676998,1,7899
Experiment_1,53,0,hue vs saturation,tanned,7,259,0.55,1,159,114,255,58.62612358,47.85492491,-64.25477734,1,10151
Experiment_1,53,0,hue vs saturation,fair,6,348,0.73,1,255,68,106,58.44752826,71.40882769,22.12231833,0,7719
Experiment_1,53,0,hue vs saturation,tanned,9,201,0.45,1,140,214,255,82.3188099,-12.47285881,-27.17843835,1,7308
Experiment_1,53,0,hue vs saturation,fair,3,36,0.42,1,255,212,147,87.21883469,6.731990225,37.75918177,0,17734
Experiment_1,53,0,hue vs saturation,fair,4,245,0.49,1,140,130,255,60.56986289,34.53894739,-61.22678899,1,6441
Experiment_1,53,0,hue vs saturation,tanned,12,56,0.52,1,255,246,122,95.40322942,-12.65190558,59.91974304,0,4205
Experiment_1,53,0,hue vs saturation,fair,1,195,0.28,1,183,237,255,90.71399369,-13.08399123,-14.26589357,1,5526
Experiment_1,53,0,hue vs saturation,tanned,10,355,0.76,1,255,61,77,57.2050788,71.97664647,37.38493283,0,17903
Experiment_1,53,0,hue vs saturation,tanned,11,328,0.63,1,255,94,180,63.80361116,68.80352713,-13.17762073,0,15464
Experiment_1,53,0,hue vs saturation,tanned,8,12,0.63,1,255,126,94,67.26942313,46.63885064,40.14561904,0,5929
Experiment_1,54,0,hue vs saturation,tanned,7,5,0.53,1,255,131,119,68.62395374,45.97099724,28.2429361,0,12739
Experiment_1,54,0,hue vs saturation,tanned,9,122,0.4,1,153,255,156,91.99473104,-49.09678397,38.18405055,1,12459
Experiment_1,54,0,hue vs saturation,fair,6,168,0.45,1,140,255,232,92.98012231,-38.12278011,0.808592425,1,10240
Experiment_1,54,0,hue vs saturation,tanned,12,77,0.66,1,207,255,86,94.07981321,-38.13523863,72.48773906,0,8080
Experiment_1,54,0,hue vs saturation,fair,3,3,0.76,1,255,70,61,58.01543966,68.55424349,47.12953709,0,13662
Experiment_1,54,0,hue vs saturation,tanned,11,108,0.52,1,148,255,122,91.33421138,-55.06160251,53.50105581,1,17690
Experiment_1,54,0,hue vs saturation,tanned,8,62,0.59,1,249,255,104,97.08912886,-20.68809991,69.47629322,0,6020
Experiment_1,54,0,hue vs saturation,fair,2,130,0.34,1,168,255,182,93.11164549,-40.55379481,26.80417703,1,3705
Experiment_1,54,0,hue vs saturation,fair,5,171,0.63,1,94,255,230,91.51087287,-47.61531933,-0.472111726,1,2815
Experiment_1,54,0,hue vs saturation,fair,1,24,0.54,1,255,172,117,77.31036842,24.81150685,40.47808414,0,3976
Experiment_1,54,0,hue vs saturation,tanned,10,258,0.43,1,178,145,255,67.22881842,35.33592938,-50.44332107,1,18880
Experiment_1,54,0,hue vs saturation,fair,4,142,0.52,1,122,255,171,91.05202255,-54.76796601,29.24646203,1,18251
Experiment_1,54,0,hue vs brightness,tanned,8,298,1,0.48,118,0,122,27.45390882,56.24311757,-36.54286555,0,5615
Experiment_1,54,0,hue vs brightness,fair,3,339,1,0.35,89,0,31,16.61543854,38.50007123,8.340167281,0,85802
Experiment_1,54,0,hue vs brightness,tanned,11,181,1,0.69,0,173,175,64.14656348,-35.32676342,-11.59083728,1,38286
Experiment_1,54,0,hue vs brightness,fair,6,318,1,0.83,211,0,148,46.95743134,77.2238032,-20.72867202,0,2149
Experiment_1,54,0,hue vs brightness,tanned,7,143,1,0.7,0,178,68,63.55566632,-61.39958472,44.58134895,1,4436
Experiment_1,54,0,hue vs brightness,fair,5,262,1,0.72,67,0,183,25.60003451,63.32829657,-77.38060603,1,117946
Experiment_1,54,0,hue vs brightness,tanned,12,146,1,0.79,0,201,87,71.1878806,-66.01714956,44.73747402,1,3702
Experiment_1,54,0,hue vs brightness,fair,4,180,1,0.58,0,147,147,55.04556847,-31.88904746,-9.377183958,1,3977
Experiment_1,54,0,hue vs brightness,fair,1,169,1,0.91,0,232,189,82.58653767,-56.46415832,7.861945855,1,3814
Experiment_1,54,0,hue vs brightness,tanned,10,306,1,0.88,224,0,201,51.90987739,85.94368942,-44.06066485,0,1871
Experiment_1,54,0,hue vs brightness,tanned,9,191,1,0.86,0,179,219,67.54227537,-23.85196017,-30.77055963,1,87949
Experiment_1,54,0,hue vs brightness,fair,2,279,1,0.86,142,0,219,39.35259414,77.1837933,-75.39550027,0,2609
Experiment_1,55,0,hue vs saturation,fair,3,188,0.7,1,76,231,255,84.94963491,-32.56233078,-23.36352462,1,8780
Experiment_1,55,0,hue vs saturation,tanned,8,152,0.7,1,76,255,171,89.85784325,-63.46120709,27.42760271,1,5138
Experiment_1,55,0,hue vs saturation,tanned,12,157,0.74,1,66,255,182,89.88517273,-62.5615102,21.85589983,1,439
Experiment_1,55,0,hue vs saturation,tanned,10,270,0.56,1,183,112,255,60.67170092,54.46090131,-60.83998194,0,3722
Experiment_1,55,0,hue vs saturation,fair,5,271,0.21,1,229,201,255,84.81823811,19.64333872,-22.83918066,0,6072
Experiment_1,55,0,hue vs saturation,fair,6,255,0.23,1,211,196,255,82.13554926,16.7346475,-27.06014843,1,3662
Experiment_1,55,0,hue vs saturation,tanned,7,184,0.31,1,175,249,255,93.48754612,-21.24685805,-10.17353386,1,8271
Experiment_1,55,0,hue vs saturation,tanned,9,231,0.17,1,211,218,255,87.58775536,5.002999162,-18.78333731,1,6035
Experiment_1,55,0,hue vs saturation,fair,1,55,0.42,1,255,246,147,95.69652592,-10.42537671,48.57113034,0,6717
Experiment_1,55,0,hue vs saturation,tanned,11,24,0.41,1,255,192,150,82.46536982,17.43555666,29.94881285,0,3270
Experiment_1,55,0,hue vs saturation,fair,2,252,0.16,1,222,214,255,87.40854291,10.53230142,-18.97342065,1,5234
Experiment_1,55,0,hue vs saturation,fair,4,227,0.23,1,196,209,255,84.25477716,5.232971794,-23.93159679,1,3484
Experiment_1,55,0,hue vs brightness,tanned,9,182,1,0.35,0,86,89,32.64985593,-20.72886069,-8.139456804,1,12686
Experiment_1,55,0,hue vs brightness,fair,2,199,1,0.8,0,139,204,54.89148927,-7.520259495,-42.17001071,1,3889
Experiment_1,55,0,hue vs brightness,fair,3,170,1,0.86,0,219,182,78.48530458,-53.11277149,5.671564283,1,7391
Experiment_1,55,0,hue vs brightness,fair,6,267,1,0.2,22,0,51,3.699789164,21.96921486,-27.51026674,1,5311
Experiment_1,55,0,hue vs brightness,tanned,11,337,1,0.26,66,0,25,10.7655222,31.77086649,3.860861468,0,2926
Experiment_1,55,0,hue vs brightness,fair,5,304,1,0.4,102,0,95,22.48239462,49.01513428,-27.17454919,0,6076
Experiment_1,55,0,hue vs brightness,tanned,12,174,1,0.24,0,61,55,22.34954649,-19.46574116,-1.389471082,1,4789
Experiment_1,55,0,hue vs brightness,tanned,8,174,1,0.27,0,68,61,25.17164916,-21.05574392,-1.224077511,1,2573
Experiment_1,55,0,hue vs brightness,fair,1,332,1,0.51,130,0,60,26.93911516,51.12957887,3.747129615,0,4880
Experiment_1,55,0,hue vs brightness,tanned,7,85,1,0.21,31,53,0,19.38103839,-18.29403491,26.96741715,0,4207
Experiment_1,55,0,hue vs brightness,fair,4,327,1,0.22,56,0,30,8.433346047,29.5495087,-3.706054597,0,5441
Experiment_1,55,0,hue vs brightness,tanned,10,281,1,0.16,27,0,40,3.488629809,19.16758999,-19.50114634,0,4218
Experiment_1,56,0,hue vs saturation,tanned,10,232,0.71,1,73,98,255,48.72517001,42.07607502,-80.60515703,1,5389
Experiment_1,56,0,hue vs saturation,tanned,11,264,0.5,1,178,127,255,63.23009078,45.27900608,-56.78568116,1,4582
Experiment_1,56,0,hue vs saturation,tanned,9,212,0.46,1,137,192,255,76.21489214,-1.485050739,-36.58470716,1,5347
Experiment_1,56,0,hue vs saturation,tanned,12,353,0.85,1,255,38,63,55.07759871,76.96235167,42.86595251,0,5570
Experiment_1,56,0,hue vs saturation,fair,6,279,0.65,1,196,89,255,58.13233952,68.38527322,-64.83019043,0,3126
Experiment_1,56,0,hue vs saturation,fair,4,298,0.32,1,252,173,255,80.62891022,41.67923853,-29.03444995,0,3236
Experiment_1,56,0,hue vs saturation,tanned,7,307,0.66,1,255,86,235,64.89404127,79.19338498,-42.49266038,0,5610
Experiment_1,56,0,hue vs saturation,fair,1,144,0.32,1,173,255,206,93.82295626,-34.82358087,15.59925388,1,2282
Experiment_1,56,0,hue vs saturation,tanned,8,271,0.58,1,183,107,255,59.71004239,57.01227591,-62.38040486,0,4268
Experiment_1,56,0,hue vs saturation,fair,2,207,0.48,1,132,199,255,77.85868989,-6.42112992,-34.06197501,1,11668
Experiment_1,56,0,hue vs saturation,fair,5,275,0.41,1,211,150,255,71.4745205,41.67232789,-43.55083423,0,4243
Experiment_1,56,0,hue vs saturation,fair,3,341,0.8,1,255,50,115,56.8594632,77.01515438,14.6362519,0,3739
Experiment_1,56,0,hue vs brightness,tanned,10,239,1,0.78,0,3,198,24.13654332,64.80223265,-88.80212143,1,2247
Experiment_1,56,0,hue vs brightness,fair,6,128,1,0.67,0,170,22,60.6112534,-62.9357522,57.91466795,1,3011
Experiment_1,56,0,hue vs brightness,fair,5,182,1,0.65,0,160,165,59.76043591,-32.35329354,-12.56327544,1,3611
Experiment_1,56,0,hue vs brightness,fair,3,207,1,0.47,0,65,119,27.05291014,4.483578922,-35.87001102,1,5374
Experiment_1,56,0,hue vs brightness,tanned,7,187,1,0.76,0,171,193,64.14153304,-28.58270966,-21.62774702,1,4550
Experiment_1,56,0,hue vs brightness,fair,2,276,1,0.65,99,0,165,27.76190017,61.76501317,-62.85061843,0,4643
Experiment_1,56,0,hue vs brightness,fair,4,122,1,0.59,0,150,5,53.83939235,-57.85993299,55.17047304,1,4585
Experiment_1,56,0,hue vs brightness,tanned,8,348,1,0.55,140,0,28,28.53607674,51.87942693,27.69835918,0,8452
Experiment_1,56,0,hue vs brightness,tanned,11,242,1,0.68,5,0,173,20.24064262,59.24941137,-80.42427454,1,2692
Experiment_1,56,0,hue vs brightness,tanned,9,274,1,0.57,82,0,145,23.12906523,55.72679807,-58.304683,0,1810
Experiment_1,56,0,hue vs brightness,fair,1,139,1,0.42,0,107,33,38.94189486,-43.04694481,33.01930096,1,2548
Experiment_1,56,0,hue vs brightness,tanned,12,130,1,0.58,0,147,24,52.8765113,-56.2200586,50.40187599,1,8211
Experiment_1,57,0,hue vs saturation,tanned,10,221,0.37,1,160,190,255,76.99322947,5.3630262,-35.27492119,1,27348
Experiment_1,57,0,hue vs saturation,fair,3,196,0.39,1,155,228,255,86.83739773,-15.99483115,-20.24417022,1,25618
Experiment_1,57,0,hue vs saturation,tanned,7,201,0.74,1,66,188,255,72.45828819,-12.04086553,-42.63394438,1,12658
Experiment_1,57,0,hue vs saturation,tanned,11,6,0.41,1,255,160,150,75.20406482,34.16050433,20.10209277,0,14941
Experiment_1,57,0,hue vs saturation,fair,2,212,0.3,1,178,214,255,84.3692667,-2.622711983,-23.86643585,1,5323
Experiment_1,57,0,hue vs saturation,fair,5,202,0.42,1,147,215,255,82.92613982,-11.31308934,-26.22091317,1,11883
Experiment_1,57,0,hue vs saturation,fair,4,352,0.46,1,255,137,153,70.49090815,46.1996705,11.87129366,0,15484
Experiment_1,57,0,hue vs saturation,tanned,12,357,0.42,1,255,147,153,72.51321347,41.1659859,14.71615699,0,5631
Experiment_1,57,0,hue vs saturation,fair,6,31,0.35,1,255,211,165,87.27330269,9.222717036,28.57793981,0,10594
Experiment_1,57,0,hue vs saturation,fair,1,192,0.43,1,145,233,255,87.73585813,-20.93877543,-18.93268189,1,9201
Experiment_1,57,0,hue vs saturation,tanned,9,265,0.38,1,198,158,255,72.01374416,33.63266782,-42.79785851,1,10340
Experiment_1,57,0,hue vs saturation,tanned,8,347,0.44,1,255,142,167,71.82293856,45.27811931,5.964219559,0,3826
Experiment_1,57,0,hue vs brightness,fair,3,172,1,0.5,0,127,110,47.37151783,-33.97477025,0.831565682,1,11295
Experiment_1,57,0,hue vs brightness,fair,4,331,1,0.55,140,0,67,29.36371168,54.09770558,2.783501739,0,7981
Experiment_1,57,0,hue vs brightness,tanned,12,353,1,0.54,137,0,16,27.72523131,50.7550739,33.85239446,0,5838
Experiment_1,57,0,hue vs brightness,tanned,9,147,1,0.37,0,94,42,34.33973822,-37.16977468,22.99007525,1,11861
Experiment_1,57,0,hue vs brightness,tanned,10,237,1,0.33,0,4,84,6.566267407,32.03014959,-46.37210471,1,13627
Experiment_1,57,0,hue vs brightness,tanned,8,191,1,0.3,0,62,76,23.56221573,-12.03712436,-13.56767584,1,4783
Experiment_1,57,0,hue vs brightness,fair,1,184,1,0.41,0,97,104,37.0202659,-21.23889946,-10.9128105,1,8221
Experiment_1,57,0,hue vs brightness,fair,2,209,1,0.39,0,51,99,21.08865289,5.460601773,-32.61568029,1,3621
Experiment_1,57,0,hue vs brightness,tanned,7,282,1,0.45,80,0,114,19.72215914,48.86183871,-44.27619062,0,4208
Experiment_1,57,0,hue vs brightness,fair,5,238,1,0.43,0,3,109,10.32857229,40.80601187,-56.84790666,1,7891
Experiment_1,57,0,hue vs brightness,fair,6,110,1,0.35,14,89,0,32.34295917,-38.10593725,38.85108271,1,7710
Experiment_1,57,0,hue vs brightness,tanned,11,3,1,0.6,153,7,0,31.63386542,53.69528099,45.38521532,0,9873
Experiment_1,58,1,hue vs brightness,fair,3,174,1,0.95,0,242,218,86.28879259,-52.9213939,-1.99844731,1,22547
Experiment_1,58,1,hue vs brightness,tanned,8,58,1,0.99,252,244,0,94.05384292,-17.53327915,92.12602237,0,3636
Experiment_1,58,1,hue vs brightness,tanned,10,243,1,0.13,1,0,33,1.050153349,7.231404458,-17.96717173,1,2938
Experiment_1,58,1,hue vs brightness,fair,4,344,1,0.41,104,0,27,20.13253917,42.30562972,16.48166404,0,4922
Experiment_1,58,1,hue vs brightness,fair,1,21,1,0.56,142,49,0,33.87311587,37.61740785,45.69812121,0,12841
Experiment_1,58,1,hue vs brightness,tanned,7,232,1,0.41,0,13,104,11.1865405,34.28960523,-52.12607053,1,9064
Experiment_1,58,1,hue vs brightness,tanned,9,307,1,0.34,86,0,76,17.91967445,42.9018974,-21.82479491,0,29369
Experiment_1,58,1,hue vs brightness,tanned,12,56,1,0.31,79,73,0,30.46600605,-5.643715075,39.00967255,0,2778
Experiment_1,58,1,hue vs brightness,tanned,11,4,1,0.8,204,13,0,42.95131356,66.45406908,56.96771952,0,1827
Experiment_1,58,1,hue vs brightness,fair,5,192,1,0.7,0,142,178,54.61657177,-18.80629243,-27.81685363,1,1260
Experiment_1,58,1,hue vs brightness,fair,6,320,1,0.27,68,0,45,12.07963214,34.44016259,-9.222321821,0,9979
Experiment_1,58,1,hue vs brightness,fair,2,15,1,0.69,175,43,0,39.31258675,51.57462195,51.93104706,0,3901
Experiment_1,58,1,hue vs saturation,tanned,11,180,0.71,1,73,255,255,91.75502012,-43.90804255,-13.11690302,1,12427
Experiment_1,58,1,hue vs saturation,fair,6,213,0.41,1,150,197,255,78.24932036,-1.02788191,-33.38267016,1,7234
Experiment_1,58,1,hue vs saturation,tanned,12,55,0.75,1,255,239,63,93.1682793,-12.6513208,80.64637659,0,19432
Experiment_1,58,1,hue vs saturation,fair,4,198,0.55,1,114,212,255,80.67446347,-17.05993244,-29.79229063,1,3729
Experiment_1,58,1,hue vs saturation,tanned,10,254,0.76,1,106,61,255,43.68538269,65.900252,-88.79587405,1,21560
Experiment_1,58,1,hue vs saturation,tanned,7,211,0.69,1,79,164,255,66.08454219,3.026746211,-52.63843704,1,5860
Experiment_1,58,1,hue vs saturation,fair,1,180,0.81,1,48,255,255,91.40071141,-46.20463793,-13.68348058,1,23517
Experiment_1,58,1,hue vs saturation,fair,5,56,0.44,1,255,247,142,95.8865394,-11.40050364,51.20320723,0,2129
Experiment_1,58,1,hue vs saturation,fair,3,252,0.61,1,130,99,255,52.82835412,50.13587063,-73.75163627,1,1288
Experiment_1,58,1,hue vs saturation,tanned,9,202,0.27,1,186,229,255,88.77942689,-8.15970676,-17.15094863,1,1178
Experiment_1,58,1,hue vs saturation,tanned,8,320,0.17,1,255,211,240,88.98851577,20.06431596,-8.41688863,0,1107
Experiment_1,58,1,hue vs saturation,fair,2,347,0.6,1,255,102,135,63.76381882,60.79630002,12.58679371,0,2241
Experiment_1,59,1,hue vs saturation,fair,4,145,0.59,1,104,255,167,90.43797025,-59.38829246,30.33537501,1,8521
Experiment_1,59,1,hue vs saturation,tanned,7,283,0.49,1,219,130,255,68.20104276,54.34130461,-48.63263205,0,1681
Experiment_1,59,1,hue vs saturation,fair,3,77,0.36,1,228,255,163,96.2691802,-23.18704517,41.11033266,0,3316
Experiment_1,59,1,hue vs saturation,tanned,10,348,0.42,1,255,147,169,72.88663253,42.99212083,6.382335838,0,4654
Experiment_1,59,1,hue vs saturation,tanned,12,288,0.66,1,221,86,255,60.99964204,74.92676496,-60.05047314,0,2348
Experiment_1,59,1,hue vs saturation,fair,5,145,0.59,1,104,255,167,90.43797025,-59.38829246,30.33537501,1,3649
Experiment_1,59,1,hue vs saturation,tanned,9,275,0.5,1,201,127,255,65.60535477,51.14350769,-52.8657616,0,4810
Experiment_1,59,1,hue vs saturation,tanned,11,273,0.81,1,162,48,255,48.27929156,77.89539302,-81.01866662,0,2571
Experiment_1,59,1,hue vs saturation,fair,2,2,0.66,1,255,92,86,61.29551195,61.50626357,37.24320074,0,6505
Experiment_1,59,1,hue vs saturation,tanned,8,341,0.52,1,255,122,164,67.91686368,54.69409093,2.000613912,0,6228
Experiment_1,59,1,hue vs saturation,fair,1,201,0.54,1,117,206,255,79.12443983,-13.35288186,-32.16471915,1,3103
Experiment_1,59,1,hue vs saturation,fair,6,26,0.63,1,255,163,94,74.99021839,27.85752606,49.32295808,0,5759
Experiment_1,59,1,hue vs brightness,fair,6,46,1,0.78,198,152,0,65.32782432,6.174918324,69.4087318,0,11621
Experiment_1,59,1,hue vs brightness,tanned,9,306,1,0.82,209,0,188,48.49373368,81.65591983,-42.09974544,0,1865
Experiment_1,59,1,hue vs brightness,tanned,10,294,1,0.68,156,0,173,37.99464283,70.74545082,-50.5757979,0,2097
Experiment_1,59,1,hue vs brightness,fair,1,181,1,0.72,0,180,183,66.56682264,-36.0949522,-12.40475985,1,4022
Experiment_1,59,1,hue vs brightness,tanned,12,352,1,0.78,198,0,26,41.34353609,66.5383806,45.47464132,0,2244
Experiment_1,59,1,hue vs brightness,tanned,7,295,1,0.77,179,0,196,43.60870724,77.93926987,-54.88730718,0,2657
Experiment_1,59,1,hue vs brightness,fair,3,164,1,0.89,0,226,166,80.2615788,-59.70879983,16.6511367,1,4023
Experiment_1,59,1,hue vs brightness,fair,2,1,1,0.92,234,3,0,48.95500586,74.83316968,63.01604979,0,8605
Experiment_1,59,1,hue vs brightness,tanned,11,290,1,0.74,157,0,188,39.23974702,73.39289101,-57.448196,0,2433
Experiment_1,59,1,hue vs brightness,tanned,8,309,1,0.81,206,0,175,47.25785238,79.43681829,-36.45161612,0,2702
Experiment_1,59,1,hue vs brightness,fair,5,201,1,0.89,0,147,226,58.37571173,-3.849557507,-48.99481476,1,3575
Experiment_1,59,1,hue vs brightness,fair,4,180,1,0.94,0,239,239,85.98894378,-45.77808777,-13.46134753,1,2093
Experiment_1,60,0,hue vs brightness,fair,3,92,1,0.69,82,175,0,63.71617098,-52.2302167,64.54214108,1,17170
Experiment_1,60,0,hue vs brightness,fair,5,320,1,0.98,249,0,166,54.96186066,86.55062012,-18.55389966,0,6432
Experiment_1,60,0,hue vs brightness,tanned,12,64,1,0.46,109,117,0,46.94008256,-15.89037185,52.31988903,0,8101
Experiment_1,60,0,hue vs brightness,fair,4,187,1,0.86,0,193,219,71.72729904,-30.82144887,-24.33954039,1,9558
Experiment_1,60,0,hue vs brightness,tanned,9,350,1,0.47,119,0,19,23.56854422,46.03115908,26.68991886,0,4079
Experiment_1,60,0,hue vs brightness,fair,6,65,1,0.1,23,25,0,7.925662981,-5.447425363,11.77097093,0,7912
Experiment_1,60,0,hue vs brightness,tanned,8,270,1,0.79,100,0,201,31.63870108,69.57205665,-77.87819102,0,3917
Experiment_1,60,0,hue vs brightness,fair,2,2,1,0.9,229,7,0,48.01970162,73.29253797,62.03729647,0,5503
Experiment_1,60,0,hue vs brightness,tanned,11,41,1,0.82,209,142,0,64.08092104,16.47816744,69.1541697,0,8118
Experiment_1,60,0,hue vs brightness,tanned,10,47,1,0.68,173,135,0,58.23790658,4.157096806,63.24801381,0,4315
Experiment_1,60,0,hue vs brightness,tanned,7,349,1,0.31,79,0,14,13.79156347,34.76475228,15.6498018,0,3785
Experiment_1,60,0,hue vs brightness,fair,1,200,1,0.66,0,112,168,44.82299966,-5.467252475,-37.35096695,1,4393
Experiment_1,60,0,hue vs saturation,tanned,9,133,0.32,1,173,255,191,93.52247519,-37.52300473,22.84139667,1,14845
Experiment_1,60,0,hue vs saturation,fair,6,195,0.07,1,237,250,255,97.46885748,-3.319890073,-3.870961495,1,3866
Experiment_1,60,0,hue vs saturation,fair,5,24,0.25,1,255,216,191,88.98545683,9.924401525,17.3732508,0,4776
Experiment_1,60,0,hue vs saturation,tanned,8,64,0.51,1,246,255,124,97.05203561,-20.37028929,60.76934487,0,2799
Experiment_1,60,0,hue vs saturation,fair,4,184,0.19,1,206,251,255,95.72073107,-13.43525271,-6.675918604,1,2923
Experiment_1,60,0,hue vs saturation,tanned,7,338,0.15,1,255,216,230,89.89874732,15.780178,-1.807394629,0,2667
Experiment_1,60,0,hue vs saturation,fair,1,181,0.17,1,211,254,255,96.80088635,-13.42656985,-5.048156923,1,3986
Experiment_1,60,0,hue vs saturation,fair,2,284,0.17,1,243,211,255,88.38243839,18.8059422,-17.33786129,0,2221
Experiment_1,60,0,hue vs saturation,tanned,12,62,0.12,1,253,255,224,99.13692083,-5.796314971,14.59839791,0,3119
Experiment_1,60,0,hue vs saturation,tanned,10,38,0.8,1,255,180,50,78.5391083,16.93575202,71.56942168,0,3957
Experiment_1,60,0,hue vs saturation,fair,3,339,0.8,1,255,50,122,57.02310531,77.50531751,10.70050289,0,3497
Experiment_1,60,0,hue vs saturation,tanned,11,34,0.8,1,255,166,50,75.3034764,24.24509717,68.69199186,0,5696
Experiment_1,61,0,hue vs saturation,fair,3,312,0.34,1,255,168,237,79.25946944,42.0661631,-21.41345736,0,7591
Experiment_1,61,0,hue vs saturation,fair,1,76,0.43,1,225,255,145,95.81890315,-26.34891988,49.21041485,0,10068
Experiment_1,61,0,hue vs saturation,fair,6,250,0.25,1,201,191,255,80.12281521,16.41829082,-30.21216629,1,5506
Experiment_1,61,0,hue vs saturation,tanned,11,300,0.65,1,255,89,255,66.23220953,81.18385309,-51.43379935,0,10170
Experiment_1,61,0,hue vs saturation,tanned,10,15,0.84,1,255,94,40,61.14930738,58.95564667,60.07844637,0,7928
Experiment_1,61,0,hue vs saturation,tanned,9,290,0.33,1,240,170,255,78.74932393,39.57677075,-32.02740123,0,13210
Experiment_1,61,0,hue vs saturation,fair,4,219,0.31,1,175,203,255,81.31678159,2.387734883,-28.54099039,1,7165
Experiment_1,61,0,hue vs saturation,tanned,7,13,0.65,1,255,125,89,67.0124804,46.82622853,42.49332748,0,6598
Experiment_1,61,0,hue vs saturation,fair,5,225,0.45,1,140,168,255,70.03607153,12.59811406,-46.21292845,1,8140
Experiment_1,61,0,hue vs saturation,tanned,8,352,0.7,1,255,76,100,59.29596703,68.36620676,26.74679515,0,9018
Experiment_1,61,0,hue vs saturation,tanned,12,261,0.42,1,185,147,255,68.31565772,36.09653367,-48.68651118,1,6702
Experiment_1,61,0,hue vs saturation,fair,2,172,0.65,1,89,255,232,91.44654883,-47.88066714,-1.615996817,1,6632
Experiment_1,61,0,hue vs brightness,fair,5,154,1,0.62,0,158,89,57.24552273,-51.4664477,26.38192551,1,10248
Experiment_1,61,0,hue vs brightness,fair,1,23,1,0.87,221,85,0,53.88789585,50.41942835,63.8163962,0,14212
Experiment_1,61,0,hue vs brightness,fair,4,182,1,0.67,0,165,170,61.49214475,-33.14036092,-12.7775372,1,7625
Experiment_1,61,0,hue vs brightness,tanned,12,292,1,0.43,95,0,109,22.07769156,50.13670939,-37.08047469,0,6348
Experiment_1,61,0,hue vs brightness,fair,2,335,1,0.45,114,0,47,22.93944808,46.16304302,6.552096101,0,8023
Experiment_1,61,0,hue vs brightness,fair,6,282,1,0.42,74,0,107,17.99703744,46.5962399,-42.58645765,0,6329
Experiment_1,61,0,hue vs brightness,tanned,7,276,1,0.52,79,0,132,21.31311138,52.56632504,-53.17330233,0,77104
Experiment_1,61,0,hue vs brightness,tanned,10,334,1,0.84,214,0,92,45.72835113,73.08366851,11.97086103,0,14307
Experiment_1,61,0,hue vs brightness,fair,3,199,1,0.88,0,153,224,60.03686934,-8.046033265,-45.25468702,1,16595
Experiment_1,61,0,hue vs brightness,tanned,9,290,1,0.42,89,0,107,20.77154797,48.80154315,-37.94762263,0,3681
Experiment_1,61,0,hue vs brightness,tanned,11,6,1,0.77,196,19,0,41.53460669,63.57395275,55.40579514,0,3370
Experiment_1,61,0,hue vs brightness,tanned,8,320,1,0.93,237,0,158,52.36799722,83.39803478,-17.98779536,0,5942
Experiment_1,62,1,hue vs brightness,tanned,9,318,1,0.48,122,0,85,26.13801989,51.75337177,-14.50213251,0,32023
Experiment_1,62,1,hue vs brightness,fair,5,339,1,0.69,175,0,61,36.83829165,62.12718953,18.24684257,0,48031
Experiment_1,62,1,hue vs brightness,fair,3,4,1,0.9,229,15,0,48.25960884,72.59901579,62.12184436,0,23018
Experiment_1,62,1,hue vs brightness,tanned,8,208,1,0.84,0,114,214,48.1207144,11.57081866,-58.64131319,1,8734
Experiment_1,62,1,hue vs brightness,fair,2,208,1,0.54,0,73,137,30.81016919,6.79130535,-41.05763941,1,20596
Experiment_1,62,1,hue vs brightness,tanned,10,183,1,0.71,0,171,181,63.72291157,-32.49228147,-15.57611433,1,34683
Experiment_1,62,1,hue vs brightness,fair,4,263,1,0.01,0,0,2,0.039590653,0.278205847,-0.757054829,1,5893
Experiment_1,62,1,hue vs brightness,tanned,11,339,1,0.83,211,0,74,44.72128849,71.35855116,21.74941176,0,5285
Experiment_1,62,1,hue vs brightness,tanned,7,358,1,0.7,178,0,5,36.88493919,61.22530153,49.24873615,0,8208
Experiment_1,62,1,hue vs brightness,fair,6,115,1,0.65,13,165,0,58.97046956,-61.49416292,60.14807784,1,16560
Experiment_1,62,1,hue vs brightness,fair,1,244,1,0.33,5,0,84,6.073358296,34.65550862,-47.18305769,1,4345
Experiment_1,62,1,hue vs brightness,tanned,12,280,1,0.57,96,0,145,25.35488712,57.27398584,-54.56438515,0,10961
Experiment_1,62,1,hue vs saturation,tanned,9,17,0.66,1,255,134,86,68.7382829,42.22699395,46.08437888,0,15954
Experiment_1,62,1,hue vs saturation,tanned,7,120,0.23,1,196,255,196,94.84055031,-29.50067727,22.31097725,1,15516
Experiment_1,62,1,hue vs saturation,fair,1,132,0.07,1,237,255,240,98.35900265,-8.549255314,5.140669566,1,10501
Experiment_1,62,1,hue vs saturation,tanned,8,7,0.13,1,255,225,221,91.83312066,9.668002077,5.726056512,0,3715
Experiment_1,62,1,hue vs saturation,tanned,10,236,0.9,1,25,40,255,35.87674768,69.81849222,-101.8832843,1,33546
Experiment_1,62,1,hue vs saturation,tanned,11,18,0.47,1,255,171,135,77.36154516,26.91673501,31.09709742,0,12056
Experiment_1,62,1,hue vs saturation,tanned,12,68,0.4,1,241,255,153,97.03274149,-19.52173677,47.13768167,0,7459
Experiment_1,62,1,hue vs saturation,fair,5,276,0.46,1,208,137,255,68.40302071,47.75837292,-48.39596184,0,6753
Experiment_1,62,1,hue vs saturation,fair,3,344,0.34,1,255,168,191,77.89084985,35.01422801,1.527509115,0,5033
Experiment_1,62,1,hue vs saturation,fair,4,135,0.43,1,145,255,172,91.9169149,-48.79720197,30.05558869,1,7396
Experiment_1,62,1,hue vs saturation,fair,6,306,0.39,1,255,155,245,76.85751837,50.08416039,-29.40672529,0,3567
Experiment_1,62,1,hue vs saturation,fair,2,275,0.66,1,184,86,255,56.1537383,67.22838609,-68.09507305,0,7462
Experiment_1,63,0,hue vs brightness,tanned,11,243,1,0.21,2,0,53,2.438413817,16.83870754,-31.09739284,1,56704
Experiment_1,63,0,hue vs brightness,tanned,7,198,1,0.3,0,53,76,20.31423137,-6.306222716,-18.6151927,1,4932
Experiment_1,63,0,hue vs brightness,tanned,9,209,1,0.22,0,28,56,9.922894099,2.348764188,-21.21729924,1,19665
Experiment_1,63,0,hue vs brightness,fair,3,35,1,0.22,56,32,0,14.81039484,8.546229446,21.98083567,0,17334
Experiment_1,63,0,hue vs brightness,tanned,10,202,1,0.2,0,32,51,11.07852002,-3.140215888,-15.7873885,1,6840
Experiment_1,63,0,hue vs brightness,tanned,12,327,1,0.15,38,0,21,4.211255747,20.00463043,-3.469515463,0,8033
Experiment_1,63,0,hue vs brightness,fair,1,201,1,0.54,0,89,137,35.88958795,-3.741280764,-32.95166169,1,12794
Experiment_1,63,0,hue vs brightness,fair,6,282,1,0.45,80,0,114,19.72215914,48.86183871,-44.27619062,0,8162
Experiment_1,63,0,hue vs brightness,fair,5,204,1,0.43,0,65,109,26.40377838,0.102739912,-30.56273658,1,8061
Experiment_1,63,0,hue vs brightness,tanned,8,4,1,0.25,63,4,0,10.13456968,27.50389036,15.89421418,0,5549
Experiment_1,63,0,hue vs brightness,fair,2,306,1,0.22,56,0,50,9.569772644,32.42253071,-17.03731772,0,5936
Experiment_1,63,0,hue vs brightness,fair,4,197,1,0.17,0,31,43,10.21655631,-6.211929069,-11.33519634,1,4336
Experiment_1,63,0,hue vs saturation,fair,3,309,0.74,1,255,66,226,62.20885812,84.33165082,-41.68257227,0,29234
Experiment_1,63,0,hue vs saturation,fair,2,316,0.26,1,255,188,237,83.62140231,31.62542775,-14.83095038,0,5733
Experiment_1,63,0,hue vs saturation,tanned,11,354,0.64,1,255,91,108,61.50282993,63.24331571,25.02928439,0,18382
Experiment_1,63,0,hue vs saturation,tanned,8,1,0.83,1,255,46,43,55.47018035,74.74058353,53.81170383,0,6049
Experiment_1,63,0,hue vs saturation,fair,4,288,0.19,1,245,206,255,87.37562162,22.0879425,-18.83744763,0,4908
Experiment_1,63,0,hue vs saturation,tanned,10,167,0.39,1,155,255,233,93.61172594,-34.25209909,1.286046623,1,3339
Experiment_1,63,0,hue vs saturation,fair,5,251,0.53,1,144,119,255,58.36114874,41.73776085,-64.75261621,1,4636
Experiment_1,63,0,hue vs saturation,tanned,7,0,0.29,1,255,181,181,80.54042709,26.87425549,10.76390663,0,4666
Experiment_1,63,0,hue vs saturation,fair,6,206,0.24,1,193,228,255,88.9433985,-5.620989598,-16.86171867,1,5788
Experiment_1,63,0,hue vs saturation,tanned,9,315,0.48,1,255,132,224,71.65283249,58.01173927,-25.92006145,0,6890
Experiment_1,63,0,hue vs saturation,fair,1,199,0.37,1,160,225,255,86.27774859,-13.19521991,-21.06659707,1,4780
Experiment_1,63,0,hue vs saturation,tanned,12,343,0.68,1,255,81,130,60.56618214,68.73005688,10.98219881,0,5728
Experiment_1,64,0,hue vs brightness,fair,2,182,1,0.86,0,211,219,77.10290864,-39.27290509,-16.18267109,1,15834
Experiment_1,64,0,hue vs brightness,fair,1,162,1,0.75,0,191,133,68.71869875,-54.20237045,18.12463519,1,18705
Experiment_1,64,0,hue vs brightness,fair,6,231,1,0.59,0,22,150,19.12277299,45.36639516,-68.24810362,1,6871
Experiment_1,64,0,hue vs brightness,tanned,9,58,1,0.85,216,209,0,81.94670079,-15.56690937,81.9935585,0,24139
Experiment_1,64,0,hue vs brightness,tanned,12,12,1,0.56,142,28,0,30.83404654,45.93347044,43.71504059,0,61576
Experiment_1,64,0,hue vs brightness,fair,5,182,1,0.93,0,229,237,82.9947429,-41.95812233,-16.90174552,1,14752
Experiment_1,64,0,hue vs brightness,tanned,11,347,1,0.25,63,0,13,9.686835715,30.08309873,9.857494054,0,7785
Experiment_1,64,0,hue vs brightness,fair,4,266,1,0.44,48,0,112,14.39063447,44.97976342,-51.93666376,1,13375
Experiment_1,64,0,hue vs brightness,tanned,8,48,1,0.85,216,173,0,72.55219611,2.925763482,75.29432163,0,26353
Experiment_1,64,0,hue vs brightness,tanned,7,346,1,0.84,214,0,49,44.96667575,71.03390002,37.4471305,0,4030
Experiment_1,64,0,hue vs brightness,tanned,10,56,1,0.81,206,192,0,76.5705053,-11.33471049,77.71338615,0,9435
Experiment_1,64,0,hue vs brightness,fair,3,347,1,0.69,175,0,38,36.46861488,61.12839765,32.36052242,0,4447
Experiment_1,64,0,hue vs saturation,tanned,12,185,0.85,1,38,236,255,85.81757413,-38.3743235,-22.10001122,1,16843
Experiment_1,64,0,hue vs saturation,tanned,7,179,0.95,1,12,255,250,91.00771159,-49.2649266,-11.70300419,1,6738
Experiment_1,64,0,hue vs saturation,fair,4,175,0.88,1,30,255,236,90.71239227,-52.51294063,-4.866005181,1,5435
Experiment_1,64,0,hue vs saturation,fair,6,317,0.85,1,255,38,193,58.50533896,86.63511888,-28.71944277,0,7771
Experiment_1,64,0,hue vs saturation,tanned,10,283,0.25,1,236,191,255,83.08037128,27.18328904,-25.426033,0,13507
Experiment_1,64,0,hue vs saturation,fair,2,53,0.73,1,255,233,68,91.66474796,-9.501097992,77.64520447,0,14941
Experiment_1,64,0,hue vs saturation,tanned,11,64,0.7,1,243,255,76,96.44976078,-24.66679905,79.21402656,0,5535
Experiment_1,64,0,hue vs saturation,tanned,9,60,0.83,1,255,255,43,97.2090992,-20.9831147,89.32776819,0,3882
Experiment_1,64,0,hue vs saturation,fair,1,204,0.85,1,38,168,255,66.24188439,-3.595517418,-52.45085807,1,5465
Experiment_1,64,0,hue vs saturation,fair,5,227,0.91,1,22,73,255,41.46245454,53.44895164,-92.61201326,1,22882
Experiment_1,64,0,hue vs saturation,fair,3,224,0.93,1,17,81,255,43.09888166,48.6037953,-89.91179714,1,5972
Experiment_1,64,0,hue vs saturation,tanned,8,302,0.87,1,255,33,247,60.83728916,94.29355714,-55.5786114,0,4888
Experiment_1,65,0,hue vs saturation,fair,6,102,0.78,1,115,255,56,89.60352891,-69.73875623,76.51372588,1,4548
Experiment_1,65,0,hue vs saturation,fair,1,331,0.69,1,255,79,164,61.24856407,72.63237024,-7.806964654,0,10139
Experiment_1,65,0,hue vs saturation,fair,5,278,0.38,1,219,158,255,74.01916626,39.68629971,-39.51948926,0,11908
Experiment_1,65,0,hue vs saturation,tanned,10,295,0.51,1,244,124,255,70.08362239,63.89694589,-45.46534607,0,5110
Experiment_1,65,0,hue vs saturation,tanned,11,284,0.68,1,208,81,255,58.52246307,74.18379528,-64.11927786,0,9238
Experiment_1,65,0,hue vs saturation,tanned,8,349,0.91,1,255,22,65,54.25488194,79.46370255,40.81832574,0,17327
Experiment_1,65,0,hue vs saturation,tanned,9,10,0.99,1,255,44,2,55.13999518,74.65789132,67.46554319,0,12699
Experiment_1,65,0,hue vs saturation,tanned,12,229,0.74,1,66,100,255,48.87480387,40.10131015,-80.37349883,1,6830
Experiment_1,65,0,hue vs saturation,fair,2,96,0.51,1,176,255,124,92.66541348,-45.99380136,54.49891078,1,7590
Experiment_1,65,0,hue vs saturation,fair,4,112,0.79,1,80,255,53,88.67733556,-77.40599828,76.14207262,1,7259
Experiment_1,65,0,hue vs saturation,tanned,7,247,0.81,1,72,48,255,39.09046085,68.50683146,-96.47992178,1,9666
Experiment_1,65,0,hue vs saturation,fair,3,139,0.47,1,135,255,173,91.54470033,-51.25031907,28.98341257,1,11777
Experiment_1,65,0,hue vs brightness,fair,2,249,1,0.4,15,0,102,9.488543077,40.69860921,-53.61461286,1,7732
Experiment_1,65,0,hue vs brightness,tanned,11,277,1,0.88,138,0,224,39.21612683,77.746806,-78.50921583,0,4645
Experiment_1,65,0,hue vs brightness,fair,4,90,1,0.86,109,219,0,78.41170352,-60.42743812,76.50803131,0,14024
Experiment_1,65,0,hue vs brightness,fair,3,294,1,0.96,220,0,244,53.75785016,91.43969774,-65.57802045,0,7927
Experiment_1,65,0,hue vs brightness,tanned,10,96,1,0.62,63,158,0,57.56945517,-51.32271841,59.42070603,1,11725
Experiment_1,65,0,hue vs brightness,fair,6,153,1,0.61,0,155,85,56.18634626,-51.16964661,27.14838758,1,10381
Experiment_1,65,0,hue vs brightness,tanned,7,279,1,0.76,125,0,193,34.41693301,70.25859547,-68.48134044,0,4704
Experiment_1,65,0,hue vs brightness,tanned,8,128,1,0.46,0,117,15,42.39490533,-47.78461819,43.27718613,1,4750
Experiment_1,65,0,hue vs brightness,fair,1,318,1,0.68,173,0,121,38.31339156,66.64180064,-18.07954721,0,9260
Experiment_1,65,0,hue vs brightness,fair,5,70,1,0.94,199,239,0,88.86342814,-36.81167529,86.55974256,0,12613
Experiment_1,65,0,hue vs brightness,tanned,12,355,1,0.86,219,0,18,45.77596033,71.57490141,54.25449558,0,6491
Experiment_1,65,0,hue vs brightness,tanned,9,21,1,0.94,239,83,0,56.62172028,57.53339382,66.9097821,0,6459
Experiment_1,66,1,hue vs brightness,tanned,7,89,1,0.64,84,163,0,59.96022635,-47.07088853,61.62955308,0,7805
Experiment_1,66,1,hue vs brightness,fair,4,274,1,0.81,117,0,206,34.47399684,72.08418463,-76.03642314,0,5849
Experiment_1,66,1,hue vs brightness,tanned,10,230,1,0.69,0,29,175,23.58488532,50.10441543,-76.04854264,1,4830
Experiment_1,66,1,hue vs brightness,tanned,8,207,1,0.86,0,120,219,50.15344274,9.76512819,-58.20210452,1,4620
Experiment_1,66,1,hue vs brightness,fair,6,250,1,0.51,21,0,130,14.2372228,48.35891622,-63.84484924,1,5213
Experiment_1,66,1,hue vs brightness,fair,5,215,1,0.62,0,65,158,30.03270464,21.26904861,-55.15104927,1,8339
Experiment_1,66,1,hue vs brightness,fair,1,183,1,0.69,0,167,175,62.28123267,-32.50057451,-14.39643917,1,2819
Experiment_1,66,1,hue vs brightness,tanned,11,208,1,0.7,0,95,178,40.24414596,9.290434618,-50.53196312,1,2953
Experiment_1,66,1,hue vs brightness,fair,3,215,1,0.77,0,81,196,37.60878561,25.92208799,-65.34108677,1,2385
Experiment_1,66,1,hue vs brightness,tanned,12,164,1,0.78,0,198,145,71.16809039,-54.06814079,15.07779032,1,2136
Experiment_1,66,1,hue vs brightness,tanned,9,204,1,0.8,0,122,204,49.83241127,2.617709792,-50.20305049,1,2341
Experiment_1,66,1,hue vs brightness,fair,2,236,1,0.76,0,12,193,24.04219829,61.52023844,-86.01106159,1,3603
Experiment_1,66,1,hue vs saturation,tanned,12,96,0.52,1,175,255,122,92.59211362,-46.54091787,55.30883574,1,4047
Experiment_1,66,1,hue vs saturation,tanned,10,133,0.54,1,117,255,147,90.50929856,-59.91954769,40.40168125,1,4058
Experiment_1,66,1,hue vs saturation,tanned,11,106,0.71,1,116,255,73,89.7264058,-68.44464197,71.33484369,1,2132
Experiment_1,66,1,hue vs saturation,tanned,9,126,0.76,1,61,255,80,88.49123413,-78.42760782,67.16384433,1,4936
Experiment_1,66,1,hue vs saturation,fair,5,94,0.82,1,136,255,45,90.29569638,-64.50989925,80.22927561,1,4352
Experiment_1,66,1,hue vs saturation,fair,6,118,0.86,1,43,255,35,88.04311515,-83.18309336,79.49798235,1,4868
Experiment_1,66,1,hue vs saturation,tanned,7,159,0.79,1,53,255,184,89.73735824,-63.54293487,20.60196834,1,2803
Experiment_1,66,1,hue vs saturation,tanned,8,116,0.77,1,71,255,58,88.52638783,-78.61139563,74.53900455,1,8717
Experiment_1,66,1,hue vs saturation,fair,1,136,0.84,1,40,255,97,88.36857202,-78.97832347,60.27949304,1,2965
Experiment_1,66,1,hue vs saturation,fair,4,165,0.78,1,56,255,205,90.21497045,-58.51955414,10.49560671,1,8057
Experiment_1,66,1,hue vs saturation,fair,3,161,0.75,1,63,255,194,90.07794558,-60.3154575,15.97767144,1,4027
Experiment_1,66,1,hue vs saturation,fair,2,147,0.63,1,94,255,166,90.16159588,-61.48036063,30.42063096,1,2488
Experiment_1,67,0,hue vs saturation,fair,6,218,0.33,1,170,201,255,80.48199418,2.080220128,-29.84803725,1,4633
Experiment_1,67,0,hue vs saturation,fair,1,162,0.25,1,191,255,235,95.41071197,-23.91667124,3.085449273,1,2368
Experiment_1,67,0,hue vs saturation,fair,2,83,0.04,1,251,255,244,99.44085064,-3.219037448,4.779043928,0,7162
Experiment_1,67,0,hue vs saturation,tanned,12,73,0.08,1,250,255,234,99.13693713,-5.226572749,9.454720407,0,2461
Experiment_1,67,0,hue vs saturation,tanned,9,220,0.13,1,221,232,255,91.82170586,0.80548537,-12.35961069,1,5324
Experiment_1,67,0,hue vs saturation,fair,4,215,0.7,1,76,150,255,62.14226169,10.78636408,-58.91362979,1,4602
Experiment_1,67,0,hue vs saturation,tanned,10,182,0.22,1,198,253,255,95.77912446,-16.78171121,-6.641842315,1,1793
Experiment_1,67,0,hue vs saturation,tanned,8,136,0.15,1,216,255,226,96.66062389,-17.87575245,9.703466141,1,1767
Experiment_1,67,0,hue vs saturation,fair,5,228,0.44,1,142,165,255,69.38472503,14.78630039,-47.22809172,1,5043
Experiment_1,67,0,hue vs saturation,tanned,11,146,0.09,1,232,255,241,98.04419203,-10.00632801,4.129070003,1,2282
Experiment_1,67,0,hue vs saturation,fair,3,179,0.18,1,209,255,254,96.91467782,-14.72624114,-4.379435841,1,1643
Experiment_1,67,0,hue vs saturation,tanned,7,196,0.62,1,96,212,255,80.06345559,-20.31955727,-30.78291651,1,2526
Experiment_1,67,0,hue vs brightness,fair,2,185,1,0.18,0,42,45,14.65401785,-12.5053572,-5.971338717,1,3984
Experiment_1,67,0,hue vs brightness,tanned,11,143,1,0.12,0,30,11,8.59110231,-15.53772463,8.048927733,1,2173
Experiment_1,67,0,hue vs brightness,tanned,8,227,1,0.1,0,5,25,1.614439686,2.452207321,-10.69162586,1,1931
Experiment_1,67,0,hue vs brightness,tanned,12,272,1,0.1,13,0,25,1.406901434,7.922797912,-10.90180325,0,2069
Experiment_1,67,0,hue vs brightness,fair,5,217,1,0.11,0,10,28,2.718212562,1.315928923,-11.47962932,1,1557
Experiment_1,67,0,hue vs brightness,fair,6,284,1,0.27,50,0,68,9.762666253,34.79728734,-29.76325881,0,5928
Experiment_1,67,0,hue vs brightness,tanned,9,241,1,0.32,1,0,81,5.424576746,33.00550594,-46.20063232,1,1586
Experiment_1,67,0,hue vs brightness,fair,1,166,1,0.08,0,20,15,4.830817727,-7.043043639,0.641838035,1,2460
Experiment_1,67,0,hue vs brightness,tanned,7,187,1,0.09,0,20,22,5.042529944,-5.555329431,-3.406535629,1,1647
Experiment_1,67,0,hue vs brightness,fair,3,187,1,0.09,0,20,22,5.042529944,-5.555329431,-3.406535629,1,2377
Experiment_1,67,0,hue vs brightness,fair,4,187,1,0.1,0,22,25,5.817254238,-6.133571618,-4.539973384,1,668
Experiment_1,67,0,hue vs brightness,tanned,10,188,1,0.1,0,22,25,5.817254238,-6.133571618,-4.539973384,1,613
Experiment_1,68,0,hue vs brightness,tanned,8,296,1,0.68,161,0,173,38.88841304,71.5229556,-49.08963593,0,14677
Experiment_1,68,0,hue vs brightness,tanned,11,157,1,0.79,0,201,124,71.70980126,-59.74336375,26.95317925,1,3245
Experiment_1,68,0,hue vs brightness,fair,6,224,1,0.27,0,18,68,7.677690632,16.26664423,-33.40493596,1,2456
Experiment_1,68,0,hue vs brightness,tanned,9,245,1,0.54,11,0,137,14.82964029,50.02736298,-67.29493569,1,2395
Experiment_1,68,0,hue vs brightness,fair,3,172,1,0.39,0,99,86,37.10656233,-28.26800429,0.338377665,1,6022
Experiment_1,68,0,hue vs brightness,fair,2,108,1,0.71,36,181,0,64.50181352,-63.89556569,64.67675746,1,1499
Experiment_1,68,0,hue vs brightness,tanned,7,244,1,0.41,6,0,104,9.305651149,41.07041462,-55.25775915,1,1706
Experiment_1,68,0,hue vs brightness,tanned,10,200,1,0.53,0,90,135,36.10262374,-5.190124967,-31.39484899,1,2079
Experiment_1,68,0,hue vs brightness,fair,1,314,1,0.49,124,0,95,27.04955946,53.41965528,-19.66986078,0,2298
Experiment_1,68,0,hue vs brightness,tanned,12,106,1,0.65,38,165,0,59.27150485,-58.79757461,60.51545534,1,5049
Experiment_1,68,0,hue vs brightness,fair,5,333,1,0.63,160,0,72,33.86067518,59.23119529,6.4692347,0,2221
Experiment_1,68,0,hue vs brightness,fair,4,351,1,0.68,173,0,26,35.90488415,60.28634388,38.6523447,0,3822
Experiment_1,68,0,hue vs saturation,fair,4,339,0.47,1,255,135,177,70.70670657,49.97163543,-1.234028318,0,10476
Experiment_1,68,0,hue vs saturation,tanned,8,55,0.89,1,255,236,28,92.28044377,-12.10669509,88.12690279,0,2575
Experiment_1,68,0,hue vs saturation,fair,5,257,0.86,1,97,35,255,39.51884328,74.8733061,-95.71037051,1,2060
Experiment_1,68,0,hue vs saturation,tanned,9,152,0.98,1,5,255,138,88.6320771,-75.02997953,42.00128043,1,2471
Experiment_1,68,0,hue vs saturation,fair,1,318,0.88,1,255,30,187,57.82420156,87.22484968,-26.31262881,0,2373
Experiment_1,68,0,hue vs saturation,fair,2,30,0.87,1,255,144,33,70.39697653,35.19084782,70.00136044,0,2224
Experiment_1,68,0,hue vs saturation,fair,6,107,0.87,1,81,255,33,88.628224,-78.08441885,80.60455868,1,2180
Experiment_1,68,0,hue vs saturation,tanned,10,180,0.14,1,219,255,255,97.5513692,-11.48645694,-3.887014612,1,2023
Experiment_1,68,0,hue vs saturation,tanned,7,199,0.69,1,79,199,255,75.90269036,-16.20965178,-37.24628739,1,1777
Experiment_1,68,0,hue vs saturation,tanned,11,256,0.71,1,122,73,255,47.13500815,62.36544648,-83.0714908,1,1248
Experiment_1,68,0,hue vs saturation,tanned,12,293,0.69,1,234,79,255,61.91597374,80.24953103,-58.48061168,0,1353
Experiment_1,68,0,hue vs saturation,fair,3,275,0.59,1,192,104,255,60.18310644,60.56621282,-61.56540646,0,1409
Experiment_1,69,0,hue vs saturation,tanned,12,212,0.59,1,104,174,255,69.7783545,1.477439283,-46.74706132,1,25053
Experiment_1,69,0,hue vs saturation,fair,4,69,0.23,1,246,255,196,98.07285744,-12.38246847,27.27300487,0,131107
Experiment_1,69,0,hue vs saturation,tanned,10,32,0.27,1,255,222,186,90.34357549,6.160787073,21.87177726,0,34918
Experiment_1,69,0,hue vs saturation,fair,1,182,0.47,1,135,251,255,92.29398195,-31.89999536,-12.13692878,1,45421
Experiment_1,69,0,hue vs saturation,tanned,11,29,0.65,1,255,169,89,76.28799036,24.42291488,53.23828825,0,47999
Experiment_1,69,0,hue vs saturation,tanned,7,52,0.44,1,255,240,142,94.11238749,-7.943933662,49.00356473,0,82220
Experiment_1,69,0,hue vs saturation,fair,6,3,0.47,1,255,141,135,70.91159385,42.38581157,22.46227116,0,55751
Experiment_1,69,0,hue vs saturation,fair,5,164,0.53,1,119,255,218,91.91047857,-45.90842162,6.400887564,1,31363
Experiment_1,69,0,hue vs saturation,fair,2,58,0.44,1,255,251,142,96.90500038,-13.35836658,52.45827594,0,22803
Experiment_1,69,0,hue vs saturation,fair,3,8,0.5,1,255,144,127,71.37734503,40.14108977,27.48915896,0,29448
Experiment_1,69,0,hue vs saturation,tanned,9,37,0.5,1,255,206,127,85.47106942,7.927521276,45.59436314,0,8064
Experiment_1,69,0,hue vs saturation,tanned,8,44,0.29,1,255,235,181,93.45608443,-1.11118309,28.71250825,0,79005
Experiment_1,69,0,hue vs brightness,fair,1,199,1,0.83,0,144,211,56.73247026,-7.762698645,-43.20884934,1,38012
Experiment_1,69,0,hue vs brightness,fair,5,182,1,0.77,0,189,196,69.73983733,-36.23758331,-14.79522997,1,17996
Experiment_1,69,0,hue vs brightness,fair,6,190,1,0.58,0,123,147,47.32999186,-19.72997945,-21.08770859,1,38418
Experiment_1,69,0,hue vs brightness,tanned,11,32,1,0.65,165,88,0,45.60511908,26.84899986,54.43675963,0,99575
Experiment_1,69,0,hue vs brightness,fair,3,165,1,0.43,0,109,82,40.48603939,-33.97463846,7.629603044,1,21342
Experiment_1,69,0,hue vs brightness,fair,2,3,1,0.62,158,7,0,32.74685551,55.04780553,46.65908553,0,17908
Experiment_1,69,0,hue vs brightness,tanned,12,32,1,0.67,170,91,0,47.0114888,27.36499089,55.67038709,0,15322
Experiment_1,69,0,hue vs brightness,tanned,7,197,1,0.4,0,73,102,28.70621368,-8.13056224,-22.46007571,1,13625
Experiment_1,69,0,hue vs brightness,tanned,9,157,1,0.55,0,140,86,51.18429235,-45.49928781,20.02218804,1,14409
Experiment_1,69,0,hue vs brightness,tanned,10,343,1,0.31,79,0,22,13.9444932,35.1777753,10.97596051,0,9857
Experiment_1,69,0,hue vs brightness,tanned,8,346,1,0.5,127,0,29,25.56556692,48.51652266,22.9088651,0,18988
Experiment_1,69,0,hue vs brightness,fair,4,184,1,0.5,0,119,127,45.25654601,-24.67667857,-12.40143433,1,15455
Experiment_1,70,1,hue vs brightness,fair,4,337,1,0.56,142,0,54,29.45562818,53.65118433,11.72881354,0,23317
Experiment_1,70,1,hue vs brightness,tanned,11,97,1,0.26,25,66,0,24.00940655,-26.81049726,31.8384531,1,7364
Experiment_1,70,1,hue vs brightness,fair,6,187,1,0.38,0,85,96,32.5720907,-17.62486652,-12.67651264,1,1310935
Experiment_1,70,1,hue vs brightness,fair,1,301,1,0.33,84,0,82,17.89151261,43.4744007,-25.99505312,0,3235
Experiment_1,70,1,hue vs brightness,fair,5,18,1,0.7,178,53,0,41.23388885,48.86803849,53.16069508,0,10361
Experiment_1,70,1,hue vs brightness,tanned,12,117,1,0.52,6,132,0,47.67672677,-52.40588216,51.07982358,1,2645
Experiment_1,70,1,hue vs brightness,fair,3,323,1,0.41,104,0,64,21.25702315,45.27775654,-8.047464877,0,4384
Experiment_1,70,1,hue vs brightness,tanned,8,48,1,0.39,99,79,0,34.48721546,0.970545274,42.87783754,0,4828
Experiment_1,70,1,hue vs brightness,fair,2,278,1,0.7,113,0,178,31.17263217,65.94282876,-64.98629208,0,7859
Experiment_1,70,1,hue vs brightness,tanned,7,12,1,0.74,188,37,0,41.23915915,57.46081529,54.29069824,0,8934
Experiment_1,70,1,hue vs brightness,tanned,9,151,1,0.42,0,107,55,39.22659243,-39.54432533,21.81049075,1,9656
Experiment_1,70,1,hue vs brightness,tanned,10,307,1,0.36,91,0,81,19.30070214,44.686118,-22.98357121,0,3623
Experiment_1,70,1,hue vs saturation,tanned,7,33,0.52,1,255,195,122,82.75114576,13.20450406,44.71330276,0,9582
Experiment_1,70,1,hue vs saturation,fair,2,295,0.4,1,246,153,255,75.82018236,50.199866,-36.5001207,0,6489
Experiment_1,70,1,hue vs saturation,fair,3,7,0.78,1,255,79,56,59.10137215,65.26145744,50.8382406,0,4379
Experiment_1,70,1,hue vs saturation,tanned,8,325,0.64,1,255,91,186,63.57966102,70.70087357,-16.93800193,0,4833
Experiment_1,70,1,hue vs saturation,tanned,12,238,0.56,1,112,116,255,55.23217601,37.05517254,-69.92172253,1,6756
Experiment_1,70,1,hue vs saturation,fair,5,339,0.52,1,255,122,168,68.02519916,55.15304195,-0.100864074,0,5500
Experiment_1,70,1,hue vs saturation,fair,4,51,0.6,1,255,232,102,91.65458165,-7.193067121,64.50038492,0,9085
Experiment_1,70,1,hue vs saturation,fair,1,279,0.47,1,213,135,255,68.52908418,50.16096839,-48.16098595,0,2683
Experiment_1,70,1,hue vs saturation,tanned,9,86,0.67,1,180,255,84,92.5145317,-48.11341448,71.12459326,0,5907
Experiment_1,70,1,hue vs saturation,fair,6,269,0.5,1,189,127,255,64.33668395,48.05631285,-54.95821159,1,2385
Experiment_1,70,1,hue vs saturation,tanned,10,23,0.69,1,255,146,79,71.13368898,35.78649757,52.28654784,0,4502
Experiment_1,70,1,hue vs saturation,tanned,11,119,0.4,1,154,255,153,91.9935389,-49.24700367,39.66434887,1,7267
Experiment_1,71,0,hue vs brightness,tanned,7,9,1,0.35,89,13,0,17.51445028,33.20035766,26.75336085,0,36293
Experiment_1,71,0,hue vs brightness,fair,6,117,1,0.18,2,45,0,14.89730526,-24.96924276,21.19420542,1,11929
Experiment_1,71,0,hue vs brightness,tanned,10,230,1,0.37,0,15,94,10.18175397,29.45195338,-47.14140765,1,53615
Experiment_1,71,0,hue vs brightness,fair,1,286,1,0.4,78,0,102,18.27222962,46.13920986,-38.82366874,0,16400
Experiment_1,71,0,hue vs brightness,tanned,9,240,1,0.71,0,0,181,21.34293989,61.22728378,-83.38988108,1,7340
Experiment_1,71,0,hue vs brightness,fair,2,9,1,0.63,160,24,0,34.24568299,52.56326901,47.7826798,0,17764
Experiment_1,71,0,hue vs brightness,tanned,8,54,1,0.91,232,208,0,83.0555,-8.210005989,83.41940564,0,6078
Experiment_1,71,0,hue vs brightness,fair,5,218,1,0.7,0,65,178,31.7954014,29.4457458,-64.26791017,1,11688
Experiment_1,71,0,hue vs brightness,tanned,12,319,1,0.69,175,0,120,38.67312631,66.94373373,-16.86656269,0,9695
Experiment_1,71,0,hue vs brightness,fair,3,197,1,0.27,0,49,68,18.42643998,-7.165300052,-16.15707918,1,7842
Experiment_1,71,0,hue vs brightness,tanned,11,332,1,0.36,91,0,42,17.4197741,39.89143941,1.523334211,0,7882
Experiment_1,71,0,hue vs brightness,fair,4,265,1,0.22,23,0,56,4.224535621,24.78631562,-30.34766839,1,6962
Experiment_1,71,0,hue vs saturation,tanned,9,168,0.32,1,173,255,238,94.55862796,-28.42201983,0.185118589,1,24280
Experiment_1,71,0,hue vs saturation,fair,2,229,0.64,1,91,121,255,55.19458898,30.51261491,-70.04355368,1,12837
Experiment_1,71,0,hue vs saturation,fair,5,32,0.9,1,255,147,25,71.0069588,33.51307554,72.52630909,0,10956
Experiment_1,71,0,hue vs saturation,tanned,12,134,0.9,1,25,255,79,88.10856005,-81.78889647,67.01369385,1,10663
Experiment_1,71,0,hue vs saturation,tanned,7,12,0.59,1,255,134,104,68.97499048,43.35761387,36.88593714,0,21995
Experiment_1,71,0,hue vs saturation,tanned,8,67,0.81,1,230,255,48,95.39472647,-30.93610265,85.95881459,0,4344
Experiment_1,71,0,hue vs saturation,fair,3,324,0.74,1,255,66,179,60.25834095,78.46162262,-17.96463288,0,3932
Experiment_1,71,0,hue vs saturation,tanned,11,262,0.75,1,133,63,255,46.66009462,68.4453652,-83.80742114,1,6930
Experiment_1,71,0,hue vs saturation,tanned,10,237,0.8,1,50,61,255,39.97447588,61.16573673,-95.04952521,1,25915
Experiment_1,71,0,hue vs saturation,fair,6,135,0.48,1,132,255,163,91.26589908,-53.71175562,33.6006351,1,7401
Experiment_1,71,0,hue vs saturation,fair,4,56,0.63,1,255,244,94,94.64039555,-13.60890745,71.04227985,0,5109
Experiment_1,71,0,hue vs saturation,fair,1,230,0.72,1,71,102,255,49.57162646,39.42202636,-79.22588187,1,7390
Experiment_1,72,0,hue vs brightness,tanned,11,149,1,0.44,0,112,54,40.98422353,-41.57227893,24.59699432,1,35631
Experiment_1,72,0,hue vs brightness,fair,3,200,1,0.75,0,127,191,50.61732405,-5.467451719,-41.52380735,1,10629
Experiment_1,72,0,hue vs brightness,fair,5,328,1,0.9,229,0,122,49.57261733,78.53891965,-0.653342997,0,16614
Experiment_1,72,0,hue vs brightness,tanned,8,283,1,0.89,162,0,226,43.02182299,80.75620929,-73.27187575,0,4851
Experiment_1,72,0,hue vs brightness,tanned,7,18,1,0.91,232,69,0,53.39753806,60.63821938,64.63178128,0,8270
Experiment_1,72,0,hue vs brightness,fair,4,7,1,0.68,173,20,0,36.71438141,57.14291026,50.57198853,0,11509
Experiment_1,72,0,hue vs brightness,tanned,9,198,1,0.42,0,74,107,29.30903085,-6.67729577,-24.69313427,1,46898
Experiment_1,72,0,hue vs brightness,fair,1,270,1,0.72,91,0,183,28.49342087,64.91602637,-72.49502776,0,24057
Experiment_1,72,0,hue vs brightness,tanned,12,54,1,0.88,224,201,0,80.52738388,-8.107344109,81.28312998,0,10531
Experiment_1,72,0,hue vs brightness,fair,2,211,1,0.62,0,76,158,33.21624662,13.67926958,-49.97462595,1,7958
Experiment_1,72,0,hue vs brightness,tanned,10,321,1,0.59,150,0,97,32.58437219,59.18746747,-11.99183973,0,8832
Experiment_1,72,0,hue vs brightness,fair,6,349,1,0.45,114,0,21,22.41392495,44.74972484,23.82965483,0,6948
Experiment_1,72,0,hue vs saturation,fair,3,87,0.23,1,228,255,196,96.82010055,-18.73886393,25.35349926,0,51096
Experiment_1,72,0,hue vs saturation,fair,5,247,0.65,1,108,89,255,48.94927387,51.97160917,-80.14961923,1,12325
Experiment_1,72,0,hue vs saturation,fair,6,59,0.44,1,255,253,142,97.41541478,-14.33246031,53.08519027,0,9051
Experiment_1,72,0,hue vs saturation,fair,2,317,0.57,1,255,109,213,67.27806182,66.8861063,-26.52737508,0,4835
Experiment_1,72,0,hue vs saturation,fair,4,133,0.21,1,201,255,213,95.47233023,-24.99139336,14.55523846,1,10851
Experiment_1,72,0,hue vs saturation,fair,1,263,0.9,1,113,25,255,40.28884966,78.61951082,-94.38513172,1,10342
Experiment_1,72,0,hue vs saturation,tanned,9,230,0.48,1,132,153,255,65.67697426,19.352878,-53.12414588,1,16566
Experiment_1,72,0,hue vs saturation,tanned,11,11,0.37,1,255,177,160,79.18065627,26.39693744,20.17131273,0,8590
Experiment_1,72,0,hue vs saturation,tanned,7,51,0.65,1,255,230,89,91.04160121,-6.989820606,69.26269077,0,4790
Experiment_1,72,0,hue vs saturation,tanned,8,203,0.81,1,48,175,255,68.39360194,-6.75752657,-49.04046806,1,3634
Experiment_1,72,0,hue vs saturation,tanned,10,331,0.65,1,255,89,169,62.734338,69.49798484,-8.477573124,0,3834
Experiment_1,72,0,hue vs saturation,tanned,12,272,0.24,1,226,193,255,82.66213757,22.98209344,-26.1441482,0,4117
Experiment_1,73,0,hue vs brightness,tanned,10,33,1,0.84,214,117,0,58.99165156,32.01900898,66.20345515,0,34488
Experiment_1,73,0,hue vs brightness,tanned,8,206,1,0.34,0,49,86,19.50941407,0.959427386,-26.57485428,1,10937
Experiment_1,73,0,hue vs brightness,tanned,12,196,1,0.02,0,3,5,0.687243285,-0.506234205,-1.033635402,1,5807
Experiment_1,73,0,hue vs brightness,fair,1,198,1,0.83,0,148,211,57.92578714,-10.04133521,-41.32829619,1,17165
Experiment_1,73,0,hue vs brightness,fair,3,190,1,0.67,0,142,170,54.28945027,-21.65319776,-23.74065876,1,11842
Experiment_1,73,0,hue vs brightness,tanned,9,284,1,0.44,82,0,112,19.89789073,48.72872724,-42.67889105,0,5453
Experiment_1,73,0,hue vs brightness,fair,2,173,1,0.44,0,112,99,41.98328108,-30.38339672,-0.469136026,1,5098
Experiment_1,73,0,hue vs brightness,fair,4,238,1,0.49,0,4,124,12.8730462,44.72074227,-62.31797542,1,3370
Experiment_1,73,0,hue vs brightness,fair,5,178,1,0.11,0,28,27,8.214812877,-10.29435448,-2.511751222,1,3174
Experiment_1,73,0,hue vs brightness,fair,6,348,1,0.69,175,0,35,36.43345426,61.0328671,34.13270365,0,8539
Experiment_1,73,0,hue vs brightness,tanned,11,209,1,0.67,0,88,170,37.62931722,10.60689763,-50.02081767,1,16644
Experiment_1,73,0,hue vs brightness,tanned,7,310,1,0.85,216,0,180,49.36755261,81.86339175,-35.94873232,0,6218
Experiment_1,73,0,hue vs saturation,fair,2,223,0.57,1,109,150,255,63.57683569,16.27418832,-56.54184372,1,11440
Experiment_1,73,0,hue vs saturation,tanned,11,309,0.57,1,255,109,233,68.07988164,69.85413641,-36.40624881,0,2425
Experiment_1,73,0,hue vs saturation,fair,4,244,0.68,1,93,81,255,46.22031468,54.3177843,-84.66335924,1,2767
Experiment_1,73,0,hue vs saturation,fair,5,157,0.67,1,84,255,189,90.35793633,-58.61096975,18.98905306,1,9918
Experiment_1,73,0,hue vs saturation,fair,1,186,0.87,1,33,232,255,84.61576756,-36.80968888,-23.92874705,1,4833
Experiment_1,73,0,hue vs saturation,fair,6,216,0.54,1,117,172,255,69.82909303,5.173812446,-46.6261592,1,2183
Experiment_1,73,0,hue vs saturation,tanned,12,292,0.63,1,233,94,255,63.79409273,74.36881085,-55.49701596,0,3149
Experiment_1,73,0,hue vs saturation,tanned,8,213,0.58,1,107,173,255,69.63512032,2.609496768,-46.96325926,1,10989
Experiment_1,73,0,hue vs saturation,tanned,7,320,0.59,1,255,104,204,66.1517296,67.76484649,-23.20997024,0,8467
Experiment_1,73,0,hue vs saturation,tanned,10,127,0.4,1,153,255,164,92.11951526,-47.87206076,34.38761287,1,7872
Experiment_1,73,0,hue vs saturation,tanned,9,271,0.85,1,150,38,255,45.75756995,79.1604502,-85.21330532,0,4908
Experiment_1,73,0,hue vs saturation,fair,3,138,0.48,1,132,255,169,91.36539406,-52.70032085,30.73341813,1,6925
Experiment_1,74,0,hue vs brightness,tanned,8,224,1,0.6,0,40,153,23.05866034,36.20283315,-63.56242334,1,1893
Experiment_1,74,0,hue vs brightness,fair,5,273,1,0.46,64,0,117,17.34052837,47.61516314,-50.22598098,0,9278
Experiment_1,74,0,hue vs brightness,tanned,10,120,1,0.33,0,84,0,30.25611917,-38.42954327,37.0903017,1,7569
Experiment_1,74,0,hue vs brightness,fair,4,205,1,0.49,0,72,124,29.63831555,1.875322688,-34.87057046,1,8549
Experiment_1,74,0,hue vs brightness,tanned,11,9,1,0.75,191,28,0,41.06772648,60.55284263,54.5889135,0,5960
Experiment_1,74,0,hue vs brightness,tanned,9,355,1,0.56,142,0,11,28.83741923,51.98003788,37.70267932,0,8120
Experiment_1,74,0,hue vs brightness,fair,6,353,1,0.18,45,0,5,5.138337715,22.31185536,6.071511493,0,2678
Experiment_1,74,0,hue vs brightness,fair,1,213,1,0.88,0,100,224,44.93624099,24.53792928,-69.47777406,1,7575
Experiment_1,74,0,hue vs brightness,tanned,7,178,1,0.47,0,119,115,44.84544093,-28.67616096,-5.855916357,1,8048
Experiment_1,74,0,hue vs brightness,fair,2,84,1,0.28,42,71,0,26.7311099,-22.59907299,34.70594842,0,6877
Experiment_1,74,0,hue vs brightness,tanned,12,182,1,0.43,0,105,109,39.92740856,-23.67488769,-9.593733077,1,5669
Experiment_1,74,0,hue vs brightness,fair,3,298,1,0.35,86,0,89,18.79872124,45.03814056,-29.24913708,0,4176
Experiment_1,74,0,hue vs saturation,tanned,9,210,0.88,1,30,142,255,58.82781457,11.17934695,-64.28432692,1,12666
Experiment_1,74,0,hue vs saturation,tanned,11,64,0.79,1,241,255,53,96.19461736,-26.37738627,85.7413112,0,8755
Experiment_1,74,0,hue vs saturation,fair,6,267,0.92,1,125,20,255,41.34343757,80.5273646,-92.59668138,1,8007
Experiment_1,74,0,hue vs saturation,fair,5,217,0.67,1,84,149,255,62.16825658,12.53915014,-58.85486783,1,5914
Experiment_1,74,0,hue vs saturation,tanned,10,31,0.76,1,255,161,61,74.24516677,27.23177316,63.55008298,0,7998
Experiment_1,74,0,hue vs saturation,tanned,12,215,0.96,1,10,112,255,50.53813819,29.0925614,-77.71294272,1,3638
Experiment_1,74,0,hue vs saturation,fair,3,266,0.94,1,119,15,255,40.38330115,80.8285472,-94.20784543,1,2374
Experiment_1,74,0,hue vs saturation,fair,4,207,0.07,1,237,246,255,96.46604021,-1.292976742,-5.347393655,1,5077
Experiment_1,74,0,hue vs saturation,tanned,7,91,0.85,1,143,255,38,90.55105956,-62.66095165,82.06546802,1,4855
Experiment_1,74,0,hue vs saturation,fair,1,252,0.8,1,91,50,255,40.77623678,69.11645776,-93.64335053,1,3699
Experiment_1,74,0,hue vs saturation,tanned,8,118,0.92,1,28,255,20,87.88061565,-84.7787761,81.62403774,1,6111
Experiment_1,74,0,hue vs saturation,fair,2,271,0.97,1,135,7,255,42.03532664,83.00570897,-91.41294931,0,5602
Experiment_1,75,0,hue vs saturation,fair,4,38,0.5,1,255,208,127,85.95845101,6.895431155,46.19869414,0,46314
Experiment_1,75,0,hue vs saturation,tanned,12,275,0.58,1,193,107,255,60.84586569,59.32981343,-60.49794035,0,55460
Experiment_1,75,0,hue vs saturation,tanned,11,198,0.54,1,117,213,255,81.06593186,-16.9780035,-29.18213625,1,39448
Experiment_1,75,0,hue vs saturation,tanned,9,5,0.69,1,255,93,79,61.35384694,60.74413609,41.17160275,0,25527
Experiment_1,75,0,hue vs saturation,fair,6,195,0.59,1,104,217,255,81.72323807,-21.47387663,-28.21570442,1,52544
Experiment_1,75,0,hue vs saturation,tanned,7,38,0.74,1,255,185,66,79.81332139,14.90804233,66.98833982,0,42050
Experiment_1,75,0,hue vs saturation,fair,5,212,0.65,1,89,166,255,66.98814857,3.405059268,-51.18578091,1,41270
Experiment_1,75,0,hue vs saturation,fair,2,5,0.75,1,255,79,63,59.16898217,65.50067654,47.30309755,0,27470
Experiment_1,75,0,hue vs saturation,fair,1,224,0.46,1,137,168,255,69.85498724,11.88595819,-46.51004039,1,41167
Experiment_1,75,0,hue vs saturation,tanned,8,356,0.48,1,255,132,140,69.22379662,47.345915,17.36598751,0,45060
Experiment_1,75,0,hue vs saturation,tanned,10,40,0.67,1,255,198,84,83.06647789,9.019164358,62.9242534,0,29697
Experiment_1,75,0,hue vs saturation,fair,3,210,0.6,1,102,178,255,70.79195393,-1.134500262,-45.16141535,1,31500
Experiment_1,75,0,hue vs brightness,tanned,11,349,1,0.3,76,0,14,13.03525674,33.90504671,14.50912763,0,22458
Experiment_1,75,0,hue vs brightness,fair,5,177,1,0.38,0,96,92,36.24950168,-24.86731876,-4.636064842,1,13648
Experiment_1,75,0,hue vs brightness,fair,3,183,1,0.39,0,94,99,35.80318257,-21.4239024,-9.653329069,1,18725
Experiment_1,75,0,hue vs brightness,fair,2,190,1,0.59,0,125,150,48.09485338,-19.72595079,-21.67432568,1,33378
Experiment_1,75,0,hue vs brightness,tanned,12,26,1,0.66,168,72,0,42.70224994,36.56069762,52.96761685,0,11444
Experiment_1,75,0,hue vs brightness,tanned,7,302,1,0.39,99,0,96,21.93416507,48.6071674,-28.74656523,0,13636
Experiment_1,75,0,hue vs brightness,tanned,8,326,1,0.36,91,0,52,17.79186446,40.86736626,-5.122557183,0,27475
Experiment_1,75,0,hue vs brightness,fair,6,174,1,0.62,0,158,142,58.421104,-38.46494447,-1.520070034,1,29922
Experiment_1,75,0,hue vs brightness,tanned,10,330,1,0.34,86,0,43,16.26978147,38.70477814,-1.023029993,0,33402
Experiment_1,75,0,hue vs brightness,fair,4,178,1,0.58,0,147,142,54.88689215,-33.4600841,-6.739231279,1,31101
Experiment_1,75,0,hue vs brightness,fair,1,170,1,0.54,0,137,114,50.81125396,-37.26581079,3.477017175,1,44859
Experiment_1,75,0,hue vs brightness,tanned,9,310,1,0.55,140,0,116,31.43153862,59.40820435,-26.14001082,0,20517
Experiment_1,76,1,hue vs saturation,tanned,10,197,0.29,1,181,234,255,89.80796243,-12.12575753,-15.63514759,1,15350
Experiment_1,76,1,hue vs saturation,tanned,8,187,0.27,1,186,246,255,93.26369787,-16.74734163,-10.4441069,1,2349
Experiment_1,76,1,hue vs saturation,fair,2,137,0.32,1,173,255,196,93.61952217,-36.64555285,20.42857026,1,3247
Experiment_1,76,1,hue vs saturation,fair,5,254,0,1,255,255,255,100,0.0052605,-0.010408185,1,7194
Experiment_1,76,1,hue vs saturation,fair,1,195,0.04,1,244,252,255,98.4615972,-2.073938444,-2.355920784,1,4200
Experiment_1,76,1,hue vs saturation,tanned,11,210,0.13,1,221,238,255,93.33799095,-2.281172222,-10.1014858,1,3813
Experiment_1,76,1,hue vs saturation,tanned,9,7,0.08,1,255,236,234,94.81942784,6.09672544,3.277623096,0,3659
Experiment_1,76,1,hue vs saturation,tanned,12,60,0.02,1,255,255,249,99.85270695,-1.033215761,2.85016918,0,3287
Experiment_1,76,1,hue vs saturation,tanned,7,115,0.03,1,247,255,247,99.22519851,-4.029248028,2.892416354,1,2448
Experiment_1,76,1,hue vs saturation,fair,6,242,0.03,1,247,247,255,97.43649778,1.434633766,-3.835873317,1,7519
Experiment_1,76,1,hue vs saturation,fair,3,119,0.18,1,209,255,209,95.86335807,-23.10141081,17.22164997,1,10599
Experiment_1,76,1,hue vs saturation,fair,4,258,0.09,1,238,232,255,93.06273679,6.211020701,-10.37843554,1,2273
Experiment_1,76,1,hue vs brightness,tanned,11,219,1,0.16,0,14,40,4.22087747,3.928776277,-18.50819937,1,14316
Experiment_1,76,1,hue vs brightness,fair,4,13,1,0.16,40,8,0,5.643607264,14.86059857,8.730590411,0,5321
Experiment_1,76,1,hue vs brightness,fair,1,142,1,0.19,0,48,17,16.2773946,-24.07061333,15.40436837,1,3644
Experiment_1,76,1,hue vs brightness,tanned,7,203,1,0.26,0,40,66,15.01270688,-1.843732365,-20.1523434,1,4633
Experiment_1,76,1,hue vs brightness,tanned,10,46,1,0.32,81,62,0,27.28207905,2.223816695,36.55345867,0,2812
Experiment_1,76,1,hue vs brightness,fair,2,242,1,0.24,2,0,61,3.15996735,21.89885289,-35.78793996,1,2186
Experiment_1,76,1,hue vs brightness,tanned,9,232,1,0.24,0,8,61,4.612099855,18.06447476,-33.42756905,1,1505
Experiment_1,76,1,hue vs brightness,fair,3,242,1,0.24,2,0,61,3.15996735,21.89885289,-35.78793996,1,1124
Experiment_1,76,1,hue vs brightness,tanned,12,235,1,0.24,0,5,61,4.023833202,19.33631405,-34.38588611,1,1050
Experiment_1,76,1,hue vs brightness,tanned,8,224,1,0.27,0,18,68,7.677690632,16.26664423,-33.40493596,1,1830
Experiment_1,76,1,hue vs brightness,fair,5,286,1,0.23,44,0,58,7.59633362,31.62633802,-26.18992277,0,4135
Experiment_1,76,1,hue vs brightness,fair,6,119,1,0.24,1,61,0,21.3718112,-30.80804562,28.8833213,1,2527
Experiment_1,77,1,hue vs brightness,tanned,11,11,1,0.52,132,24,0,28.27090224,43.97287132,40.81588613,0,36265
Experiment_1,77,1,hue vs brightness,fair,3,352,1,0.65,165,0,22,34.10185264,58.162267,38.55755853,0,13091
Experiment_1,77,1,hue vs brightness,tanned,9,113,1,0.45,13,114,0,41.40651299,-46.34877806,46.08799506,1,12211
Experiment_1,77,1,hue vs brightness,tanned,8,203,1,0.58,0,91,147,37.09399409,-0.893050354,-37.10827066,1,8900
Experiment_1,77,1,hue vs brightness,fair,4,241,1,0.66,2,0,168,19.39162115,57.95641124,-78.82142477,1,6732
Experiment_1,77,1,hue vs brightness,fair,2,37,1,0.73,186,114,0,54.52607487,21.69055526,61.50429777,0,9911
Experiment_1,77,1,hue vs brightness,tanned,10,121,1,0.69,0,175,2,62.22324045,-64.93593807,62.45594303,1,10303
Experiment_1,77,1,hue vs brightness,fair,1,186,1,0.73,0,167,186,62.66148013,-28.92458815,-19.98037304,1,7533
Experiment_1,77,1,hue vs brightness,tanned,7,353,1,0.76,193,0,22,40.23857506,65.22400316,46.09145948,0,7372
Experiment_1,77,1,hue vs brightness,fair,6,202,1,0.77,0,124,196,49.9787007,-1.734055163,-45.40030245,1,6337
Experiment_1,77,1,hue vs brightness,tanned,12,20,1,0.35,89,29,0,20.05421312,26.26523187,29.72365635,0,8055
Experiment_1,77,1,hue vs brightness,fair,5,121,1,0.45,0,114,1,41.27457811,-47.53530326,45.67657305,1,8806
Experiment_1,77,1,hue vs saturation,fair,6,232,0.48,1,132,148,255,64.40738857,22.26099258,-55.13901682,1,18690
Experiment_1,77,1,hue vs saturation,tanned,8,238,0.99,1,2,10,255,32.81011782,77.71623225,-107.0136622,1,11164
Experiment_1,77,1,hue vs saturation,fair,4,204,0.4,1,153,214,255,82.95883522,-9.301626555,-26.14370264,1,8029
Experiment_1,77,1,hue vs saturation,tanned,9,57,0.43,1,255,249,145,96.43297377,-12.09438789,50.44910859,0,7705
Experiment_1,77,1,hue vs saturation,tanned,7,312,0.59,1,255,104,224,66.93232987,70.60314265,-33.1949326,0,5402
Experiment_1,77,1,hue vs saturation,fair,2,117,0.44,1,148,255,142,91.58106655,-52.5429816,44.42367888,1,7450
Experiment_1,77,1,hue vs saturation,fair,3,167,0.6,1,102,255,221,91.48943472,-48.45913076,4.179589049,1,8223
Experiment_1,77,1,hue vs saturation,fair,1,246,0.32,1,181,173,255,74.14554633,20.51045429,-39.57907198,1,4305
Experiment_1,77,1,hue vs saturation,fair,5,117,0.4,1,158,255,153,92.17128424,-48.06358888,39.92949452,1,5814
Experiment_1,77,1,hue vs saturation,tanned,12,63,0.33,1,250,255,170,97.93190728,-14.24882466,40.13061607,0,3919
Experiment_1,77,1,hue vs saturation,tanned,11,54,0.84,1,255,233,40,91.54605043,-10.39482949,85.30323072,0,4267
Experiment_1,77,1,hue vs saturation,tanned,10,187,0.74,1,66,232,255,85.0430561,-34.19422105,-23.23966699,1,4556
Experiment_1,78,1,hue vs saturation,fair,1,282,0.44,1,221,142,255,70.82825895,48.71880308,-44.48804903,0,21551
Experiment_1,78,1,hue vs saturation,fair,5,242,0.95,1,20,12,255,33.20370189,77.52440121,-106.348453,1,11850
Experiment_1,78,1,hue vs saturation,tanned,10,331,0.72,1,255,71,160,60.16288135,74.90371398,-7.101652271,0,10806
Experiment_1,78,1,hue vs saturation,tanned,8,216,0.69,1,79,149,255,61.97828811,11.80146848,-59.16920099,1,2473
Experiment_1,78,1,hue vs saturation,tanned,7,269,0.88,1,139,30,255,43.70853171,79.8672795,-88.63501789,1,3810
Experiment_1,78,1,hue vs saturation,tanned,11,141,0.81,1,48,255,120,88.68774748,-75.39695971,50.60138989,1,9347
Experiment_1,78,1,hue vs saturation,fair,3,264,0.82,1,129,45,255,43.89241387,74.70056147,-88.37363446,1,3745
Experiment_1,78,1,hue vs saturation,fair,6,241,0.94,1,19,15,255,33.35032448,76.99387296,-106.1038194,1,9777
Experiment_1,78,1,hue vs saturation,fair,2,197,0.3,1,178,233,255,89.37556851,-12.4523018,-16.30120634,1,4120
Experiment_1,78,1,hue vs saturation,fair,4,86,0.5,1,199,255,127,93.96683003,-37.71246117,54.99128374,0,2351
Experiment_1,78,1,hue vs saturation,tanned,12,21,0.56,1,255,162,112,74.99523005,29.63537975,40.17687883,0,3320
Experiment_1,78,1,hue vs saturation,tanned,9,4,0.75,1,255,76,63,58.77736283,66.5764795,46.88366033,0,2536
Experiment_1,78,1,hue vs brightness,fair,2,284,1,0.49,91,0,124,22.5818433,52.38678496,-45.94279581,0,15729
Experiment_1,78,1,hue vs brightness,tanned,11,31,1,0.57,145,75,0,39.66773988,25.31987295,49.29025302,0,3579
Experiment_1,78,1,hue vs brightness,fair,6,331,1,0.53,135,0,65,28.20110424,52.73936659,2.31290226,0,6340
Experiment_1,78,1,hue vs brightness,fair,4,104,1,0.3,20,76,0,27.62110728,-32.27048462,35.10736363,1,6232
Experiment_1,78,1,hue vs brightness,tanned,8,208,1,0.47,0,63,119,26.41015142,5.875263131,-36.90220241,1,2035
Experiment_1,78,1,hue vs brightness,fair,1,283,1,0.41,74,0,104,17.71533531,45.96957564,-41.07945763,0,3571
Experiment_1,78,1,hue vs brightness,tanned,9,348,1,0.29,73,0,14,12.27471295,33.04178264,13.35370411,0,3606
Experiment_1,78,1,hue vs brightness,fair,3,157,1,0.53,0,135,83,49.43841929,-44.25989363,19.36764685,1,3471
Experiment_1,78,1,hue vs brightness,tanned,12,32,1,0.73,186,99,0,51.10897212,29.85947717,59.35779498,0,3544
Experiment_1,78,1,hue vs brightness,tanned,10,98,1,0.64,59,163,0,59.08910497,-54.05532852,60.57212428,1,4306
Experiment_1,78,1,hue vs brightness,fair,5,187,1,0.47,0,105,119,40.3037696,-20.13819651,-15.11284088,1,2851
Experiment_1,78,1,hue vs brightness,tanned,7,297,1,0.42,101,0,107,23.09527864,50.79704081,-34.08015359,0,2933
Experiment_1,79,1,hue vs saturation,fair,2,259,0.84,1,108,40,255,41.09783374,74.21851686,-93.06232702,1,34037
Experiment_1,79,1,hue vs saturation,tanned,11,329,0.49,1,255,130,194,70.26012831,54.61503233,-11.39065368,0,14486
Experiment_1,79,1,hue vs saturation,fair,3,338,0.92,1,255,20,106,54.86668346,81.59817238,17.27935337,0,10735
Experiment_1,79,1,hue vs saturation,fair,4,60,0.6,1,255,255,102,97.52684595,-18.44108739,70.89858531,0,9051
Experiment_1,79,1,hue vs saturation,tanned,8,184,0.27,1,186,250,255,94.32531204,-18.72495793,-8.867378481,1,26343
Experiment_1,79,1,hue vs saturation,tanned,12,14,0.77,1,255,104,58,62.89915934,55.17618027,53.67950696,0,27029
Experiment_1,79,1,hue vs saturation,tanned,7,328,0.29,1,255,181,220,81.55202099,32.51252337,-8.800547175,0,13807
Experiment_1,79,1,hue vs saturation,fair,5,232,0.28,1,183,193,255,79.2867081,10.0594939,-31.61100156,1,19084
Experiment_1,79,1,hue vs saturation,tanned,10,38,0.08,1,255,247,234,97.51987466,0.497625528,7.180686388,0,6534
Experiment_1,79,1,hue vs saturation,tanned,9,332,0.59,1,255,104,174,65.13415148,63.96535164,-7.765756425,0,6060
Experiment_1,79,1,hue vs saturation,fair,1,72,0.45,1,232,255,140,96.232401,-24.25732149,52.1950553,0,7788
Experiment_1,79,1,hue vs saturation,fair,6,262,0.97,1,98,7,255,37.78606675,80.47551777,-98.58423695,1,12656
Experiment_1,79,1,hue vs brightness,tanned,8,171,1,0.94,0,239,203,85.01926418,-55.66285586,4.014434954,1,11962
Experiment_1,79,1,hue vs brightness,tanned,7,315,1,0.76,193,0,145,43.33296644,73.35642017,-24.79775229,0,8099
Experiment_1,79,1,hue vs brightness,tanned,9,305,1,0.93,237,0,217,55.08704266,90.23433305,-48.04344591,0,3658
Experiment_1,79,1,hue vs brightness,tanned,11,259,1,0.95,76,0,242,33.87289816,77.42266041,-97.83172003,1,22755
Experiment_1,79,1,hue vs brightness,tanned,12,34,1,0.89,226,128,0,63.01681344,31.21986994,69.52425152,0,7370
Experiment_1,79,1,hue vs brightness,tanned,10,266,1,0.95,104,0,242,36.65686032,78.79261875,-93.12428881,1,22363
Experiment_1,79,1,hue vs brightness,fair,6,269,1,0.71,87,0,181,27.74333999,64.15786262,-72.5607193,1,7646
Experiment_1,79,1,hue vs brightness,fair,4,64,1,0.96,228,244,0,92.21854842,-27.42662991,89.95191696,0,12273
Experiment_1,79,1,hue vs brightness,fair,1,156,1,0.87,0,221,133,78.11430587,-64.89223055,30.81733768,1,2790
Experiment_1,79,1,hue vs brightness,fair,2,261,1,0.98,87,0,249,35.72459929,79.46129279,-98.67329982,1,8041
Experiment_1,79,1,hue vs brightness,fair,5,290,1,0.63,133,0,160,32.9725444,65.09229672,-51.07228348,0,7576
Experiment_1,79,1,hue vs brightness,fair,3,159,1,0.75,0,191,124,68.54565416,-56.18016085,22.70188553,1,4703
Experiment_1,80,1,hue vs brightness,tanned,10,89,1,0.46,60,117,0,43.77518816,-36.49582241,48.52432679,0,3423
Experiment_1,80,1,hue vs brightness,tanned,8,358,1,0.69,175,0,5,36.2236996,60.46100175,48.55730072,0,33694
Experiment_1,80,1,hue vs brightness,fair,6,224,1,0.34,0,23,86,11.16790132,20.61528094,-40.10994847,1,10556
Experiment_1,80,1,hue vs brightness,tanned,11,91,1,0.37,45,94,0,35.12951048,-31.98428769,41.46897033,1,4868
Experiment_1,80,1,hue vs brightness,fair,4,311,1,0.67,170,0,139,38.56866674,68.19806878,-28.89828157,0,3527
Experiment_1,80,1,hue vs brightness,tanned,9,52,1,0.86,219,190,0,77.21320811,-4.643272609,78.71002906,0,8983
Experiment_1,80,1,hue vs brightness,tanned,12,303,1,0.38,96,0,92,21.0545713,47.39753971,-27.53060296,0,6997
Experiment_1,80,1,hue vs brightness,fair,3,195,1,0.81,0,154,206,59.49591194,-15.21365671,-36.064923,1,7659
Experiment_1,80,1,hue vs brightness,tanned,7,291,1,0.32,69,0,81,14.73078865,40.57535688,-30.55836582,0,3515
Experiment_1,80,1,hue vs brightness,fair,5,207,1,0.57,0,79,145,33.21365471,6.140693627,-42.09725483,1,12243
Experiment_1,80,1,hue vs brightness,fair,1,348,1,0.45,114,0,22,22.42726405,44.78594365,23.18455086,0,6006
Experiment_1,80,1,hue vs brightness,fair,2,306,1,0.13,33,0,29,3.721937568,18.73366609,-10.46970119,0,3579
Experiment_1,80,1,hue vs saturation,fair,1,276,0.2,1,234,204,255,85.95549794,19.6286609,-21.07522329,0,15118
Experiment_1,80,1,hue vs saturation,fair,6,15,0.03,1,255,249,247,98.32357105,1.653115855,1.653568344,0,10434
Experiment_1,80,1,hue vs saturation,tanned,7,75,0.9,1,197,255,25,93.21567896,-44.32844001,87.54641027,0,6050
Experiment_1,80,1,hue vs saturation,fair,2,347,0.26,1,255,188,203,82.66724558,26.24937867,1.983240404,0,2732
Experiment_1,80,1,hue vs saturation,tanned,10,31,0.5,1,255,193,127,82.34229915,14.67698628,41.68113214,0,7543
Experiment_1,80,1,hue vs saturation,tanned,9,311,0.2,1,255,204,245,87.50361453,24.59641976,-13.26934344,0,3105
Experiment_1,80,1,hue vs saturation,fair,5,225,0.53,1,119,153,255,64.9025228,16.52583752,-54.40125225,1,2080
Experiment_1,80,1,hue vs saturation,tanned,11,66,0.34,1,246,255,168,97.60779982,-15.96876604,40.63705677,0,3308
Experiment_1,80,1,hue vs saturation,tanned,8,351,0.92,1,255,20,55,54.0653364,79.37476765,46.22777236,0,4890
Experiment_1,80,1,hue vs saturation,tanned,12,36,0.2,1,255,234,204,93.65220812,2.49904375,17.15848694,0,6235
Experiment_1,80,1,hue vs saturation,fair,4,51,0.21,1,255,246,201,96.56981867,-3.987066557,22.7705794,0,2461
Experiment_1,80,1,hue vs saturation,fair,3,239,0.64,1,91,94,255,48.8215528,46.69209029,-80.4069274,1,3248
Experiment_1,81,1,hue vs saturation,fair,5,104,0.71,1,122,255,73,89.92366005,-66.90242742,71.59831008,1,4574
Experiment_1,81,1,hue vs saturation,fair,6,341,0.03,1,255,247,249,97.88170454,3.010994158,-0.020412373,0,5385
Experiment_1,81,1,hue vs saturation,fair,2,10,0.93,1,255,57,17,56.31408531,71.55504992,64.60701977,0,8523
Experiment_1,81,1,hue vs saturation,tanned,8,120,0.8,1,50,255,50,88.1743864,-81.81585007,76.28686968,1,11305
Experiment_1,81,1,hue vs saturation,fair,3,291,0.15,1,249,216,255,90.07779161,18.12123624,-14.7408259,0,3346
Experiment_1,81,1,hue vs saturation,tanned,11,357,0.94,1,255,15,27,53.68665533,79.27795691,59.55089232,0,5926
Experiment_1,81,1,hue vs saturation,fair,4,63,0.76,1,245,255,61,96.52086269,-24.49352908,83.99665471,0,5794
Experiment_1,81,1,hue vs saturation,tanned,12,244,0.95,1,28,12,255,33.41374678,77.61078459,-105.992277,1,18068
Experiment_1,81,1,hue vs saturation,tanned,9,4,0.97,1,255,24,7,53.9511746,78.12662829,65.79718365,0,15769
Experiment_1,81,1,hue vs saturation,tanned,7,351,0.94,1,255,15,51,53.85753697,79.75322651,48.19213851,0,9174
Experiment_1,81,1,hue vs saturation,tanned,10,252,0.89,1,73,28,255,36.86826637,75.40896564,-100.1706337,1,7817
Experiment_1,81,1,hue vs saturation,fair,1,331,0.75,1,255,63,156,59.17309607,76.94613303,-6.239725126,0,15398
Experiment_1,81,1,hue vs brightness,tanned,9,358,1,0.9,229,0,7,47.84579664,73.90683214,59.95307185,0,76558
Experiment_1,81,1,hue vs brightness,tanned,10,251,1,0.9,42,0,229,29.78626105,73.43222173,-97.31021391,1,5294
Experiment_1,81,1,hue vs brightness,fair,3,245,1,0.46,9,0,117,11.56906285,44.67029575,-59.97866049,1,3479
Experiment_1,81,1,hue vs brightness,tanned,8,24,1,0.55,140,56,0,34.81007294,33.41205777,46.03605932,0,5029
Experiment_1,81,1,hue vs brightness,tanned,7,234,1,0.97,0,24,247,32.63187243,72.72737899,-102.8115841,1,9571
Experiment_1,81,1,hue vs brightness,tanned,12,26,1,0.84,214,92,0,53.97437455,44.61542476,63.24883997,0,5836
Experiment_1,81,1,hue vs brightness,fair,5,300,1,0.94,239,0,239,56.66656294,93.55087228,-57.93048199,0,7143
Experiment_1,81,1,hue vs brightness,fair,1,253,1,0.94,51,0,239,31.66031337,75.97771084,-99.86837816,1,102727
Experiment_1,81,1,hue vs brightness,fair,4,97,1,0.67,65,170,0,61.54472052,-55.01306069,62.58964957,1,5324
Experiment_1,81,1,hue vs brightness,fair,2,247,1,0.04,1,0,10,0.256242549,1.652546554,-3.693154425,1,2578
Experiment_1,81,1,hue vs brightness,tanned,11,8,1,0.71,181,24,0,38.68530615,58.5908278,52.39189475,0,5470
Experiment_1,81,1,hue vs brightness,fair,6,242,1,0.89,7,0,226,28.21070866,72.32722657,-98.25235287,1,111141
Experiment_1,82,0,hue vs brightness,tanned,12,221,1,0.29,0,23,73,9.749856547,14.67580256,-33.50735461,1,15748
Experiment_1,82,0,hue vs brightness,tanned,11,21,1,0.81,206,72,0,49.19947719,50.75081073,59.96448094,0,7015
Experiment_1,82,0,hue vs brightness,tanned,8,338,1,0.72,183,0,67,38.67747991,64.37675501,17.1257987,0,8046
Experiment_1,82,0,hue vs brightness,tanned,9,6,1,0.74,188,18,0,39.78850257,61.5892413,53.71605525,0,11016
Experiment_1,82,0,hue vs brightness,fair,5,230,1,0.18,0,7,45,3.084013866,9.221969424,-24.08905102,1,21261
Experiment_1,82,0,hue vs brightness,tanned,10,4,1,0.88,224,14,0,47.18549253,71.44278335,61.09216553,0,9073
Experiment_1,82,0,hue vs brightness,fair,4,172,1,0.17,0,43,37,14.74199838,-16.15335478,-0.171512907,1,13063
Experiment_1,82,0,hue vs brightness,fair,3,349,1,0.38,96,0,17,18.04147608,39.67583947,20.25618816,0,9005
Experiment_1,82,0,hue vs brightness,fair,1,353,1,0.53,135,0,15,27.25653158,50.20343067,33.81123829,0,14631
Experiment_1,82,0,hue vs brightness,fair,6,1,1,0.92,234,3,0,48.95500586,74.83316968,63.01604979,0,16669
Experiment_1,82,0,hue vs brightness,fair,2,5,1,0.37,94,7,0,18.06110283,36.60436918,27.68761639,0,9754
Experiment_1,82,0,hue vs brightness,tanned,7,8,1,0.86,219,29,0,46.89409197,68.01874612,60.34873584,0,6638
Experiment_1,82,0,hue vs saturation,fair,2,4,0.9,1,255,40,25,54.91518939,75.69507607,61.15171176,0,26913
Experiment_1,82,0,hue vs saturation,tanned,11,10,0.86,1,255,72,35,58.05230869,67.19008759,59.56820721,0,4346
Experiment_1,82,0,hue vs saturation,tanned,12,241,0.98,1,9,5,255,32.67132894,78.49049573,-107.2435777,1,8514
Experiment_1,82,0,hue vs saturation,tanned,9,354,0.78,1,255,56,75,56.67998978,73.29143804,37.9024539,0,5245
Experiment_1,82,0,hue vs saturation,tanned,10,24,0.78,1,255,135,56,68.65951143,40.37117375,60.23074051,0,17057
Experiment_1,82,0,hue vs saturation,fair,5,4,0.89,1,255,43,28,55.14600598,75.11934645,60.17269202,0,5549
Experiment_1,82,0,hue vs saturation,fair,4,353,0.82,1,255,45,70,55.66376009,75.78416799,39.56754806,0,17902
Experiment_1,82,0,hue vs saturation,fair,6,5,0.85,1,255,56,38,56.315639,72.14350168,56.87256467,0,8762
Experiment_1,82,0,hue vs saturation,fair,1,352,0.84,1,255,40,69,55.28517922,76.79015977,39.70249009,0,10132
Experiment_1,82,0,hue vs saturation,tanned,8,310,0.9,1,255,25,216,58.89383263,91.25229291,-41.25112721,0,8328
Experiment_1,82,0,hue vs saturation,tanned,7,225,0.81,1,48,100,255,48.21303009,38.48401958,-81.4826007,1,11726
Experiment_1,82,0,hue vs saturation,fair,3,230,0.92,1,20,59,255,38.71943254,61.05123906,-97.15798993,1,16096
Experiment_1,83,0,hue vs brightness,fair,4,306,1,0.48,122,0,110,27.47228434,55.09827734,-28.79037703,0,9139
Experiment_1,83,0,hue vs brightness,tanned,8,302,1,0.53,135,0,130,31.26024222,60.48196763,-35.31406414,0,6769
Experiment_1,83,0,hue vs brightness,tanned,9,205,1,0.34,0,50,86,19.85504045,0.24725148,-26.02371069,1,10837
Experiment_1,83,0,hue vs brightness,fair,1,249,1,0.73,27,0,186,22.92413343,62.74797281,-83.70965031,1,4511
Experiment_1,83,0,hue vs brightness,tanned,7,45,1,0.65,165,124,0,54.46420441,6.604624684,60.23151632,0,8056
Experiment_1,83,0,hue vs brightness,tanned,11,260,1,0.53,45,0,135,17.02304427,50.52946251,-62.31193259,1,8379
Experiment_1,83,0,hue vs brightness,fair,6,95,1,0.59,62,150,0,54.90386371,-48.71385845,57.30216251,1,2647
Experiment_1,83,0,hue vs brightness,fair,5,186,1,0.72,0,165,183,61.93720096,-28.93006684,-19.40371727,1,2226
Experiment_1,83,0,hue vs brightness,tanned,12,332,1,0.44,112,0,52,22.62825884,46.05306676,2.547649843,0,3073
Experiment_1,83,0,hue vs brightness,tanned,10,309,1,0.3,76,0,65,15.05172771,39.1213914,-18.85648849,0,2501
Experiment_1,83,0,hue vs brightness,fair,2,347,1,0.64,163,0,35,33.79029152,58.01385262,30.52350963,0,1853
Experiment_1,83,0,hue vs brightness,fair,3,124,1,0.62,0,158,10,56.56089673,-59.9824738,56.65990808,1,2016
Experiment_1,83,0,hue vs saturation,fair,2,247,0.79,1,77,53,255,40.15389552,66.72678089,-94.70666482,1,7180
Experiment_1,83,0,hue vs saturation,fair,4,87,0.92,1,149,255,20,90.76167827,-61.23280517,85.17484335,0,3598
Experiment_1,83,0,hue vs saturation,fair,5,336,0.78,1,255,56,135,57.88259455,77.00491104,4.217086575,0,3449
Experiment_1,83,0,hue vs saturation,tanned,9,139,0.79,1,53,255,117,88.71470327,-75.29605086,52.01562912,1,2815
Experiment_1,83,0,hue vs saturation,tanned,12,120,0.96,1,10,255,10,87.77881146,-85.76022382,82.47203041,1,3566
Experiment_1,83,0,hue vs saturation,tanned,7,208,0.38,1,158,209,255,81.88709963,-5.394448984,-27.75701415,1,3230
Experiment_1,83,0,hue vs saturation,fair,1,227,0.57,1,109,141,255,61.23867742,21.59811101,-60.27223165,1,2172
Experiment_1,83,0,hue vs saturation,fair,6,274,0.52,1,197,122,255,64.16850696,52.71641286,-55.17323106,0,1647
Experiment_1,83,0,hue vs saturation,tanned,10,122,0.79,1,53,255,60,88.25809068,-80.90440978,73.59539514,1,1913
Experiment_1,83,0,hue vs saturation,fair,3,290,0.71,1,224,73,255,59.7370016,80.30674291,-62.04811223,0,1837
Experiment_1,83,0,hue vs saturation,tanned,8,217,0.61,1,99,159,255,65.49008532,9.147063954,-53.53169973,1,2281
Experiment_1,83,0,hue vs saturation,tanned,11,237,0.81,1,48,58,255,39.36827082,62.56530341,-96.0570484,1,2692
Experiment_1,84,0,hue vs brightness,tanned,9,97,1,0.17,16,43,0,14.61255882,-19.62698971,20.93222787,1,18000
Experiment_1,84,0,hue vs brightness,fair,2,356,1,0.39,99,0,6,18.65243161,40.18621671,26.23901857,0,10314
Experiment_1,84,0,hue vs brightness,tanned,10,354,1,0.77,196,0,19,40.8687796,65.9222087,48.21613201,0,31616
Experiment_1,84,0,hue vs brightness,fair,1,241,1,0.2,0,0,51,2.159016152,15.17153355,-30.06625934,1,21746
Experiment_1,84,0,hue vs brightness,fair,5,259,1,0.33,26,0,84,7.765649836,36.20140865,-44.32260186,1,61874
Experiment_1,84,0,hue vs brightness,tanned,7,101,1,0.26,20,66,0,23.82015353,-28.35599005,31.58740238,1,4553
Experiment_1,84,0,hue vs brightness,fair,6,288,1,0.83,169,0,211,42.97069219,78.98345978,-64.70234587,0,7282
Experiment_1,84,0,hue vs brightness,tanned,11,133,1,0.36,0,91,19,32.98247298,-39.28715502,32.88844535,1,6623
Experiment_1,84,0,hue vs brightness,fair,3,98,1,0.55,51,140,0,51.22106835,-47.99397512,54.24316661,1,9426
Experiment_1,84,0,hue vs brightness,tanned,8,145,1,0.55,0,140,58,50.75926204,-50.60226432,34.42216217,1,6436
Experiment_1,84,0,hue vs brightness,fair,4,12,1,0.76,193,38,0,42.34391939,58.66837425,55.35217671,0,9869
Experiment_1,84,0,hue vs brightness,tanned,12,81,1,0.3,49,76,0,28.95848562,-22.05475658,36.75843749,0,12141
Experiment_1,84,0,hue vs saturation,fair,2,355,0.94,1,255,15,35,53.73185789,79.40385197,56.12821364,0,16325
Experiment_1,84,0,hue vs saturation,tanned,8,108,0.94,1,63,255,15,88.26197868,-81.39860603,82.63683255,1,17505
Experiment_1,84,0,hue vs saturation,fair,4,344,0.67,1,255,84,129,60.94510506,67.5403628,12.09856437,0,10311
Experiment_1,84,0,hue vs saturation,tanned,9,239,0.79,1,53,56,255,39.25047344,63.79791584,-96.24592754,1,10209
Experiment_1,84,0,hue vs saturation,tanned,7,242,0.41,1,153,150,255,66.37065838,26.07361481,-51.93324204,1,10365
Experiment_1,84,0,hue vs saturation,fair,5,271,0.67,1,172,84,255,54.37677268,65.74743439,-71.03885984,0,10919
Experiment_1,84,0,hue vs saturation,tanned,10,34,0.51,1,255,198,124,83.49675482,11.81362635,44.63726768,0,12114
Experiment_1,84,0,hue vs saturation,tanned,11,138,0.81,1,48,255,110,88.57831016,-76.72040659,54.97119548,1,7009
Experiment_1,84,0,hue vs saturation,tanned,12,230,0.53,1,119,142,255,62.07296712,22.98625235,-58.9059414,1,22810
Experiment_1,84,0,hue vs saturation,fair,3,66,0.49,1,242,255,130,96.82396275,-21.40043383,57.71428725,0,4541
Experiment_1,84,0,hue vs saturation,fair,6,289,0.95,1,210,12,255,53.15091874,90.93899976,-72.77757313,0,6480
Experiment_1,84,0,hue vs saturation,fair,1,136,0.78,1,56,255,109,88.66896104,-75.99338644,55.54341587,1,5944
Experiment_1,85,0,hue vs brightness,tanned,8,139,1,0.94,0,239,75,83.04141853,-78.57331881,63.11622814,1,9381
Experiment_1,85,0,hue vs brightness,fair,5,163,1,0.75,0,191,137,68.80031038,-53.28219515,16.08318439,1,13670
Experiment_1,85,0,hue vs brightness,tanned,11,358,1,0.76,193,0,6,40.16481437,65.02250007,52.29926729,0,5658
Experiment_1,85,0,hue vs brightness,fair,3,136,1,0.82,0,209,55,73.46549752,-71.85200394,60.4538533,1,11202
Experiment_1,85,0,hue vs brightness,fair,4,109,1,0.41,19,104,0,37.91247116,-42.33940454,43.33381147,1,12740
Experiment_1,85,0,hue vs brightness,tanned,12,22,1,0.77,196,71,0,47.29070794,47.63209825,58.01824747,0,8319
Experiment_1,85,0,hue vs brightness,fair,1,195,1,0.82,0,156,209,60.23084634,-15.22056586,-36.59441546,1,9205
Experiment_1,85,0,hue vs brightness,tanned,10,3,1,0.8,204,10,0,42.84517626,66.76053508,56.92993868,0,7471
Experiment_1,85,0,hue vs brightness,fair,6,279,1,0.92,152,0,234,42.17872775,81.12896184,-79.26456665,0,5092
Experiment_1,85,0,hue vs brightness,tanned,9,351,1,0.7,178,0,26,37.00303655,61.5477068,40.05097391,0,4699
Experiment_1,85,0,hue vs brightness,tanned,7,69,1,0.37,80,94,0,37.31845146,-17.17900984,44.10054474,0,4360
Experiment_1,85,0,hue vs brightness,fair,2,111,1,0.39,14,99,0,36.01708695,-41.43453373,41.78522124,1,12355
Experiment_1,85,0,hue vs saturation,fair,6,241,0.59,1,107,104,255,52.11469234,43.25558301,-74.99250995,1,7093
Experiment_1,85,0,hue vs saturation,tanned,8,73,0.44,1,230,255,142,96.11941104,-24.80392649,51.08183982,0,7438
Experiment_1,85,0,hue vs saturation,fair,3,220,0.41,1,150,185,255,75.0777488,5.531100032,-38.29243804,1,4708
Experiment_1,85,0,hue vs saturation,fair,5,239,0.34,1,168,169,255,72.17550476,19.17099775,-42.72551567,1,8494
Experiment_1,85,0,hue vs saturation,tanned,11,1,0.89,1,255,31,28,54.36890348,77.34109332,59.62442018,0,3718
Experiment_1,85,0,hue vs saturation,tanned,7,305,0.94,1,255,15,235,59.52545208,94.63682895,-50.96713491,0,9145
Experiment_1,85,0,hue vs saturation,fair,2,248,0.33,1,182,170,255,73.49004309,22.46035399,-40.59415182,1,7550
Experiment_1,85,0,hue vs saturation,tanned,12,27,0.87,1,255,132,33,67.92641622,41.24426448,68.06426153,0,9739
Experiment_1,85,0,hue vs saturation,fair,1,244,0.29,1,185,181,255,76.42513375,17.21264726,-36.01600921,1,3922
Experiment_1,85,0,hue vs saturation,tanned,10,2,0.94,1,255,23,15,53.92849076,78.30844205,63.82659235,0,6704
Experiment_1,85,0,hue vs saturation,tanned,9,320,0.19,1,255,206,238,87.76393739,22.34322913,-9.178163441,0,3612
Experiment_1,85,0,hue vs saturation,fair,4,105,0.32,1,193,255,173,94.25870202,-34.07132029,33.10269632,1,5193
Experiment_1,86,0,hue vs brightness,fair,5,254,1,0.14,8,0,35,1.562452376,9.794765434,-18.72990927,1,65257
Experiment_1,86,0,hue vs brightness,tanned,7,84,1,0.24,36,61,0,22.69744442,-20.18690021,30.69025788,0,30828
Experiment_1,86,0,hue vs brightness,fair,4,168,1,0.22,0,56,44,20.08468412,-20.58589107,2.725722284,1,7052
Experiment_1,86,0,hue vs brightness,fair,3,329,1,0.15,38,0,19,4.146889726,19.59714937,-2.238704563,0,11664
Experiment_1,86,0,hue vs brightness,tanned,8,271,1,0.52,68,0,132,19.61791619,51.45383801,-56.02623767,0,5212
Experiment_1,86,0,hue vs brightness,fair,2,152,1,0.36,0,91,48,33.34065886,-34.86564314,18.27308049,1,11402
Experiment_1,86,0,hue vs brightness,tanned,9,341,1,0.74,188,0,59,39.59248156,65.16309806,23.62520602,0,15098
Experiment_1,86,0,hue vs brightness,tanned,10,189,1,0.41,0,88,104,33.9389515,-16.29622193,-15.60971238,1,5074
Experiment_1,86,0,hue vs brightness,fair,6,280,1,0.35,59,0,89,13.53794679,40.70271845,-38.02576289,0,15481
Experiment_1,86,0,hue vs brightness,fair,1,333,1,0.26,66,0,29,10.89936708,32.1256043,0.985775501,0,8750
Experiment_1,86,0,hue vs brightness,tanned,11,328,1,0.53,135,0,72,28.4295487,53.34123386,-2.069108662,0,3218
Experiment_1,86,0,hue vs brightness,tanned,12,244,1,0.65,11,0,165,19.17302956,57.2698026,-77.35829641,1,5352
Experiment_1,86,0,hue vs saturation,fair,5,8,0.74,1,255,91,66,60.90104472,60.9922421,47.59849326,0,4679
Experiment_1,86,0,hue vs saturation,tanned,7,116,0.27,1,190,255,186,94.31761821,-33.06091371,26.61292205,1,6879
Experiment_1,86,0,hue vs saturation,tanned,8,329,0.47,1,255,135,197,71.29572235,52.60048992,-11.51192567,0,10306
Experiment_1,86,0,hue vs saturation,fair,4,173,0.43,1,145,255,242,93.42901739,-34.65828957,-3.68131854,1,5533
Experiment_1,86,0,hue vs saturation,fair,1,276,0.5,1,204,127,255,65.93208129,51.92287354,-52.3273516,0,8370
Experiment_1,86,0,hue vs saturation,tanned,10,236,0.45,1,140,147,255,64.69409787,24.67305208,-54.65039982,1,10657
Experiment_1,86,0,hue vs saturation,fair,3,40,0.47,1,255,215,135,87.78060017,4.017403648,44.50923062,0,10416
Experiment_1,86,0,hue vs saturation,fair,2,124,0.66,1,86,255,97,89.09306019,-72.88999792,61.29194805,1,11084
Experiment_1,86,0,hue vs saturation,tanned,9,262,0.68,1,145,81,255,50.83266618,62.17263548,-76.93361612,1,7247
Experiment_1,86,0,hue vs saturation,tanned,11,241,0.42,1,149,147,255,65.33943228,26.81553514,-53.58594566,1,2724
Experiment_1,86,0,hue vs saturation,fair,6,118,0.55,1,119,255,114,90.16343612,-63.88885826,55.44977359,1,14710
Experiment_1,86,0,hue vs saturation,tanned,12,247,0.42,1,160,147,255,66.18313905,29.54242589,-52.19541034,1,3221
Experiment_1,87,0,hue vs brightness,tanned,7,349,1,0.43,109,0,20,21.2138496,43.35929444,22.84343767,0,14943
Experiment_1,87,0,hue vs brightness,tanned,12,61,1,0.82,205,209,0,81.0602198,-20.25357946,80.94490144,0,10692
Experiment_1,87,0,hue vs brightness,fair,2,240,1,0.68,0,0,173,20.1123713,59.20965012,-80.64191938,1,8993
Experiment_1,87,0,hue vs brightness,fair,3,301,1,0.79,201,0,198,47.6169742,81.69818662,-49.4063418,0,16295
Experiment_1,87,0,hue vs brightness,tanned,8,350,1,0.6,153,0,25,31.44561519,55.15517995,33.44826456,0,9873
Experiment_1,87,0,hue vs brightness,fair,5,25,1,0.82,209,87,0,52.25488565,45.10202253,61.86554041,0,9972
Experiment_1,87,0,hue vs brightness,tanned,10,218,1,0.39,0,36,99,16.3184406,16.62976971,-40.35360401,1,15773
Experiment_1,87,0,hue vs brightness,tanned,11,329,1,0.63,160,0,83,34.18639428,60.09280231,-0.270180945,0,3915
Experiment_1,87,0,hue vs brightness,tanned,9,1,1,0.35,89,1,0,16.23328396,36.85483558,25.17890457,0,7697
Experiment_1,87,0,hue vs brightness,fair,1,350,1,0.79,201,0,33,42.04221282,67.42814287,42.68127768,0,13387
Experiment_1,87,0,hue vs brightness,fair,4,181,1,0.67,0,168,170,62.42950682,-34.55247167,-11.36968217,1,11748
Experiment_1,87,0,hue vs brightness,fair,6,316,1,0.75,191,0,140,42.71772989,72.39202794,-22.73477977,0,2714
Experiment_1,87,0,hue vs saturation,fair,1,226,0.5,1,127,157,255,66.40206439,15.91711049,-51.9951421,1,11688
Experiment_1,87,0,hue vs saturation,tanned,12,72,0.75,1,216,255,63,94.51627,-35.90125328,80.84058043,0,3397
Experiment_1,87,0,hue vs saturation,fair,5,192,0.11,1,226,249,255,96.4677083,-6.305036907,-5.430832763,1,3346
Experiment_1,87,0,hue vs saturation,fair,3,284,0.41,1,227,150,255,73.1306586,46.24172077,-40.84138113,0,3094
Experiment_1,87,0,hue vs saturation,tanned,11,28,0.54,1,255,181,117,79.38110573,20.10282171,43.05894466,0,3558
Experiment_1,87,0,hue vs saturation,fair,6,227,0.3,1,178,195,255,79.45145,7.551110809,-31.38674567,1,5480
Experiment_1,87,0,hue vs saturation,tanned,8,330,0.69,1,255,79,167,61.34408094,72.95004676,-9.399256565,0,2531
Experiment_1,87,0,hue vs saturation,fair,4,199,0.74,1,66,195,255,74.45028743,-15.76587333,-39.52729807,1,2188
Experiment_1,87,0,hue vs saturation,fair,2,73,0.2,1,243,255,204,98.00723256,-12.30693793,23.09663553,0,3264
Experiment_1,87,0,hue vs saturation,tanned,10,42,0.9,1,255,186,25,79.8681113,13.23539151,79.12456325,0,4178
Experiment_1,87,0,hue vs saturation,tanned,9,352,0.84,1,255,40,69,55.28517922,76.79015977,39.70249009,0,6227
Experiment_1,87,0,hue vs saturation,tanned,7,241,0.47,1,137,135,255,61.53870028,30.96433156,-59.68993136,1,2960
Experiment_1,88,1,hue vs saturation,fair,3,48,0.23,1,255,243,196,95.72512226,-3.171867539,24.15635281,0,26576
Experiment_1,88,1,hue vs saturation,fair,2,40,0.32,1,255,227,173,91.33161895,1.958260125,29.92922784,0,9982
Experiment_1,88,1,hue vs saturation,fair,5,351,0.06,1,255,239,241,95.72394311,5.72548946,0.964091416,0,14038
Experiment_1,88,1,hue vs saturation,tanned,12,27,0.23,1,255,222,196,90.54578632,7.514895606,16.9494408,0,31894
Experiment_1,88,1,hue vs saturation,tanned,7,25,0.36,1,255,201,163,84.83171446,14.18288693,26.31605383,0,7233
Experiment_1,88,1,hue vs saturation,fair,6,331,0.05,1,255,242,248,96.63260061,5.385721497,-1.330591536,0,15361
Experiment_1,88,1,hue vs saturation,tanned,8,22,0.2,1,255,222,204,90.71697818,8.651361557,13.0147817,0,16267
Experiment_1,88,1,hue vs saturation,tanned,11,35,0.45,1,255,207,140,85.89587006,8.61217363,39.60546963,0,15198
Experiment_1,88,1,hue vs saturation,tanned,10,25,0.21,1,255,223,201,90.89495499,7.704369772,14.8331509,0,7749
Experiment_1,88,1,hue vs saturation,fair,4,193,0.04,1,244,252,255,98.4615972,-2.073938444,-2.355920784,1,13978
Experiment_1,88,1,hue vs saturation,fair,1,343,0.09,1,255,232,238,93.94611011,8.814456538,-0.072288033,0,11368
Experiment_1,88,1,hue vs saturation,tanned,9,72,0.17,1,246,255,211,98.35907564,-10.21695872,20.05983712,0,12352
Experiment_1,88,1,hue vs brightness,tanned,8,40,1,0.68,173,115,0,53.10859117,15.33241497,59.76960615,0,29372
Experiment_1,88,1,hue vs brightness,fair,2,55,1,0.27,68,63,0,26.11017825,-5.283200001,34.94698166,0,7162
Experiment_1,88,1,hue vs brightness,tanned,11,45,1,0.78,198,149,0,64.56426297,7.802089138,68.88383166,0,7371
Experiment_1,88,1,hue vs brightness,fair,1,239,1,0.59,0,2,150,16.72584239,52.64790616,-72.25011331,1,6077
Experiment_1,88,1,hue vs brightness,tanned,12,72,1,0.27,55,68,0,26.58170976,-14.96530247,34.92023547,0,4777
Experiment_1,88,1,hue vs brightness,fair,3,226,1,0.45,0,26,114,15.24233641,30.1889541,-51.93072198,1,9000
Experiment_1,88,1,hue vs brightness,tanned,7,45,1,0.58,147,110,0,48.70413966,6.137992593,55.31345608,0,7519
Experiment_1,88,1,hue vs brightness,tanned,9,61,1,0.78,195,198,0,77.27501851,-19.10607192,77.81055893,0,8873
Experiment_1,88,1,hue vs brightness,fair,5,172,1,0.84,0,214,185,77.03858602,-50.30556168,1.975537739,1,6768
Experiment_1,88,1,hue vs brightness,fair,4,199,1,0.98,0,170,249,66.20469088,-8.412921953,-49.26624649,1,6198
Experiment_1,88,1,hue vs brightness,fair,6,57,1,0.75,191,181,0,72.31137599,-12.2786283,74.04162282,0,10956
Experiment_1,88,1,hue vs brightness,tanned,10,334,1,0.54,137,0,59,28.46998636,52.76095491,6.815323244,0,12354
Experiment_1,89,1,hue vs brightness,fair,1,29,1,0.6,153,73,0,40.47122397,29.87444629,50.4096076,0,3118
Experiment_1,89,1,hue vs brightness,fair,6,279,1,0.36,59,0,91,13.73969138,41.14516839,-39.04476317,0,30714
Experiment_1,89,1,hue vs brightness,fair,4,350,1,0.31,79,0,13,13.77603352,34.72263758,16.1216036,0,44375
Experiment_1,89,1,hue vs brightness,tanned,11,122,1,0.23,0,58,1,20.15689471,-29.91784209,27.12664743,1,6197
Experiment_1,89,1,hue vs brightness,tanned,10,59,1,0.56,142,140,0,56.59182994,-12.87993844,60.68227685,0,14321
Experiment_1,89,1,hue vs brightness,tanned,9,23,1,0.22,56,21,0,11.80426626,15.82996144,17.98192381,0,37900
Experiment_1,89,1,hue vs brightness,tanned,12,286,1,0.35,68,0,89,15.223766,42.0025372,-35.20315086,0,5872
Experiment_1,89,1,hue vs brightness,fair,3,106,1,0.27,16,68,0,24.46350889,-30.19346497,32.17978116,1,7949
Experiment_1,89,1,hue vs brightness,fair,5,184,1,0.4,0,95,102,36.2595593,-20.88717194,-10.82624583,1,5165
Experiment_1,89,1,hue vs brightness,tanned,8,23,1,0,0,0,0,0,0,0,0,3830
Experiment_1,89,1,hue vs brightness,tanned,7,60,1,0.68,173,173,0,68.58533311,-16.11580288,70.63776148,0,46544
Experiment_1,89,1,hue vs brightness,fair,2,282,1,0.23,41,0,58,7.017722297,30.98319244,-27.1556672,0,4538
Experiment_1,89,1,hue vs saturation,fair,4,319,0.38,1,255,158,224,76.73684461,45.0866694,-18.18395236,0,11577
Experiment_1,89,1,hue vs saturation,fair,6,72,0.56,1,226,255,112,95.52129821,-29.0572476,63.91190286,0,23761
Experiment_1,89,1,hue vs saturation,tanned,10,9,0.38,1,255,172,158,78.01275757,28.78655947,19.63567295,0,15247
Experiment_1,89,1,hue vs saturation,tanned,11,145,0.11,1,226,255,238,97.5762726,-12.49120213,4.94239823,1,27373
Experiment_1,89,1,hue vs saturation,tanned,7,33,0.93,1,255,148,17,71.20079539,32.89255695,74.26939124,0,40033
Experiment_1,89,1,hue vs saturation,tanned,8,298,0.78,1,248,56,255,61.65836815,89.79145465,-58.76856772,0,6269
Experiment_1,89,1,hue vs saturation,fair,2,31,0.59,1,255,182,104,79.45155421,18.59797184,49.63792741,0,22101
Experiment_1,89,1,hue vs saturation,fair,5,215,0.61,1,99,164,255,66.84230046,6.255602976,-51.39034755,1,20885
Experiment_1,89,1,hue vs saturation,fair,3,101,0.57,1,155,255,109,91.50179486,-54.33171929,59.56058824,1,5883
Experiment_1,89,1,hue vs saturation,tanned,12,144,0,1,255,255,255,100,0.0052605,-0.010408185,1,11669
Experiment_1,89,1,hue vs saturation,fair,1,316,0.3,1,255,178,234,81.3142932,36.35987954,-16.69056445,0,21372
Experiment_1,89,1,hue vs saturation,tanned,9,34,0.35,1,255,216,165,88.48983274,6.642334894,30.21587747,0,18171
Experiment_1,90,0,hue vs saturation,tanned,12,28,0.63,1,255,169,94,76.34103593,24.72773869,50.88765246,0,39957
Experiment_1,90,0,hue vs saturation,tanned,8,207,0.74,1,66,170,255,67.37272769,-2.107687498,-50.62552301,1,14837
Experiment_1,90,0,hue vs saturation,fair,3,353,0.42,1,255,147,160,72.67109328,41.94132778,11.0628198,0,29111
Experiment_1,90,0,hue vs saturation,fair,6,250,0.76,1,93,61,255,42.58891452,64.51024019,-90.64173707,1,15064
Experiment_1,90,0,hue vs saturation,tanned,9,24,0.49,1,255,180,130,79.33654501,21.74164388,36.30580597,0,30888
Experiment_1,90,0,hue vs saturation,tanned,10,6,0.66,1,255,103,86,63.0378805,56.85459756,39.34988479,0,22252
Experiment_1,90,0,hue vs saturation,fair,1,159,0.43,1,145,255,216,92.79404189,-40.42318161,8.824085187,1,9106
Experiment_1,90,0,hue vs saturation,tanned,7,63,0.59,1,247,255,104,96.94020455,-21.47746298,69.27115003,0,14683
Experiment_1,90,0,hue vs saturation,fair,5,346,0.86,1,255,35,86,55.21004309,78.44028144,29.69672293,0,10702
Experiment_1,90,0,hue vs saturation,tanned,11,311,0.36,1,255,163,238,78.24398835,44.81382145,-23.49760391,0,8990
Experiment_1,90,0,hue vs saturation,fair,2,256,0.26,1,206,188,255,79.78893289,19.54871755,-30.69086453,1,15253
Experiment_1,90,0,hue vs saturation,fair,4,251,0.6,1,130,102,255,53.45854579,48.47160016,-72.72891535,1,7673
Experiment_1,90,0,hue vs brightness,fair,1,284,1,0.16,29,0,40,3.743350419,20.2744657,-19.08419734,0,29883
Experiment_1,90,0,hue vs brightness,fair,5,79,1,0.46,80,117,0,44.84065736,-28.83068027,49.81015815,0,10766
Experiment_1,90,0,hue vs brightness,tanned,10,159,1,0.41,0,104,67,38.38589812,-35.74112864,13.70529411,1,33685
Experiment_1,90,0,hue vs brightness,fair,3,353,1,0.52,132,0,15,26.56320413,49.40614753,32.93444457,0,16297
Experiment_1,90,0,hue vs brightness,tanned,7,25,1,0.24,61,25,0,13.75276568,15.78973647,20.76600974,0,14167
Experiment_1,90,0,hue vs brightness,tanned,12,137,1,0.12,0,30,8,8.533923104,-15.97026753,9.198836168,1,17241
Experiment_1,90,0,hue vs brightness,fair,2,79,1,0.94,163,239,0,86.76067307,-50.45373051,84.03756681,0,14570
Experiment_1,90,0,hue vs brightness,tanned,8,324,1,0.64,163,0,97,35.30069998,62.028715,-7.62329329,0,12876
Experiment_1,90,0,hue vs brightness,tanned,11,111,1,0.2,7,51,0,17.51967955,-25.78882427,24.50343244,1,12531
Experiment_1,90,0,hue vs brightness,tanned,9,323,1,0.91,232,0,143,50.84940545,80.96143533,-11.41698015,0,15270
Experiment_1,90,0,hue vs brightness,fair,6,115,1,0.28,5,71,0,25.37802919,-33.4010407,32.97031827,1,12817
Experiment_1,90,0,hue vs brightness,fair,4,216,1,0.21,0,21,53,7.166468201,6.345050896,-23.48719276,1,12577
Experiment_1,91,1,hue vs brightness,fair,3,126,1,0.79,0,201,20,70.74926477,-71.58597375,67.1228242,1,13211
Experiment_1,91,1,hue vs brightness,fair,2,355,1,0.87,221,0,18,46.19854749,72.06260435,54.73022014,0,9203
Experiment_1,91,1,hue vs brightness,tanned,11,214,1,0.25,0,27,63,10.12811392,6.619239824,-25.87346723,1,43126
Experiment_1,91,1,hue vs brightness,fair,1,58,1,0.88,224,216,0,84.46261837,-15.62512401,84.12175333,0,5539
Experiment_1,91,1,hue vs brightness,fair,4,314,1,0.8,204,0,156,45.95801622,76.75247791,-27.19891851,0,4982
Experiment_1,91,1,hue vs brightness,fair,6,38,1,0.09,22,14,0,4.377795802,1.117090625,6.57771162,0,5016
Experiment_1,91,1,hue vs brightness,tanned,7,303,1,0.42,107,0,101,23.88643467,50.9003894,-28.82893821,0,4654
Experiment_1,91,1,hue vs brightness,fair,5,75,1,0.82,156,209,0,77.67907546,-40.32279355,76.91303933,0,124159
Experiment_1,91,1,hue vs brightness,tanned,8,170,1,0.6,0,153,127,56.40158175,-40.54790916,4.068312859,1,4236
Experiment_1,91,1,hue vs brightness,tanned,10,331,1,0.93,237,0,114,50.94294643,79.67342868,6.413428322,0,3883
Experiment_1,91,1,hue vs brightness,tanned,9,288,1,0.68,138,0,173,34.84352207,68.10660207,-55.82923548,0,59627
Experiment_1,91,1,hue vs brightness,tanned,12,50,1,0.31,79,65,0,27.96094223,-0.717291658,37.0375358,0,3041
Experiment_1,91,1,hue vs saturation,tanned,8,273,0.47,1,201,135,255,67.25110378,46.9312754,-50.26212439,0,8179
Experiment_1,91,1,hue vs saturation,tanned,12,35,0.62,1,255,189,96,81.01582602,14.40591344,55.28364184,0,31978
Experiment_1,91,1,hue vs saturation,tanned,10,316,0.83,1,255,43,198,59.03441673,86.29145534,-30.76957562,0,6454
Experiment_1,91,1,hue vs saturation,tanned,7,148,0.49,1,130,255,188,91.63847662,-49.73321912,21.478397,1,7210
Experiment_1,91,1,hue vs saturation,fair,1,296,0.61,1,244,99,255,66.04096191,74.86398744,-51.83730259,0,92725
Experiment_1,91,1,hue vs saturation,fair,5,67,0.4,1,243,255,153,97.17668409,-18.77029493,47.34982052,0,2937
Experiment_1,91,1,hue vs saturation,fair,3,231,0.23,1,196,205,255,83.24119635,7.369478773,-25.47462601,1,4977
Experiment_1,91,1,hue vs saturation,tanned,11,173,0.79,1,53,255,231,90.80107522,-52.32494958,-2.116568577,1,4673
Experiment_1,91,1,hue vs saturation,tanned,9,247,0.7,1,97,76,255,45.53854267,57.49893856,-85.772406,1,4611
Experiment_1,91,1,hue vs saturation,fair,2,288,0.41,1,234,150,255,73.88498491,48.25700072,-39.60904858,0,4042
Experiment_1,91,1,hue vs saturation,fair,6,95,0.45,1,188,255,140,93.49600581,-40.1301371,48.20059959,1,4335
Experiment_1,91,1,hue vs saturation,fair,4,290,0.74,1,223,66,255,58.79284346,82.39715612,-63.57081072,0,18363
Experiment_1,92,0,hue vs brightness,fair,2,247,1,0.53,15,0,135,14.68409525,49.55811459,-66.27321316,1,15876
Experiment_1,92,0,hue vs brightness,fair,4,349,1,0.59,150,0,27,30.79100441,54.43841997,31.37873737,0,4855
Experiment_1,92,0,hue vs brightness,tanned,9,171,1,0.37,0,94,80,35.17186535,-27.7535112,1.238176628,1,3856
Experiment_1,92,0,hue vs brightness,tanned,7,152,1,0.51,0,130,69,47.48842487,-45.28180111,24.60218394,1,13932
Experiment_1,92,0,hue vs brightness,fair,5,270,1,0.35,44,0,89,10.96952532,38.94036067,-42.34313655,0,9091
Experiment_1,92,0,hue vs brightness,fair,3,179,1,0.52,0,132,130,49.63436906,-30.13441942,-7.596990454,1,6960
Experiment_1,92,0,hue vs brightness,tanned,12,192,1,0.49,0,99,124,38.51407691,-14.94325353,-20.90923854,1,11198
Experiment_1,92,0,hue vs brightness,tanned,11,202,1,0.47,0,75,119,30.31299041,-2.258610453,-30.66902524,1,4137
Experiment_1,92,0,hue vs brightness,fair,6,150,1,0.1,0,25,12,6.520014459,-11.14477819,4.585606015,1,8118
Experiment_1,92,0,hue vs brightness,tanned,8,92,1,0.56,66,142,0,52.40260441,-44.56631363,55.39395197,1,8584
Experiment_1,92,0,hue vs brightness,tanned,10,346,1,0.48,122,0,28,24.39032573,47.15701772,21.91477877,0,9581
Experiment_1,92,0,hue vs brightness,fair,1,176,1,0.45,0,114,107,42.90778525,-28.82632426,-3.932316927,1,7286
Experiment_1,92,0,hue vs saturation,fair,3,222,0.64,1,91,140,255,60.06927923,19.01501092,-62.19534217,1,8819
Experiment_1,92,0,hue vs saturation,tanned,12,48,0.36,1,255,236,163,93.40498522,-3.762803343,37.75727947,0,6876
Experiment_1,92,0,hue vs saturation,fair,2,226,0.71,1,73,116,255,53.08848108,31.06331623,-73.49627552,1,5800
Experiment_1,92,0,hue vs saturation,fair,5,298,0.3,1,252,178,255,81.70551268,39.06950149,-27.38637347,0,4360
Experiment_1,92,0,hue vs saturation,tanned,7,195,0.61,1,99,216,255,81.28301042,-21.83954418,-28.90378319,1,6495
Experiment_1,92,0,hue vs saturation,tanned,9,239,0.43,1,145,147,255,65.04755599,25.85281504,-54.06729219,1,4866
Experiment_1,92,0,hue vs saturation,tanned,10,188,0.91,1,22,224,255,82.21821603,-33.55108059,-27.59152767,1,6572
Experiment_1,92,0,hue vs saturation,tanned,11,214,0.89,1,28,126,255,54.43689554,20.92494409,-71.36858633,1,7519
Experiment_1,92,0,hue vs saturation,fair,4,278,0.37,1,220,160,255,74.55750547,38.90777602,-38.67445647,0,5843
Experiment_1,92,0,hue vs saturation,fair,1,238,0.42,1,147,151,255,66.17947313,24.02711845,-52.26400648,1,3988
Experiment_1,92,0,hue vs saturation,fair,6,221,0.89,1,28,99,255,47.48277329,37.90326731,-82.6976229,1,4453
Experiment_1,92,0,hue vs saturation,tanned,8,224,0.72,1,71,120,255,54.01908276,28.35202421,-71.99079048,1,5826
Experiment_1,93,0,hue vs saturation,fair,6,33,0.19,1,255,233,206,93.44791961,3.297230103,15.83615347,0,14413
Experiment_1,93,0,hue vs saturation,fair,4,58,0.23,1,255,253,196,98.23166492,-8.157654385,27.59822453,0,7724
Experiment_1,93,0,hue vs saturation,fair,3,102,0.13,1,231,255,221,97.52283829,-13.78843844,13.62735962,1,15215
Experiment_1,93,0,hue vs saturation,tanned,9,40,0.26,1,255,232,188,92.84081799,1.31294656,24.28398166,0,7296
Experiment_1,93,0,hue vs saturation,fair,1,312,0.05,1,255,242,252,96.73543528,6.081300975,-3.247348424,0,5523
Experiment_1,93,0,hue vs saturation,fair,2,113,0.07,1,239,255,237,98.42633838,-8.411182334,6.794424061,1,8116
Experiment_1,93,0,hue vs saturation,tanned,7,35,0.19,1,255,234,206,93.69399314,2.787415892,16.18289332,0,6216
Experiment_1,93,0,hue vs saturation,tanned,12,40,0.46,1,255,215,137,87.80806724,4.204771273,43.54934455,0,3707
Experiment_1,93,0,hue vs saturation,tanned,8,42,0.36,1,255,227,163,91.16298694,0.78456876,34.80334206,0,6255
Experiment_1,93,0,hue vs saturation,tanned,11,41,0.41,1,255,221,150,89.47486152,2.426057854,39.16731982,0,4523
Experiment_1,93,0,hue vs saturation,tanned,10,36,0.31,1,255,223,175,90.38164478,4.245768794,27.61586521,0,5413
Experiment_1,93,0,hue vs saturation,fair,5,323,0.01,1,255,252,254,99.23578118,1.344956757,-0.613917165,0,9059
Experiment_1,93,0,hue vs brightness,tanned,8,56,1,0.6,153,142,0,58.14917568,-8.891666881,62.26097155,0,11072
Experiment_1,93,0,hue vs brightness,fair,1,194,1,0.39,0,76,99,29.58772357,-11.21543923,-19.17315862,1,10611
Experiment_1,93,0,hue vs brightness,fair,4,179,1,0.94,0,239,235,85.87184356,-46.93261713,-11.53557002,1,7968
Experiment_1,93,0,hue vs brightness,fair,6,180,1,0.81,0,206,206,75.20107786,-40.93591709,-12.03747542,1,9474
Experiment_1,93,0,hue vs brightness,fair,3,180,1,0.85,0,216,216,78.50230007,-42.41768202,-12.47319814,1,2063
Experiment_1,93,0,hue vs brightness,tanned,12,53,1,0.72,183,162,0,66.44952441,-5.931939568,69.49592226,0,3262
Experiment_1,93,0,hue vs brightness,fair,2,175,1,0.92,0,234,215,83.83644546,-50.43515878,-4.024134954,1,9246
Experiment_1,93,0,hue vs brightness,tanned,9,72,1,0.87,177,221,0,82.41099508,-37.43117014,81.07022413,0,2985
Experiment_1,93,0,hue vs brightness,tanned,10,35,1,0.9,229,133,0,64.51004693,29.84335704,70.65963234,0,3499
Experiment_1,93,0,hue vs brightness,tanned,11,55,1,0.8,204,187,0,75.06273228,-9.652871616,76.54691751,0,3588
Experiment_1,93,0,hue vs brightness,tanned,7,57,1,0.68,173,164,0,66.08606495,-11.47209859,68.8183719,0,2891
Experiment_1,93,0,hue vs brightness,fair,5,185,1,0.63,0,147,160,55.487588,-27.64992947,-16.17367511,1,3298
Experiment_1,94,0,hue vs saturation,tanned,12,302,0.27,1,255,186,252,83.6555839,35.28350415,-22.78616012,0,33030
Experiment_1,94,0,hue vs saturation,fair,6,338,0.37,1,255,160,195,76.27854456,39.71803207,-3.017015074,0,13260
Experiment_1,94,0,hue vs saturation,fair,5,211,0.35,1,165,208,255,82.01781792,-3.017639001,-27.52197445,1,8798
Experiment_1,94,0,hue vs saturation,fair,1,166,0.45,1,140,255,228,92.88156978,-39.02428254,2.732386856,1,8521
Experiment_1,94,0,hue vs saturation,tanned,7,286,0.32,1,235,173,255,78.90820072,36.46420413,-31.82482684,0,27262
Experiment_1,94,0,hue vs saturation,fair,3,215,0.37,1,160,199,255,79.35154566,0.469493079,-31.63676964,1,13672
Experiment_1,94,0,hue vs saturation,tanned,8,262,0.31,1,204,175,255,76.50745568,26.04502939,-35.76562829,1,7223
Experiment_1,94,0,hue vs saturation,tanned,11,261,0.43,1,183,145,255,67.67877842,36.66721676,-49.70312362,1,19429
Experiment_1,94,0,hue vs saturation,tanned,10,335,0.55,1,255,114,173,66.75744611,59.43800884,-4.791572796,0,10404
Experiment_1,94,0,hue vs saturation,fair,4,197,0.52,1,122,217,255,82.36975517,-18.00242162,-27.16963454,1,14077
Experiment_1,94,0,hue vs saturation,tanned,9,41,0.26,1,255,234,188,93.33592536,0.297675302,24.9646161,0,9373
Experiment_1,94,0,hue vs saturation,fair,2,213,0.54,1,117,179,255,71.71898638,1.240583378,-43.66207208,1,14812
Experiment_1,94,0,hue vs brightness,fair,6,181,1,0.71,0,178,181,65.88622718,-35.78740739,-12.3180342,1,18291
Experiment_1,94,0,hue vs brightness,tanned,11,288,1,0.9,183,0,229,46.61084384,83.91425368,-68.98495604,0,16179
Experiment_1,94,0,hue vs brightness,tanned,8,175,1,0.76,0,193,177,70.39553365,-43.68718702,-3.411287656,1,11164
Experiment_1,94,0,hue vs brightness,fair,3,180,1,0.62,0,158,158,58.90237708,-33.62018925,-9.886237578,1,14844
Experiment_1,94,0,hue vs brightness,tanned,10,185,1,0.6,0,140,153,53.01081037,-26.49345572,-15.90458192,1,17146
Experiment_1,94,0,hue vs brightness,fair,5,185,1,0.89,0,208,226,76.43774151,-35.72845752,-20.94961654,1,12882
Experiment_1,94,0,hue vs brightness,tanned,12,179,1,0.47,0,119,117,44.91079104,-28.0265789,-6.953348962,1,18253
Experiment_1,94,0,hue vs brightness,fair,1,185,1,0.88,0,205,224,75.4789799,-34.95058272,-21.32932521,1,5433
Experiment_1,94,0,hue vs brightness,tanned,9,178,1,0.88,0,224,216,80.88821406,-45.91631665,-8.914931331,1,13982
Experiment_1,94,0,hue vs brightness,fair,2,180,1,0.14,0,35,35,11.43825129,-12.31575335,-3.621528202,1,10574
Experiment_1,94,0,hue vs brightness,tanned,7,261,1,0.69,61,0,175,23.95779833,61.12350579,-75.33923047,1,5364
Experiment_1,94,0,hue vs brightness,fair,4,187,1,0.67,0,150,170,56.79664513,-25.78772992,-19.89568947,1,7664
Experiment_1,95,0,hue vs brightness,tanned,11,306,1,0.73,186,0,167,43.10646905,74.8241364,-38.50457816,0,60669
Experiment_1,95,0,hue vs brightness,fair,3,259,1,0.52,41,0,132,16.19219164,49.57311243,-61.81040983,1,10164
Experiment_1,95,0,hue vs brightness,tanned,12,57,1,0.42,107,101,0,41.89643676,-7.99857425,48.54461392,0,14317
Experiment_1,95,0,hue vs brightness,fair,4,317,1,0.95,242,0,173,53.91475572,85.90340177,-24.3882532,0,10974
Experiment_1,95,0,hue vs brightness,fair,6,5,1,0.94,239,19,0,50.47178649,74.67503756,64.19629093,0,10122
Experiment_1,95,0,hue vs brightness,tanned,7,17,1,0.64,163,46,0,37.37264289,46.48923723,49.68891131,0,7251
Experiment_1,95,0,hue vs brightness,fair,2,279,1,0.36,59,0,91,13.73969138,41.14516839,-39.04476317,0,16978
Experiment_1,95,0,hue vs brightness,fair,1,21,1,0.88,224,78,0,53.27201562,54.47780308,63.77583589,0,11493
Experiment_1,95,0,hue vs brightness,fair,5,173,1,0.32,0,81,72,30.28550313,-23.97860416,-0.849694088,1,7587
Experiment_1,95,0,hue vs brightness,tanned,10,30,1,0.91,232,116,0,61.3480837,39.80558197,68.93503431,0,10343
Experiment_1,95,0,hue vs brightness,tanned,8,346,1,0.51,130,0,30,26.27270748,49.34385989,23.24343805,0,4633
Experiment_1,95,0,hue vs brightness,tanned,9,100,1,0.71,60,181,0,64.96924324,-59.82845661,65.2464333,1,12248
Experiment_1,95,0,hue vs saturation,fair,2,225,0.53,1,119,153,255,64.9025228,16.52583752,-54.40125225,1,11244
Experiment_1,95,0,hue vs saturation,fair,4,260,0.7,1,135,76,255,48.93308423,62.90051075,-80.07721021,1,7328
Experiment_1,95,0,hue vs saturation,tanned,12,49,0.33,1,255,239,170,94.26755925,-4.463761747,35.37841383,0,11042
Experiment_1,95,0,hue vs saturation,tanned,8,317,0.03,1,255,247,252,97.95736663,3.531359976,-1.455434173,0,7897
Experiment_1,95,0,hue vs saturation,fair,1,254,0.52,1,153,122,255,59.80858368,42.05371102,-62.38681424,1,8402
Experiment_1,95,0,hue vs saturation,tanned,10,336,0.2,1,255,204,224,86.91221444,21.07950765,-3.019492977,0,17976
Experiment_1,95,0,hue vs saturation,fair,3,216,0.62,1,96,160,255,65.63047115,8.038187337,-53.3172985,1,7525
Experiment_1,95,0,hue vs saturation,fair,5,245,0.19,1,210,206,255,84.51683413,11.06036177,-23.4389168,1,6069
Experiment_1,95,0,hue vs saturation,tanned,7,340,0.51,1,255,124,168,68.38931644,54.20716125,0.430610305,0,5923
Experiment_1,95,0,hue vs saturation,tanned,11,3,0.93,1,255,29,17,54.21662516,77.51567587,63.4022061,0,12043
Experiment_1,95,0,hue vs saturation,tanned,9,261,0.25,1,213,191,255,81.08654222,20.04561242,-28.65062117,1,5909
Experiment_1,95,0,hue vs saturation,fair,6,357,0.96,1,255,10,22,53.53012575,79.60166948,61.35116049,0,6579
Experiment_1,96,0,hue vs saturation,fair,6,212,0.64,1,91,167,255,67.33819009,3.159411865,-50.62763584,1,3099
Experiment_1,96,0,hue vs saturation,fair,4,328,0.97,1,255,7,139,55.35553632,84.92866328,-1.836450681,0,30085
Experiment_1,96,0,hue vs saturation,fair,1,217,0.58,1,107,163,255,66.93061851,8.314366025,-51.22738182,1,33782
Experiment_1,96,0,hue vs saturation,tanned,7,47,0.77,1,255,212,58,86.33165876,0.663941211,75.97276863,0,32006
Experiment_1,96,0,hue vs saturation,tanned,12,142,0.71,1,73,255,140,89.31326504,-69.38304156,42.04016814,1,15034
Experiment_1,96,0,hue vs saturation,fair,2,205,0.65,1,89,185,255,72.25640768,-7.229791263,-42.90239043,1,25969
Experiment_1,96,0,hue vs saturation,tanned,8,142,0.73,1,68,255,137,89.18417741,-70.55978453,43.30052581,1,10850
Experiment_1,96,0,hue vs saturation,tanned,11,35,0.95,1,255,154,12,72.49355299,29.74824638,75.91642221,0,25911
Experiment_1,96,0,hue vs saturation,fair,5,221,0.55,1,114,159,255,66.20829218,12.00678602,-52.3480083,1,38370
Experiment_1,96,0,hue vs saturation,tanned,10,282,0.57,1,211,109,255,63.34797662,62.63708547,-56.37990982,0,21061
Experiment_1,96,0,hue vs saturation,fair,3,208,0.93,1,17,144,255,59.23783569,9.396283574,-63.63364804,1,14593
Experiment_1,96,0,hue vs saturation,tanned,9,268,0.66,1,165,86,255,53.89402955,63.46900071,-71.85957227,1,17704
Experiment_1,96,0,hue vs brightness,fair,4,194,1,0.49,0,95,124,37.18777291,-12.62562797,-22.96694117,1,14706
Experiment_1,96,0,hue vs brightness,tanned,7,347,1,0.17,43,0,9,4.817386755,21.47072281,3.925037383,0,24652
Experiment_1,96,0,hue vs brightness,tanned,10,28,1,0.93,237,110,0,60.91939935,44.70306869,69.06988062,0,20981
Experiment_1,96,0,hue vs brightness,tanned,12,102,1,0.41,31,104,0,38.18472537,-39.97986537,43.6655581,1,20766
Experiment_1,96,0,hue vs brightness,tanned,8,204,1,0.01,0,1,2,0.235679537,-0.122377094,-0.470720939,1,25028
Experiment_1,96,0,hue vs brightness,fair,1,195,1,0.8,0,153,204,59.10562522,-15.39156315,-35.55373265,1,10771
Experiment_1,96,0,hue vs brightness,tanned,11,20,1,0.54,137,45,0,32.24707823,37.56847086,44.21859231,0,9131
Experiment_1,96,0,hue vs brightness,tanned,9,294,1,0.39,89,0,99,20.14254525,47.33101973,-33.71389787,0,35722
Experiment_1,96,0,hue vs brightness,fair,5,206,1,0.49,0,70,124,28.99373216,3.229563561,-35.9013327,1,12402
Experiment_1,96,0,hue vs brightness,fair,2,132,1,0.41,0,104,20,37.75458863,-43.40196639,37.27372993,1,26874
Experiment_1,96,0,hue vs brightness,fair,3,204,1,0.61,0,93,155,38.19061539,1.123144528,-40.17408567,1,25685
Experiment_1,96,0,hue vs brightness,fair,6,354,1,0.48,122,0,12,24.20675737,46.65802033,31.36488265,0,10098
,,,,,,,,,,,,,,,,
Experiment_number,Participant_num,Female_0_Male_1,Task,tanned_fair_skin_face,face_number_simple,H,S,V,R,G,B,L*,a*,b*,cold_hue_>90<270_chosen_1,time_ms
Experiment_2,1,0,hue vs saturation,fair,1,319,0.49,1,255,130,215,70.96152952,57.60151531,-22.00480008,0,9919
Experiment_2,1,0,hue vs saturation,fair,2,131,0.48,1,132,255,155,91.14013727,-55.00099707,37.39984975,1,35277
Experiment_2,1,0,hue vs saturation,fair,3,295,0.53,1,243,119,255,69.08916641,65.95458146,-47.03661526,0,8673
Experiment_2,1,0,hue vs saturation,fair,5,216,0.46,1,137,184,255,74.07406568,2.905711666,-39.91032042,1,30186
Experiment_2,1,0,hue vs saturation,tanned,7,9,0.87,1,255,66,33,57.33390845,69.11436266,59.81372727,0,8426
Experiment_2,1,0,hue vs saturation,tanned,8,95,0.74,1,144,255,66,90.70804765,-61.10006188,74.95716335,1,10414
Experiment_2,1,0,hue vs saturation,tanned,10,31,0.74,1,255,163,66,74.72878853,26.39198528,61.96140503,0,20225
Experiment_2,1,0,hue vs saturation,tanned,11,234,0.83,1,43,64,255,40.24679776,59.24973255,-94.60666452,0,4852
Experiment_2,2,0,hue vs saturation,fair,1,163,0.29,1,181,255,234,94.85875174,-27.02245964,2.733961634,0,6630
Experiment_2,2,0,hue vs saturation,fair,2,112,0.61,1,120,255,99,90.05117542,-65.24375072,61.79594658,0,6040
Experiment_2,2,0,hue vs saturation,fair,3,224,0.65,1,89,133,255,58.14974166,22.91680413,-65.28235651,0,16142
Experiment_2,2,0,hue vs saturation,fair,5,102,0.73,1,124,255,68,89.96251894,-66.70380128,73.32916411,1,26620
Experiment_2,2,0,hue vs saturation,tanned,7,40,0.23,1,255,235,196,93.7373525,0.866943091,21.40556741,0,3986
Experiment_2,2,0,hue vs saturation,tanned,8,175,0.62,1,96,255,241,91.84510426,-44.53590432,-5.674826566,1,5146
Experiment_2,2,0,hue vs saturation,tanned,10,334,0.53,1,255,119,178,67.77521018,57.7485918,-6.113396609,0,13785
Experiment_2,2,0,hue vs saturation,tanned,11,219,0.39,1,155,190,255,76.68838122,4.057350387,-35.77117193,0,5387
Experiment_2,3,1,hue vs saturation,fair,1,170,0.23,1,196,255,245,95.93382203,-20.42234718,-1.271139476,0,13790
Experiment_2,3,1,hue vs saturation,fair,2,229,0.65,1,89,119,255,54.59271631,31.42281671,-71.02241476,1,10929
Experiment_2,3,1,hue vs saturation,fair,3,37,0.23,1,255,232,196,92.99637437,2.392212087,20.37533728,1,7287
Experiment_2,3,1,hue vs saturation,fair,5,12,0.28,1,255,197,183,84.28309085,18.7480506,14.98922285,1,8859
Experiment_2,3,1,hue vs saturation,tanned,7,18,0.39,1,255,185,155,80.91885728,21.64199528,25.22563077,1,29999
Experiment_2,3,1,hue vs saturation,tanned,8,15,0.71,1,255,119,73,65.69778665,48.88017349,49.25492716,1,7103
Experiment_2,3,1,hue vs saturation,tanned,10,274,0.19,1,234,206,255,86.43221507,18.56682515,-20.35403121,1,5330
Experiment_2,3,1,hue vs saturation,tanned,11,332,0.53,1,255,119,182,67.89591018,58.24442785,-8.189736379,0,5014
Experiment_2,4,0,hue vs saturation,fair,1,208,0.89,1,28,149,255,60.74787305,6.863020872,-61.20662336,0,9072
Experiment_2,4,0,hue vs saturation,fair,2,261,0.27,1,210,186,255,79.63626542,21.84259289,-30.89736507,0,6176
Experiment_2,4,0,hue vs saturation,fair,3,174,0.3,1,178,255,247,95.03463705,-25.11893592,-3.732817988,0,8279
Experiment_2,4,0,hue vs saturation,fair,5,202,0.77,1,58,183,255,70.86162019,-10.21642453,-45.146392,1,3680
Experiment_2,4,0,hue vs saturation,tanned,7,285,0.56,1,219,112,255,64.85798707,63.16676745,-53.9196984,1,12683
Experiment_2,4,0,hue vs saturation,tanned,8,46,0.56,1,255,221,112,88.98990971,-0.963990848,57.0173379,1,10220
Experiment_2,4,0,hue vs saturation,tanned,10,357,0.77,1,255,58,68,56.78534761,72.46224034,41.97431052,1,41636
Experiment_2,4,0,hue vs saturation,tanned,11,339,0.9,1,255,25,105,55.04676569,80.95580592,18.12634157,1,14709
Experiment_2,5,0,hue vs saturation,fair,1,51,0.83,1,255,223,43,89.0215327,-5.347916174,82.53369337,0,14312
Experiment_2,5,0,hue vs saturation,fair,2,131,0.84,1,40,255,80,88.23279894,-80.66877775,66.81255142,0,6994
Experiment_2,5,0,hue vs saturation,fair,3,226,0.14,1,219,227,255,90.42196833,2.772578538,-14.46664645,0,4579
Experiment_2,5,0,hue vs saturation,fair,5,141,0.41,1,150,255,187,92.39443371,-44.81416084,23.15373047,0,33443
Experiment_2,5,0,hue vs saturation,tanned,7,168,0.96,1,10,255,206,89.878263,-60.91192299,9.450038993,1,6006
Experiment_2,5,0,hue vs saturation,tanned,8,30,0.81,1,255,151,48,71.96477376,31.97079944,66.4275362,0,5980
Experiment_2,5,0,hue vs saturation,tanned,10,120,0.74,1,66,255,66,88.48185104,-78.83858028,72.01875414,1,28091
Experiment_2,5,0,hue vs saturation,tanned,11,45,0.88,1,255,198,30,82.77597597,7.098860283,80.38380046,1,6373
Experiment_2,6,1,hue vs saturation,fair,1,204,0.67,1,84,186,255,72.3770515,-8.550180978,-42.72545446,1,15611
Experiment_2,6,1,hue vs saturation,fair,2,48,0.81,1,255,213,48,86.53469167,-0.165049101,79.14017278,0,15239
Experiment_2,6,1,hue vs saturation,fair,3,233,0.54,1,117,133,255,59.68670318,27.91090024,-62.73120904,0,33065
Experiment_2,6,1,hue vs saturation,fair,5,148,0.59,1,104,255,174,90.55998092,-58.09516016,26.97482145,0,10609
Experiment_2,6,1,hue vs saturation,tanned,7,258,0.8,1,112,50,255,42.68169067,71.10599931,-90.43203188,1,23870
Experiment_2,6,1,hue vs saturation,tanned,8,337,0.74,1,255,66,138,58.96637307,74.42000348,4.011763245,1,9366
Experiment_2,6,1,hue vs saturation,tanned,10,68,0.55,1,236,255,114,96.23178856,-25.05125765,64.04019938,1,8252
Experiment_2,6,1,hue vs saturation,tanned,11,330,0.55,1,255,114,184,67.09305417,60.77969631,-10.51529019,1,19834
Experiment_2,7,0,hue vs saturation,fair,1,335,0.71,1,255,73,149,60.06451328,73.18315305,-0.836633441,0,7844
Experiment_2,7,0,hue vs saturation,fair,2,262,0.74,1,135,66,255,47.3232767,67.44903954,-82.7117868,0,13811
Experiment_2,7,0,hue vs saturation,fair,3,162,0.61,1,99,255,208,91.11049671,-51.98360665,10.3386188,1,5031
Experiment_2,7,0,hue vs saturation,fair,5,275,0.42,1,210,147,255,70.7252529,42.99734802,-44.73181635,1,12428
Experiment_2,7,0,hue vs saturation,tanned,7,348,0.61,1,255,99,130,63.17341131,61.63774056,14.63646532,1,7958
Experiment_2,7,0,hue vs saturation,tanned,8,59,0.36,1,255,253,163,97.69437261,-12.19359363,43.33495614,1,22463
Experiment_2,7,0,hue vs saturation,tanned,10,334,0.74,1,255,66,148,59.24597775,75.30586863,-1.450801511,1,7061
Experiment_2,7,0,hue vs saturation,tanned,11,50,0.63,1,255,228,94,90.576432,-5.699715608,66.71951467,0,30686
Experiment_2,8,0,hue vs saturation,fair,1,149,0.7,1,76,255,162,89.70363573,-65.16617924,31.74138162,0,21802
Experiment_2,8,0,hue vs saturation,fair,2,259,0.53,1,162,119,255,59.97449848,45.79863326,-62.0755428,0,6281
Experiment_2,8,0,hue vs saturation,fair,3,230,0.67,1,84,112,255,52.61202736,34.96024658,-74.24649957,0,6520
Experiment_2,8,0,hue vs saturation,fair,5,173,0.47,1,135,255,241,93.02396838,-37.16612127,-3.803489416,0,7411
Experiment_2,8,0,hue vs saturation,tanned,7,265,0.66,1,156,86,255,52.88759982,61.75340013,-73.53881857,0,3343
Experiment_2,8,0,hue vs saturation,tanned,8,218,0.64,1,91,151,255,62.99203085,12.4620455,-57.52414543,1,3309
Experiment_2,8,0,hue vs saturation,tanned,10,284,0.63,1,212,94,255,60.97745697,69.6747551,-60.15467251,0,7403
Experiment_2,8,0,hue vs saturation,tanned,11,234,0.49,1,130,142,255,62.76999149,25.32282413,-57.75307808,0,4999
Experiment_2,9,0,hue vs saturation,fair,1,248,0.8,1,78,50,255,39.78336467,68.08836925,-95.31855915,0,10230
Experiment_2,9,0,hue vs saturation,fair,2,134,0.63,1,94,255,131,89.64457632,-67.19442291,46.84746841,0,7082
Experiment_2,9,0,hue vs saturation,fair,3,192,0.84,1,40,212,255,78.90171659,-26.81011896,-32.6685206,1,8473
Experiment_2,9,0,hue vs saturation,fair,5,313,0.45,1,255,140,230,73.36956167,55.078602,-26.58719339,0,8183
Experiment_2,9,0,hue vs saturation,tanned,7,206,0.69,1,79,178,255,69.9814509,-4.887398274,-46.49070044,0,12718
Experiment_2,9,0,hue vs saturation,tanned,8,191,0.87,1,33,214,255,79.40647248,-28.2216226,-31.89741957,1,3135
Experiment_2,9,0,hue vs saturation,tanned,10,37,0.69,1,255,187,79,80.38454351,14.46968599,62.2361277,1,5647
Experiment_2,9,0,hue vs saturation,tanned,11,40,0.47,1,255,215,135,87.78060017,4.017403648,44.50923062,0,3349
Experiment_2,10,0,hue vs saturation,fair,1,219,0.64,1,91,148,255,62.18889663,14.23820528,-58.80509908,1,5102
Experiment_2,10,0,hue vs saturation,fair,2,38,0.79,1,255,181,53,78.78991809,16.50948673,70.78831259,1,24058
Experiment_2,10,0,hue vs saturation,fair,3,45,0.2,1,255,242,204,95.63217205,-1.554544979,19.93106818,0,50506
Experiment_2,10,0,hue vs saturation,fair,5,192,0.59,1,104,224,255,83.69134253,-24.96427327,-25.21046634,1,16235
Experiment_2,10,0,hue vs saturation,tanned,7,348,0.87,1,255,33,77,54.95217179,78.37539692,34.67997648,1,27068
Experiment_2,10,0,hue vs saturation,tanned,8,312,0.63,1,255,94,222,65.38842446,74.32558956,-34.47611558,1,4573
Experiment_2,10,0,hue vs saturation,tanned,10,342,0.91,1,255,22,92,54.66471243,80.60754672,25.42136118,1,71877
Experiment_2,10,0,hue vs saturation,tanned,11,4,0.95,1,255,28,12,54.15097906,77.61981681,64.73469606,1,22583
Experiment_2,11,1,hue vs saturation,fair,1,349,0.55,1,255,114,140,65.89483297,55.92007041,12.72191023,0,8055
Experiment_2,11,1,hue vs saturation,fair,2,216,0.33,1,170,204,255,81.26508278,0.469689699,-28.64754783,1,4525
Experiment_2,11,1,hue vs saturation,fair,3,273,0.46,1,202,137,255,67.77511591,46.13544982,-49.4280902,1,5135
Experiment_2,11,1,hue vs saturation,fair,5,65,0.36,1,247,255,163,97.607202,-16.17195526,43.10414575,0,6401
Experiment_2,11,1,hue vs saturation,tanned,7,261,0.87,1,110,33,255,40.61008207,76.45383562,-93.86311591,1,11184
Experiment_2,11,1,hue vs saturation,tanned,8,33,0.78,1,255,165,56,75.11150447,24.96454582,66.33336233,0,32108
Experiment_2,11,1,hue vs saturation,tanned,10,165,0.76,1,61,255,206,90.30703674,-57.77939957,10.12050394,0,11186
Experiment_2,11,1,hue vs saturation,tanned,11,227,0.89,1,28,77,255,42.4216889,51.32808362,-91.02304168,1,14068
Experiment_2,12,1,hue vs saturation,fair,1,288,0.22,1,243,198,255,85.33340175,25.67912615,-21.9425568,0,30002
Experiment_2,12,1,hue vs saturation,fair,2,226,0.2,1,204,215,255,86.33453615,4.449187272,-20.72454363,1,7200
Experiment_2,12,1,hue vs saturation,fair,3,316,0.19,1,255,206,242,87.87870391,23.02717546,-11.12283119,1,5120
Experiment_2,12,1,hue vs saturation,fair,5,48,0.43,1,255,233,145,92.39012666,-4.157383255,45.38436405,1,7067
Experiment_2,12,1,hue vs saturation,tanned,7,333,0.4,1,255,153,198,74.9003539,43.73312664,-6.698009248,1,3371
Experiment_2,12,1,hue vs saturation,tanned,8,292,0.31,1,244,175,255,80.24313265,38.16722436,-29.69705435,0,3552
Experiment_2,12,1,hue vs saturation,tanned,10,93,0.45,1,191,255,140,93.66282851,-39.10067307,48.44492895,1,2522
Experiment_2,12,1,hue vs saturation,tanned,11,2,0.64,1,255,97,91,62.13845026,59.71095853,35.49070768,1,9307
Experiment_2,13,0,hue vs saturation,fair,1,353,0.93,1,255,17,45,53.86787207,79.42359393,51.35956164,0,9507
Experiment_2,13,0,hue vs saturation,fair,2,220,0.65,1,89,144,255,61.03703906,16.29691911,-60.65071743,0,19947
Experiment_2,13,0,hue vs saturation,fair,3,206,0.61,1,99,187,255,73.16320392,-6.637695548,-41.46017053,0,6137
Experiment_2,13,0,hue vs saturation,fair,5,197,0.23,1,196,238,255,91.73187793,-9.860080828,-12.66548436,1,971
Experiment_2,13,0,hue vs saturation,tanned,7,278,0.57,1,201,109,255,62.14702735,60.23922908,-58.36520324,0,11510
Experiment_2,13,0,hue vs saturation,tanned,8,116,0.38,1,164,255,158,92.52237116,-45.52763969,37.98295291,0,8614
Experiment_2,13,0,hue vs saturation,tanned,10,268,0.75,1,153,63,255,48.94238574,71.37107239,-79.98025508,0,15153
Experiment_2,13,0,hue vs saturation,tanned,11,116,0.57,1,119,255,109,90.11227187,-64.45311218,57.59442673,1,15164
Experiment_2,14,0,hue vs saturation,fair,1,343,0.61,1,255,99,143,63.48054501,62.80632324,7.583542088,1,28025
Experiment_2,14,0,hue vs saturation,fair,2,355,0.73,1,255,68,84,58.06962863,70.16461841,34.42914355,1,30448
Experiment_2,14,0,hue vs saturation,fair,3,332,0.59,1,255,104,174,65.13415148,63.96535164,-7.765756425,1,12170
Experiment_2,14,0,hue vs saturation,fair,5,54,0.44,1,255,243,142,94.87141225,-9.429967899,49.94670786,1,10624
Experiment_2,14,0,hue vs saturation,tanned,7,18,0.65,1,255,138,89,69.58207878,40.39534499,45.52841311,1,9911
Experiment_2,14,0,hue vs saturation,tanned,8,17,0.3,1,255,200,178,84.8855595,16.53162838,18.48547253,1,23929
Experiment_2,14,0,hue vs saturation,tanned,10,283,0.58,1,213,107,255,63.24484385,64.05821133,-56.52928639,1,20122
Experiment_2,14,0,hue vs saturation,tanned,11,14,0.46,1,255,165,137,76.05477922,30.24055228,28.29536852,1,25309
Experiment_2,15,0,hue vs saturation,fair,1,21,0.52,1,255,168,122,76.47892637,27.31567526,36.82172484,0,24062
Experiment_2,15,0,hue vs saturation,fair,2,193,0.29,1,181,238,255,90.86782322,-14.14698633,-14.04718983,0,26723
Experiment_2,15,0,hue vs saturation,fair,3,253,0.31,1,193,175,255,75.5863772,22.82556293,-37.26618995,1,10006
Experiment_2,15,0,hue vs saturation,fair,5,6,0.48,1,255,144,132,71.46832168,40.59044669,24.86857945,1,12574
Experiment_2,15,0,hue vs saturation,tanned,7,283,0.3,1,233,178,255,79.83210942,33.18769688,-30.42072977,0,12990
Experiment_2,15,0,hue vs saturation,tanned,8,243,0.51,1,131,124,255,58.47168942,36.07408564,-64.63000857,1,8402
Experiment_2,15,0,hue vs saturation,tanned,10,327,0.57,1,255,109,189,66.42154876,63.63640681,-14.3468461,1,12276
Experiment_2,15,0,hue vs saturation,tanned,11,32,0.49,1,255,196,130,83.10002563,13.38144661,41.11505282,1,7825
Experiment_2,16,0,hue vs saturation,fair,1,326,0.29,1,255,181,222,81.61027923,32.83012466,-9.790716318,0,4043
Experiment_2,16,0,hue vs saturation,fair,2,227,0.4,1,153,175,255,72.66232206,11.86298893,-42.04085008,0,4153
Experiment_2,16,0,hue vs saturation,fair,3,212,0.33,1,170,210,255,82.83850541,-2.725425211,-26.24210984,0,2982
Experiment_2,16,0,hue vs saturation,fair,5,255,0.76,1,109,61,255,43.95732137,66.24394303,-88.3383293,1,4992
Experiment_2,16,0,hue vs saturation,tanned,7,57,0.52,1,255,248,122,95.91372327,-13.62888001,60.51462154,1,4125
Experiment_2,16,0,hue vs saturation,tanned,8,22,0.54,1,255,167,117,76.18070631,27.42376783,39.05857435,0,4339
Experiment_2,16,0,hue vs saturation,tanned,10,255,0.32,1,193,173,255,75.10448775,23.9290441,-38.01418844,1,15153
Experiment_2,16,0,hue vs saturation,tanned,11,11,0.62,1,255,125,96,67.10544118,47.24890032,38.87300404,0,28683
Experiment_2,17,0,hue vs saturation,fair,1,137,0.6,1,102,255,145,90.03969771,-63.51022368,40.682311,1,44048
Experiment_2,17,0,hue vs saturation,fair,2,342,0.85,1,255,38,103,55.71086919,78.80506685,20.22427489,0,28235
Experiment_2,17,0,hue vs saturation,fair,3,210,0.6,1,102,178,255,70.79195393,-1.134500262,-45.16141535,0,35124
Experiment_2,17,0,hue vs saturation,fair,5,113,0.37,1,171,255,160,92.88995472,-43.07319496,37.5411423,0,10437
Experiment_2,17,0,hue vs saturation,tanned,7,197,0.44,1,142,223,255,84.86675888,-16.62197372,-23.28821424,0,15487
Experiment_2,17,0,hue vs saturation,tanned,8,264,0.4,1,193,153,255,70.41342258,34.97683362,-45.33728441,1,22787
Experiment_2,17,0,hue vs saturation,tanned,10,316,0.46,1,255,137,223,72.54752711,55.44194088,-24.00100191,1,42260
Experiment_2,17,0,hue vs saturation,tanned,11,8,0.8,1,255,78,50,58.91788538,65.44387287,53.6156751,0,14533
Experiment_2,18,0,hue vs saturation,fair,1,98,0.5,1,174,255,127,92.59735332,-46.33103765,53.01695012,1,13967
Experiment_2,18,0,hue vs saturation,fair,2,2,0.94,1,255,23,15,53.92849076,78.30844205,63.82659235,0,15126
Experiment_2,18,0,hue vs saturation,fair,3,239,0.73,1,68,71,255,42.69599745,57.15855288,-90.52052098,0,7098
Experiment_2,18,0,hue vs saturation,fair,5,169,0.51,1,124,255,231,92.38678157,-41.88064786,0.391564458,1,6731
Experiment_2,18,0,hue vs saturation,tanned,7,316,0.84,1,255,40,197,58.79693252,86.73954365,-30.56488948,1,5505
Experiment_2,18,0,hue vs saturation,tanned,8,62,0.94,1,247,255,15,96.54520493,-24.71113434,92.69323446,0,5252
Experiment_2,18,0,hue vs saturation,tanned,10,148,0.06,1,239,255,246,98.6402808,-6.831141633,2.486398032,0,13973
Experiment_2,18,0,hue vs saturation,tanned,11,170,0.1,1,229,255,250,98.06557525,-9.319943222,-0.487249264,0,7888
Experiment_2,19,0,hue vs saturation,fair,1,257,0.76,1,116,61,255,44.61837532,67.07775849,-87.22651198,1,6168
Experiment_2,19,0,hue vs saturation,fair,2,344,0.87,1,255,33,92,55.19615842,79.07449184,26.11251701,0,9316
Experiment_2,19,0,hue vs saturation,fair,3,234,0.85,1,38,59,255,39.17326986,61.61389258,-96.39147605,0,19557
Experiment_2,19,0,hue vs saturation,fair,5,262,0.85,1,117,38,255,41.82646215,75.65231085,-91.82744429,1,14676
Experiment_2,19,0,hue vs saturation,tanned,7,66,0.92,1,231,255,20,95.39599966,-31.12711363,90.81204087,1,9595
Experiment_2,19,0,hue vs saturation,tanned,8,60,0.84,1,255,255,40,97.20048521,-21.0526354,89.9269037,1,5345
Experiment_2,19,0,hue vs saturation,tanned,10,278,0.85,1,175,38,255,49.15495032,82.33225562,-79.51474641,1,5701
Experiment_2,19,0,hue vs saturation,tanned,11,344,0.92,1,255,20,82,54.41688344,80.35493008,31.07290158,1,58487
Experiment_2,20,0,hue vs saturation,fair,1,288,0.53,1,227,119,255,67.08493425,61.85202618,-50.33071828,0,12024
Experiment_2,20,0,hue vs saturation,fair,2,230,0.45,1,140,159,255,67.71862115,17.74221745,-49.86184922,0,45611
Experiment_2,20,0,hue vs saturation,fair,3,249,0.48,1,150,132,255,61.83203856,35.67779528,-59.1633796,1,12555
Experiment_2,20,0,hue vs saturation,fair,5,318,0.49,1,255,130,217,71.03265171,57.90043616,-23.00318929,0,20815
Experiment_2,20,0,hue vs saturation,tanned,7,264,0.38,1,196,158,255,71.83201723,33.06548057,-43.09531853,1,18624
Experiment_2,20,0,hue vs saturation,tanned,8,23,0.54,1,255,170,117,76.85663938,25.85699166,39.90892543,1,10897
Experiment_2,20,0,hue vs saturation,tanned,10,348,0.34,1,255,168,185,77.73785123,34.20182116,4.57690277,1,30710
Experiment_2,20,0,hue vs saturation,tanned,11,343,0.25,1,255,191,209,83.50813211,25.56574816,-0.009483836,1,63899
Experiment_2,21,0,hue vs saturation,fair,1,20,0.15,1,255,229,216,92.68794609,6.834080573,9.563174932,1,3284
Experiment_2,21,0,hue vs saturation,fair,2,37,0.13,1,255,242,221,95.99042983,0.967881622,11.68829947,1,10071
Experiment_2,21,0,hue vs saturation,fair,3,43,0.13,1,255,245,221,96.73246193,-0.549437441,12.7445847,1,5205
Experiment_2,21,0,hue vs saturation,fair,5,35,0.15,1,255,239,216,95.14025073,1.725406025,13.05929119,1,2655
Experiment_2,21,0,hue vs saturation,tanned,7,40,0.32,1,255,227,173,91.33161895,1.958260125,29.92922784,1,11014
Experiment_2,21,0,hue vs saturation,tanned,8,29,0.23,1,255,224,196,91.03339683,6.485896814,17.63340292,1,3951
Experiment_2,21,0,hue vs saturation,tanned,10,43,0.26,1,255,236,188,93.83213434,-0.715016049,25.64555724,1,10540
Experiment_2,21,0,hue vs saturation,tanned,11,38,0.44,1,255,213,142,87.38847492,5.714316778,40.509565,1,14334
Experiment_2,22,0,hue vs saturation,fair,1,347,0.27,1,255,186,201,82.16045852,27.00767705,2.321414209,1,10766
Experiment_2,22,0,hue vs saturation,fair,2,44,0.29,1,255,235,181,93.45608443,-1.11118309,28.71250825,1,4033
Experiment_2,22,0,hue vs saturation,fair,3,320,0.49,1,255,130,213,70.89115714,57.3050505,-21.00419927,1,24180
Experiment_2,22,0,hue vs saturation,fair,5,42,0.22,1,255,238,198,94.51988112,-0.377070303,21.46353384,1,7841
Experiment_2,22,0,hue vs saturation,tanned,7,30,0.38,1,255,206,158,85.94202139,11.01345615,30.42144198,1,5265
Experiment_2,22,0,hue vs saturation,tanned,8,28,0.37,1,255,204,160,85.49576216,12.27733418,28.78221264,1,18509
Experiment_2,22,0,hue vs saturation,tanned,10,16,0.36,1,255,187,163,81.53558185,21.50281494,21.81130084,1,10855
Experiment_2,22,0,hue vs saturation,tanned,11,26,0.57,1,255,172,109,77.20254428,24.19024651,44.44203633,0,20494
Experiment_2,23,0,hue vs saturation,fair,1,200,0.59,1,104,204,255,78.08047615,-14.80857163,-33.8145846,0,20023
Experiment_2,23,0,hue vs saturation,fair,2,222,0.55,1,114,156,255,65.41591241,13.74987712,-53.60366219,1,46953
Experiment_2,23,0,hue vs saturation,fair,3,280,0.6,1,204,102,255,61.27280527,64.27742846,-59.74039134,0,19932
Experiment_2,23,0,hue vs saturation,fair,5,267,0.42,1,196,147,255,69.34341915,39.10012641,-46.99839471,1,13374
Experiment_2,23,0,hue vs saturation,tanned,7,18,0.71,1,255,128,73,67.41139395,44.53026032,51.1302639,1,22598
Experiment_2,23,0,hue vs saturation,tanned,8,6,0.68,1,255,98,81,62.15951583,58.75352779,41.02935301,1,28424
Experiment_2,23,0,hue vs saturation,tanned,10,354,0.54,1,255,117,131,66.2295288,53.70803361,18.29702939,1,23469
Experiment_2,23,0,hue vs saturation,tanned,11,33,0.77,1,255,166,58,75.35038659,24.51451226,65.79422848,1,38506
Experiment_2,24,1,hue vs saturation,fair,1,287,0.81,1,210,48,255,55.10892932,85.16211759,-69.60641945,0,10606
Experiment_2,24,1,hue vs saturation,fair,2,231,0.35,1,165,179,255,74.48275306,12.77183989,-39.14348701,0,4954
Experiment_2,24,1,hue vs saturation,fair,3,192,0.43,1,145,233,255,87.73585813,-20.93877543,-18.93268189,0,5021
Experiment_2,24,1,hue vs saturation,fair,5,174,0.62,1,96,255,239,91.79189713,-45.04533557,-4.716897047,1,11681
Experiment_2,24,1,hue vs saturation,tanned,7,53,0.69,1,255,234,79,91.98471291,-9.50163693,74.08744033,1,12320
Experiment_2,24,1,hue vs saturation,tanned,8,9,0.51,1,255,144,124,71.32479159,39.88076362,29.05900518,0,16192
Experiment_2,24,1,hue vs saturation,tanned,10,244,0.31,1,181,175,255,74.63765935,19.39905414,-38.81352179,1,4243
Experiment_2,24,1,hue vs saturation,tanned,11,28,0.61,1,255,172,99,77.08063189,23.4841521,49.29909894,0,7264
Experiment_2,25,0,hue vs saturation,fair,1,0,0.68,1,255,81,81,59.65215055,65.528788,38.04993178,0,15702
Experiment_2,25,0,hue vs saturation,fair,2,210,0.58,1,107,181,255,71.82126838,-1.866158872,-43.53408539,1,15124
Experiment_2,25,0,hue vs saturation,fair,3,351,0.66,1,255,86,111,60.83743096,65.41360572,22.41141188,1,18136
Experiment_2,25,0,hue vs saturation,fair,5,282,0.65,1,205,89,255,59.29129562,70.29241505,-62.90645024,1,8645
Experiment_2,25,0,hue vs saturation,tanned,7,54,0.25,1,255,248,191,96.88419562,-6.341843222,28.28920988,1,26784
Experiment_2,25,0,hue vs saturation,tanned,8,9,0.65,1,255,114,89,64.97518749,52.05222862,40.0532867,1,15739
Experiment_2,25,0,hue vs saturation,tanned,10,17,0.66,1,255,134,86,68.7382829,42.22699395,46.08437888,1,9849
Experiment_2,25,0,hue vs saturation,tanned,11,32,0.71,1,255,170,73,76.3693423,23.05217238,60.63817917,0,36818
Experiment_2,26,0,hue vs saturation,fair,1,197,0.48,1,132,220,255,83.60623228,-17.38271192,-25.2461837,0,18556
Experiment_2,26,0,hue vs saturation,fair,2,130,0.36,1,163,255,178,92.80427122,-42.70293146,28.3672988,0,6737
Experiment_2,26,0,hue vs saturation,fair,3,215,0.28,1,183,213,255,84.41968426,-0.679138453,-23.7609203,0,3606
Experiment_2,26,0,hue vs saturation,fair,5,181,0.31,1,175,253,255,94.56170802,-23.19585382,-8.578942777,0,5672
Experiment_2,26,0,hue vs saturation,tanned,7,217,0.64,1,91,154,255,63.79924333,10.69519125,-56.23871963,1,14762
Experiment_2,26,0,hue vs saturation,tanned,8,323,0.44,1,255,142,211,73.09499268,51.16006624,-16.5595194,1,13933
Experiment_2,26,0,hue vs saturation,tanned,10,14,0.36,1,255,184,163,80.84171524,23.0752343,20.85542708,0,15154
Experiment_2,26,0,hue vs saturation,tanned,11,128,0.36,1,163,255,175,92.75185416,-43.19716572,29.80758323,1,5492
Experiment_2,27,0,hue vs saturation,fair,1,23,0.26,1,255,214,188,88.44007136,10.5547772,18.18116053,1,7926
Experiment_2,27,0,hue vs saturation,fair,2,16,0.28,1,255,202,183,85.46350797,16.1341721,16.64743696,1,5742
Experiment_2,27,0,hue vs saturation,fair,3,20,0.18,1,255,224,209,91.31330533,8.353286353,11.25053141,1,19413
Experiment_2,27,0,hue vs saturation,fair,5,55,0.26,1,255,249,188,97.08220849,-7.230685935,30.07577286,1,13547
Experiment_2,27,0,hue vs saturation,tanned,7,32,0.46,1,255,200,137,84.16047745,11.95146349,38.90314744,1,17396
Experiment_2,27,0,hue vs saturation,tanned,8,28,0.38,1,255,203,158,85.22060768,12.57187907,29.45462045,0,14055
Experiment_2,27,0,hue vs saturation,tanned,10,155,0.62,1,96,255,189,90.63410017,-56.62450525,19.41568456,1,3173
Experiment_2,27,0,hue vs saturation,tanned,11,32,0.46,1,255,200,137,84.16047745,11.95146349,38.90314744,1,18438
Experiment_2,28,1,hue vs saturation,fair,1,241,0.8,1,54,50,255,38.3499847,66.61561026,-97.73923923,1,12721
Experiment_2,28,1,hue vs saturation,fair,2,275,0.8,1,169,50,255,49.41865848,78.28222933,-79.11830035,1,26905
Experiment_2,28,1,hue vs saturation,fair,3,348,0.93,1,255,17,65,54.07212324,79.99192682,40.61280939,0,15192
Experiment_2,28,1,hue vs saturation,fair,5,241,0.91,1,26,22,255,34.01084043,75.56847795,-104.9958564,0,11723
Experiment_2,28,1,hue vs saturation,tanned,7,235,0.89,1,28,46,255,36.78229534,67.41566629,-100.3730867,1,16244
Experiment_2,28,1,hue vs saturation,tanned,8,47,0.73,1,255,214,68,86.88417509,0.033874966,73.0927311,0,9329
Experiment_2,28,1,hue vs saturation,tanned,10,262,0.99,1,95,2,255,37.29177569,80.92531725,-99.41440822,1,11339
Experiment_2,28,1,hue vs saturation,tanned,11,39,0.61,1,255,200,99,83.688746,8.886277986,56.92412925,0,3493
Experiment_2,29,0,hue vs saturation,fair,1,76,0.35,1,231,255,165,96.5028346,-21.85026653,40.47050258,0,9715
Experiment_2,29,0,hue vs saturation,fair,2,228,0.94,1,15,63,255,39.37180286,58.84500276,-96.07788,0,23925
Experiment_2,29,0,hue vs saturation,fair,3,205,0.02,1,249,252,255,98.82052494,-0.447429678,-1.787610682,0,4710
Experiment_2,29,0,hue vs saturation,fair,5,247,0.95,1,41,12,255,33.88765394,77.81174191,-105.1888523,0,16707
Experiment_2,29,0,hue vs saturation,tanned,7,237,0.45,1,140,145,255,64.19833838,25.83325895,-55.43810289,0,25169
Experiment_2,29,0,hue vs saturation,tanned,8,131,0.35,1,165,255,182,92.96920741,-41.44378642,26.5864075,0,15463
Experiment_2,29,0,hue vs saturation,tanned,10,261,0.17,1,226,211,255,86.98572078,13.37917085,-19.58104032,1,25558
Experiment_2,29,0,hue vs saturation,tanned,11,296,0.14,1,252,219,255,91.04322918,17.52914178,-13.26983936,0,14749
Experiment_2,30,0,hue vs saturation,fair,1,237,0.56,1,112,119,255,55.94573785,35.27580214,-68.7686463,1,18214
Experiment_2,30,0,hue vs saturation,fair,2,17,0.61,1,255,143,99,70.73680321,38.49070151,41.71748056,1,11883
Experiment_2,30,0,hue vs saturation,fair,3,338,0.71,1,255,73,140,59.81507008,72.36552343,4.063029347,0,12112
Experiment_2,30,0,hue vs saturation,fair,5,238,0.73,1,68,75,255,43.47937627,54.97509094,-89.22822678,1,16809
Experiment_2,30,0,hue vs saturation,tanned,7,316,0.54,1,255,117,218,68.78351312,64.08140992,-27.0009571,0,15142
Experiment_2,30,0,hue vs saturation,tanned,8,196,0.49,1,130,221,255,83.79821767,-18.33050828,-24.96139961,1,16277
Experiment_2,30,0,hue vs saturation,tanned,10,281,0.7,1,198,76,255,56.4807785,74.147088,-67.47635288,1,5934
Experiment_2,30,0,hue vs saturation,tanned,11,8,0.59,1,255,124,104,67.03231754,48.25994643,34.43890154,0,12041
Experiment_2,31,0,hue vs saturation,fair,1,189,0.5,1,127,235,255,87.55719701,-25.9303221,-19.27385225,0,10012
Experiment_2,31,0,hue vs saturation,fair,2,122,0.69,1,79,255,84,88.83845853,-75.37869172,66.1313854,0,17499
Experiment_2,31,0,hue vs saturation,fair,3,242,0.68,1,87,81,255,45.81323187,53.59322977,-85.34706414,0,10904
Experiment_2,31,0,hue vs saturation,fair,5,203,0.6,1,102,196,255,75.77655532,-10.951757,-37.3855226,1,7231
Experiment_2,31,0,hue vs saturation,tanned,7,331,0.69,1,255,79,164,61.24856407,72.63237024,-7.806964654,1,9769
Experiment_2,31,0,hue vs saturation,tanned,8,25,0.79,1,255,137,53,69.04604409,39.26606397,61.84411426,1,39539
Experiment_2,31,0,hue vs saturation,tanned,10,55,0.67,1,255,240,84,93.546086,-12.20551489,73.79163545,1,12555
Experiment_2,31,0,hue vs saturation,tanned,11,22,0.93,1,255,104,17,62.67703011,54.26572439,68.54437542,0,9541
Experiment_2,32,0,hue vs saturation,fair,1,97,0.14,1,232,255,219,97.54741819,-13.78051738,14.69478954,0,8308
Experiment_2,32,0,hue vs saturation,fair,2,257,0.09,1,238,232,255,93.06273679,6.211020701,-10.37843554,0,4347
Experiment_2,32,0,hue vs saturation,fair,3,94,0.05,1,247,255,242,99.10570847,-4.893593881,5.283090172,1,27947
Experiment_2,32,0,hue vs saturation,fair,5,320,0.15,1,255,216,242,90.22143018,17.79311293,-7.642543582,1,5742
Experiment_2,32,0,hue vs saturation,tanned,7,32,0.37,1,255,210,160,86.94349999,9.165727958,30.72525299,1,19901
Experiment_2,32,0,hue vs saturation,tanned,8,35,0.28,1,255,225,183,91.0209028,4.231030429,24.36000827,1,7029
Experiment_2,32,0,hue vs saturation,tanned,10,80,0.31,1,228,255,175,96.45496006,-21.67203496,35.41756786,1,21236
Experiment_2,32,0,hue vs saturation,tanned,11,282,0.26,1,235,188,255,82.29728806,28.46981909,-26.62895244,0,7888
Experiment_2,33,1,hue vs saturation,fair,1,212,0.59,1,104,174,255,69.7783545,1.477439283,-46.74706132,0,36129
Experiment_2,33,1,hue vs saturation,fair,2,151,0.87,1,33,255,147,88.89880797,-72.36172965,38.00075987,1,24069
Experiment_2,33,1,hue vs saturation,fair,3,350,0.51,1,255,124,146,67.83641695,51.81923331,12.05488628,0,14185
Experiment_2,33,1,hue vs saturation,fair,5,192,0.78,1,56,215,255,79.98889926,-27.01041018,-30.97676128,1,11748
Experiment_2,33,1,hue vs saturation,tanned,7,44,0.99,1,255,187,2,80.0698079,12.4790471,82.18183167,1,14213
Experiment_2,33,1,hue vs saturation,tanned,8,55,0.83,1,255,237,43,92.57609093,-12.29092425,85.48940591,1,16632
Experiment_2,33,1,hue vs saturation,tanned,10,354,0.94,1,255,15,39,53.75874149,79.47866677,54.25997176,0,19049
Experiment_2,33,1,hue vs saturation,tanned,11,246,0.58,1,121,107,255,53.81451587,43.96136107,-72.18585317,1,18383
Experiment_2,34,0,hue vs saturation,fair,1,217,0.5,1,127,176,255,71.40723159,5.070717487,-44.11445537,0,14713
Experiment_2,34,0,hue vs saturation,fair,2,221,0.38,1,158,188,255,76.34802444,5.935108165,-36.28361146,1,18158
Experiment_2,34,0,hue vs saturation,fair,3,12,0.62,1,255,128,96,67.68234023,45.78777521,39.57973557,1,16258
Experiment_2,34,0,hue vs saturation,fair,5,16,0.43,1,255,174,145,78.21410651,26.33692237,26.90003041,1,27543
Experiment_2,34,0,hue vs saturation,tanned,7,277,0.5,1,206,127,255,66.15195533,52.44389108,-51.96513154,1,12350
Experiment_2,34,0,hue vs saturation,tanned,8,60,0.41,1,255,255,150,98.0263192,-14.53052114,50.04572833,1,16795
Experiment_2,34,0,hue vs saturation,tanned,10,345,0.62,1,255,96,136,62.846634,63.4123944,10.71878851,0,23007
Experiment_2,34,0,hue vs saturation,tanned,11,102,0.69,1,131,255,79,90.28008612,-64.03467161,69.9519039,0,12686
Experiment_2,35,0,hue vs saturation,fair,1,209,0.44,1,142,200,255,78.6243331,-4.614337728,-32.83994099,1,52712
Experiment_2,35,0,hue vs saturation,fair,2,316,0.66,1,255,86,210,63.81016724,75.65715982,-30.18919695,0,36146
Experiment_2,35,0,hue vs saturation,fair,3,250,0.44,1,161,142,255,65.07597401,32.64069615,-53.9451097,1,8126
Experiment_2,35,0,hue vs saturation,fair,5,356,0.77,1,255,58,71,56.82223417,72.57917507,40.33586804,1,16080
Experiment_2,35,0,hue vs saturation,tanned,7,89,0.53,1,189,255,119,93.3073005,-42.05303055,57.6908536,1,12974
Experiment_2,35,0,hue vs saturation,tanned,8,13,0.6,1,255,135,102,69.1458407,42.72164095,38.17280331,1,34485
Experiment_2,35,0,hue vs saturation,tanned,10,27,0.67,1,255,161,84,74.43843626,28.30787831,53.5494236,1,6259
Experiment_2,35,0,hue vs saturation,tanned,11,5,0.94,1,255,35,15,54.54994015,76.52345039,64.16055228,0,18009
Experiment_2,36,1,hue vs saturation,fair,1,346,0.86,1,255,35,86,55.21004309,78.44028144,29.69672293,0,2212
Experiment_2,36,1,hue vs saturation,fair,2,203,0.55,1,114,201,255,77.6208467,-11.32757264,-34.49364472,1,3823
Experiment_2,36,1,hue vs saturation,fair,3,323,0.38,1,255,158,217,76.51120092,43.98877907,-14.70666459,1,2737
Experiment_2,36,1,hue vs saturation,fair,5,14,0.92,1,255,75,20,58.36088269,65.92346183,65.02155575,0,19329
Experiment_2,36,1,hue vs saturation,tanned,7,254,0.49,1,159,130,255,62.13118264,38.95184079,-58.6416979,1,2157
Experiment_2,36,1,hue vs saturation,tanned,8,291,0.79,1,224,53,255,57.66835333,86.26228778,-65.37034868,1,9507
Experiment_2,36,1,hue vs saturation,tanned,10,347,0.88,1,255,30,79,54.81706514,78.93442342,33.34152117,1,19869
Experiment_2,36,1,hue vs saturation,tanned,11,318,0.06,1,255,239,250,95.95325196,7.268168201,-3.361648082,0,6092
Experiment_2,37,0,hue vs saturation,fair,1,262,0.5,1,174,127,255,62.84169474,44.28423161,-57.42760449,0,7646
Experiment_2,37,0,hue vs saturation,fair,2,201,0.71,1,73,191,255,73.47934573,-12.78562913,-41.02727442,1,3661
Experiment_2,37,0,hue vs saturation,fair,3,353,0.6,1,255,102,119,63.42103555,59.46022533,21.29110201,0,7712
Experiment_2,37,0,hue vs saturation,fair,5,268,0.6,1,173,102,255,57.66210141,57.29444011,-65.72942345,1,31956
Experiment_2,37,0,hue vs saturation,tanned,7,14,0.79,1,255,100,53,62.19521853,56.76209408,55.34145619,1,8456
Experiment_2,37,0,hue vs saturation,tanned,8,30,0.97,1,255,131,7,67.65637817,41.40394189,73.40030562,1,15947
Experiment_2,37,0,hue vs saturation,tanned,10,359,0.96,1,255,10,14,53.5018941,79.52350694,63.88254207,1,29280
Experiment_2,37,0,hue vs saturation,tanned,11,38,0.95,1,255,166,12,75.17613464,23.51080808,77.75377935,0,10850
Experiment_2,38,0,hue vs saturation,fair,1,171,0.44,1,142,255,238,93.20840524,-36.28444042,-1.950551646,1,9723
Experiment_2,38,0,hue vs saturation,fair,2,8,0.92,1,255,51,20,55.76411026,73.16542136,63.39512279,1,6346
Experiment_2,38,0,hue vs saturation,fair,3,353,0.87,1,255,33,59,54.72400628,77.71807295,44.71259019,0,3555
Experiment_2,38,0,hue vs saturation,fair,5,221,0.49,1,130,169,255,69.71225835,9.700293339,-46.76246848,0,4958
Experiment_2,38,0,hue vs saturation,tanned,7,126,0.33,1,170,255,179,93.15467199,-40.44915666,28.39415805,0,3723
Experiment_2,38,0,hue vs saturation,tanned,8,267,0.49,1,186,130,255,64.66330779,45.67823256,-54.45826301,1,11381
Experiment_2,38,0,hue vs saturation,tanned,10,275,0.68,1,182,81,255,55.12374334,69.01070445,-69.77126056,0,21783
Experiment_2,38,0,hue vs saturation,tanned,11,194,0.29,1,181,237,255,90.60261487,-13.64324125,-14.44415006,1,4096
Experiment_2,39,0,hue vs saturation,fair,1,356,0.39,1,255,155,162,74.38846784,38.07688016,12.38878589,1,34936
Experiment_2,39,0,hue vs saturation,fair,2,57,0.08,1,255,253,234,99.00592012,-2.524220955,9.315617464,1,16276
Experiment_2,39,0,hue vs saturation,fair,3,282,0.33,1,229,170,255,77.65453334,36.23956248,-33.80616585,0,17877
Experiment_2,39,0,hue vs saturation,fair,5,243,0.25,1,194,191,255,79.58588777,14.34231984,-31.08297943,0,30017
Experiment_2,39,0,hue vs saturation,tanned,7,251,0.34,1,184,168,255,73.16471835,24.13518024,-41.08941326,1,18005
Experiment_2,39,0,hue vs saturation,tanned,8,357,0.56,1,255,112,119,65.10539354,55.01204014,23.56205113,0,65921
Experiment_2,39,0,hue vs saturation,tanned,10,124,0.6,1,102,255,112,89.63350587,-68.04695092,55.58686993,1,25941
Experiment_2,39,0,hue vs saturation,tanned,11,20,0.39,1,255,188,155,81.61646261,20.07052101,26.17162485,1,30307
Experiment_2,40,1,hue vs saturation,fair,1,128,0.52,1,122,255,140,90.57463068,-59.7694385,43.90489412,0,4624
Experiment_2,40,1,hue vs saturation,fair,2,211,0.57,1,109,179,255,71.35865845,-0.368717387,-44.25226096,1,7340
Experiment_2,40,1,hue vs saturation,fair,3,4,0.98,1,255,21,5,53.82193433,78.47241336,66.21105149,1,9101
Experiment_2,40,1,hue vs saturation,fair,5,66,0.8,1,234,255,50,95.68175925,-29.27925528,85.84131478,1,24698
Experiment_2,40,1,hue vs saturation,tanned,7,10,0.79,1,255,87,53,60.188785,62.13557247,53.39565916,1,14938
Experiment_2,40,1,hue vs saturation,tanned,8,299,0.28,1,253,183,255,82.89726134,36.76371938,-25.55785724,1,5006
Experiment_2,40,1,hue vs saturation,tanned,10,85,0.9,1,159,255,25,91.21669459,-57.88616963,85.09507744,0,7831
Experiment_2,40,1,hue vs saturation,tanned,11,258,0.93,1,88,17,255,37.29047869,78.56837592,-99.43475515,1,4604
Experiment_2,41,1,hue vs saturation,fair,1,19,0.54,1,255,160,117,74.62642542,31.06914521,37.09197704,1,9797
Experiment_2,41,1,hue vs saturation,fair,2,37,0.49,1,255,207,130,85.75448719,7.676541482,44.45580804,1,4304
Experiment_2,41,1,hue vs saturation,fair,3,28,0.85,1,255,139,38,69.37339644,37.83964211,67.6522673,1,6912
Experiment_2,41,1,hue vs saturation,fair,5,281,0.33,1,228,170,255,77.557129,35.93747568,-33.96454032,0,10359
Experiment_2,41,1,hue vs saturation,tanned,7,104,0.73,1,118,255,68,89.76124078,-68.27486791,73.06278029,1,8409
Experiment_2,41,1,hue vs saturation,tanned,8,320,0.36,1,255,163,224,77.7781927,42.51811563,-16.61230446,1,9141
Experiment_2,41,1,hue vs saturation,tanned,10,327,0.74,1,255,66,170,59.94174122,77.48319684,-13.23941139,0,21680
Experiment_2,41,1,hue vs saturation,tanned,11,202,0.5,1,127,208,255,80.09164536,-12.29505949,-30.64199153,1,13454
Experiment_2,42,0,hue vs saturation,fair,1,21,0.31,1,255,203,175,85.53777753,14.58714893,20.97534837,1,28866
Experiment_2,42,0,hue vs saturation,fair,2,4,0.09,1,255,233,232,94.03975442,7.308059911,3.185148412,1,14081
Experiment_2,42,0,hue vs saturation,fair,3,50,0.16,1,255,248,214,97.32890489,-3.117618228,17.18179488,1,11636
Experiment_2,42,0,hue vs saturation,fair,5,34,0.31,1,255,220,175,89.64605295,5.784495611,26.61525863,1,26087
Experiment_2,42,0,hue vs saturation,tanned,7,33,0.46,1,255,202,137,84.64178921,10.91275721,39.52067565,1,16578
Experiment_2,42,0,hue vs saturation,tanned,8,31,0.54,1,255,188,117,81.02194709,16.44342612,45.08482381,1,16754
Experiment_2,42,0,hue vs saturation,tanned,10,20,0.4,1,255,187,153,81.34683671,20.37489938,26.86595837,1,9018
Experiment_2,42,0,hue vs saturation,tanned,11,39,0.57,1,255,204,109,84.76628353,7.514512676,53.48966991,0,21567
Experiment_2,43,0,hue vs saturation,fair,1,186,0.73,1,68,236,255,86.22591416,-35.84961778,-21.44245742,1,3185
Experiment_2,43,0,hue vs saturation,fair,2,67,0.4,1,243,255,153,97.17668409,-18.77029493,47.34982052,0,11815
Experiment_2,43,0,hue vs saturation,fair,3,243,0.91,1,34,22,255,34.26020605,75.69729235,-104.5732403,0,24992
Experiment_2,43,0,hue vs saturation,fair,5,199,0.69,1,79,199,255,75.90269036,-16.20965178,-37.24628739,1,6767
Experiment_2,43,0,hue vs saturation,tanned,7,276,0.58,1,195,107,255,61.07833381,59.79759239,-60.11292966,1,10335
Experiment_2,43,0,hue vs saturation,tanned,8,34,0.75,1,255,172,63,76.75401773,21.57292626,65.18489508,0,6562
Experiment_2,43,0,hue vs saturation,tanned,10,266,0.82,1,136,45,255,44.70394929,75.49955391,-87.00876266,1,7956
Experiment_2,43,0,hue vs saturation,tanned,11,290,0.85,1,218,38,255,55.59549703,88.61900178,-68.7595549,1,13942
Experiment_2,44,0,hue vs saturation,fair,1,16,0.32,1,255,195,173,83.60382571,18.51677819,19.3521968,1,35552
Experiment_2,44,0,hue vs saturation,fair,2,350,0.16,1,255,214,221,89.19287976,15.37510172,1.900611661,0,7617
Experiment_2,44,0,hue vs saturation,fair,3,155,0.15,1,216,255,239,96.9635691,-15.49850684,3.461101495,1,24972
Experiment_2,44,0,hue vs saturation,fair,5,343,0.1,1,255,229,236,93.16953069,10.02724098,-0.164702954,1,30990
Experiment_2,44,0,hue vs saturation,tanned,7,15,0.28,1,255,201,183,85.22654473,16.65642637,16.31512176,1,14785
Experiment_2,44,0,hue vs saturation,tanned,8,37,0.46,1,255,210,137,86.58288629,6.774951316,41.99736524,1,18188
Experiment_2,44,0,hue vs saturation,tanned,10,43,0.23,1,255,238,196,94.48080873,-0.652593422,22.43660906,0,19010
Experiment_2,44,0,hue vs saturation,tanned,11,249,0.17,1,218,211,255,86.36220747,10.87042132,-20.58376698,0,8773
Experiment_2,45,1,hue vs saturation,fair,1,289,0.56,1,228,112,255,65.98336571,65.38801039,-52.06464835,1,7496
Experiment_2,45,1,hue vs saturation,fair,2,88,0.49,1,196,255,130,93.82597599,-38.4678147,53.39897403,1,6131
Experiment_2,45,1,hue vs saturation,fair,3,41,0.92,1,255,180,20,78.4343331,16.29077933,78.92760885,1,24619
Experiment_2,45,1,hue vs saturation,fair,5,24,0.61,1,255,161,99,74.60400997,29.22244395,46.37101717,1,7807
Experiment_2,45,1,hue vs saturation,tanned,7,300,0.62,1,255,96,255,67.16113833,78.5855362,-49.96560942,0,5882
Experiment_2,45,1,hue vs saturation,tanned,8,261,0.45,1,180,140,255,66.2742822,38.64410176,-51.94084712,1,16544
Experiment_2,45,1,hue vs saturation,tanned,10,273,0.66,1,179,86,255,55.54230019,66.22307321,-69.11287142,1,7873
Experiment_2,45,1,hue vs saturation,tanned,11,357,0.46,1,255,137,143,70.27004624,45.16505628,17.14110065,0,13485
Experiment_2,46,0,hue vs saturation,fair,1,153,0.57,1,109,255,189,90.98273419,-54.16401216,19.95394725,1,11022
Experiment_2,46,0,hue vs saturation,fair,2,9,0.73,1,255,96,68,61.69138989,59.00861643,47.41840122,1,12823
Experiment_2,46,0,hue vs saturation,fair,3,51,0.67,1,255,229,84,90.75193073,-6.763588892,70.94369796,0,8305
Experiment_2,46,0,hue vs saturation,fair,5,130,0.75,1,63,255,95,88.63955795,-76.72746523,61.48680421,1,16212
Experiment_2,46,0,hue vs saturation,tanned,7,312,0.3,1,255,178,239,81.47417454,37.20309229,-19.13619741,1,36098
Experiment_2,46,0,hue vs saturation,tanned,8,272,0.94,1,143,15,255,43.36176827,82.84634581,-89.18884753,1,17209
Experiment_2,46,0,hue vs saturation,tanned,10,318,0.66,1,255,86,204,63.56969316,74.85924273,-27.17289661,1,12752
Experiment_2,46,0,hue vs saturation,tanned,11,353,0.68,1,255,81,101,59.96495222,66.63411464,27.04098474,0,22253
Experiment_2,47,1,hue vs saturation,fair,1,233,0.32,1,173,182,255,75.79847763,13.28592265,-37.05679158,1,12639
Experiment_2,47,1,hue vs saturation,fair,2,40,0.34,1,255,226,168,90.99843032,1.870935074,32.03888224,1,7006
Experiment_2,47,1,hue vs saturation,fair,3,272,0.25,1,225,191,255,82.10334785,23.74424943,-27.00513305,0,6753
Experiment_2,47,1,hue vs saturation,fair,5,265,0.26,1,216,188,255,80.61931484,22.5849179,-29.34475833,0,6098
Experiment_2,47,1,hue vs saturation,tanned,7,105,0.05,1,245,255,242,98.96350194,-5.558401548,5.059457773,1,10273
Experiment_2,47,1,hue vs saturation,tanned,8,315,0.25,1,255,191,239,84.35660444,30.39019845,-14.79581375,0,36583
Experiment_2,47,1,hue vs saturation,tanned,10,223,0.21,1,201,216,255,86.37972482,3.016475367,-20.67625592,0,5776
Experiment_2,47,1,hue vs saturation,tanned,11,148,0.09,1,232,255,242,98.06816203,-9.82658533,3.650344641,0,11991
Experiment_2,48,0,hue vs saturation,fair,1,211,0.45,1,140,195,255,77.17647504,-2.401664892,-35.08365474,0,4020
Experiment_2,48,0,hue vs saturation,fair,2,229,0.87,1,33,73,255,41.70216302,53.84148706,-92.2079658,1,12657
Experiment_2,48,0,hue vs saturation,fair,3,50,0.42,1,255,237,147,93.42224336,-5.961464683,45.70938961,0,6870
Experiment_2,48,0,hue vs saturation,fair,5,190,0.45,1,140,235,255,88.07058649,-23.08846256,-18.44909736,0,3299
Experiment_2,48,0,hue vs saturation,tanned,7,96,0.75,1,140,255,63,90.53031809,-62.47437485,75.66120476,0,9799
Experiment_2,48,0,hue vs saturation,tanned,8,204,0.8,1,50,173,255,67.86203992,-5.466333724,-49.87649747,1,24435
Experiment_2,48,0,hue vs saturation,tanned,10,350,0.67,1,255,84,112,60.57854736,66.24479709,21.48365042,1,7342
Experiment_2,48,0,hue vs saturation,tanned,11,32,0.69,1,255,172,79,76.87821045,22.3030484,58.5228871,0,16795
Experiment_2,49,0,hue vs saturation,fair,1,242,0.34,1,171,168,255,72.1503527,20.54277394,-42.74851337,0,4207
Experiment_2,49,0,hue vs saturation,fair,2,209,0.4,1,153,205,255,80.5465702,-4.558359058,-29.8345505,0,6282
Experiment_2,49,0,hue vs saturation,fair,3,245,0.37,1,168,160,255,69.95567627,24.24098292,-46.20410483,1,3382
Experiment_2,49,0,hue vs saturation,fair,5,296,0.31,1,249,175,255,80.74973159,39.70976513,-28.87626229,1,3275
Experiment_2,49,0,hue vs saturation,tanned,7,351,0.46,1,255,137,155,70.53724005,46.41560805,10.81976977,0,4627
Experiment_2,49,0,hue vs saturation,tanned,8,101,0.74,1,126,255,66,90.02111775,-66.28900761,74.05292154,1,4515
Experiment_2,49,0,hue vs saturation,tanned,10,0,0.69,1,255,79,79,59.35785732,66.16636892,38.81708603,1,9144
Experiment_2,49,0,hue vs saturation,tanned,11,290,0.53,1,232,119,255,67.70208836,63.13186569,-49.31558964,0,13054
Experiment_2,50,1,hue vs saturation,fair,1,181,0.88,1,30,251,255,90.08653422,-45.51228594,-15.66839245,0,33086
Experiment_2,50,1,hue vs saturation,fair,2,176,0.89,1,28,255,239,90.77938835,-51.79253739,-6.325367817,0,7916
Experiment_2,50,1,hue vs saturation,fair,3,181,0.97,1,7,250,255,89.69024648,-45.77704643,-16.27409604,0,9453
Experiment_2,50,1,hue vs saturation,fair,5,187,0.9,1,25,228,255,83.39683469,-35.31927153,-25.79019495,1,19919
Experiment_2,50,1,hue vs saturation,tanned,7,3,0.37,1,255,165,160,76.50199488,32.66722601,16.45187605,0,21145
Experiment_2,50,1,hue vs saturation,tanned,8,261,0.9,1,105,25,255,39.44289523,78.02872789,-95.81288267,0,10714
Experiment_2,50,1,hue vs saturation,tanned,10,186,0.88,1,30,232,255,84.59144479,-36.96044691,-23.96798336,0,9039
Experiment_2,50,1,hue vs saturation,tanned,11,220,0.96,1,10,91,255,45.31298792,42.32496075,-86.26813626,0,8837
Experiment_2,51,1,hue vs saturation,fair,1,178,0.67,1,84,255,249,91.79439554,-44.1834151,-9.92598431,0,1740
Experiment_2,51,1,hue vs saturation,fair,2,226,0.47,1,135,163,255,68.43519178,14.27243491,-48.75258799,0,7132
Experiment_2,51,1,hue vs saturation,fair,3,245,0.35,1,173,165,255,71.56481366,22.76988491,-43.65340797,1,3910
Experiment_2,51,1,hue vs saturation,fair,5,353,0.1,1,255,229,232,93.06905709,9.366763733,1.774575076,1,22040
Experiment_2,51,1,hue vs saturation,tanned,7,35,0.8,1,255,170,50,76.21617779,22.15759114,69.50631816,1,15451
Experiment_2,51,1,hue vs saturation,tanned,8,44,0.5,1,255,221,127,89.1607161,0.239375077,50.13486838,1,9197
Experiment_2,51,1,hue vs saturation,tanned,10,342,0.45,1,255,140,174,71.60391969,47.12326043,1.749264122,0,16023
Experiment_2,51,1,hue vs saturation,tanned,11,226,0.47,1,135,163,255,68.43519178,14.27243491,-48.75258799,0,9544
Experiment_2,52,0,hue vs saturation,fair,1,259,0.61,1,148,99,255,54.49033331,53.60213085,-70.97918836,1,7657
Experiment_2,52,0,hue vs saturation,fair,2,83,0.32,1,223,255,173,96.09006528,-23.72289127,35.86877457,1,16321
Experiment_2,52,0,hue vs saturation,fair,3,337,0.57,1,255,109,165,65.68156926,60.75839495,-1.830010421,0,5764
Experiment_2,52,0,hue vs saturation,fair,5,217,0.56,1,112,166,255,67.97429006,7.570480258,-49.56332124,1,25292
Experiment_2,52,0,hue vs saturation,tanned,7,323,0.72,1,255,71,184,60.98159447,77.50124444,-19.741729,0,16927
Experiment_2,52,0,hue vs saturation,tanned,8,210,0.95,1,12,133,255,56.16102918,15.96930402,-68.58915115,0,11758
Experiment_2,52,0,hue vs saturation,tanned,10,133,0.51,1,124,255,153,90.82779306,-57.31700104,37.92259762,0,6326
Experiment_2,52,0,hue vs saturation,tanned,11,242,0.68,1,87,81,255,45.81323187,53.59322977,-85.34706414,1,6738
Experiment_2,53,0,hue vs saturation,fair,1,79,0.4,1,222,255,153,95.72628793,-26.55911947,45.20887461,1,28741
Experiment_2,53,0,hue vs saturation,fair,2,56,0.76,1,255,242,61,93.92669955,-14.19005593,81.94105368,1,13415
Experiment_2,53,0,hue vs saturation,fair,3,342,0.51,1,255,124,163,68.25554442,53.63368648,3.056625634,1,26067
Experiment_2,53,0,hue vs saturation,fair,5,47,0.47,1,255,229,135,91.25595674,-3.09767346,48.84163096,0,14472
Experiment_2,53,0,hue vs saturation,tanned,7,105,0.51,1,157,255,124,91.74913493,-52.1103092,53.17936769,1,36003
Experiment_2,53,0,hue vs saturation,tanned,8,335,0.67,1,255,84,155,61.6259159,69.91007846,-2.037344198,0,10064
Experiment_2,53,0,hue vs saturation,tanned,10,198,0.92,1,20,184,255,70.6287315,-13.38997063,-45.54846659,0,23005
Experiment_2,53,0,hue vs saturation,tanned,11,225,0.47,1,135,165,255,68.95444447,13.12804044,-47.93467177,0,14200
Experiment_2,54,1,hue vs saturation,fair,1,170,0.61,1,99,255,229,91.60843647,-47.05072827,0.202994891,1,16918
Experiment_2,54,1,hue vs saturation,fair,2,3,0.94,1,255,27,15,54.11004245,77.78576947,63.92353361,0,21900
Experiment_2,54,1,hue vs saturation,fair,3,230,0.83,1,43,78,255,43.036756,51.45577545,-89.99435977,0,13577
Experiment_2,54,1,hue vs saturation,fair,5,156,0.73,1,68,255,180,89.87987342,-62.7313693,22.87231632,1,11060
Experiment_2,54,1,hue vs saturation,tanned,7,20,0.79,1,255,120,53,65.70970566,47.62485073,58.70287894,1,7203
Experiment_2,54,1,hue vs saturation,tanned,8,62,0.69,1,249,255,79,96.91189602,-22.12249639,78.79294923,1,11547
Experiment_2,54,1,hue vs saturation,tanned,10,357,0.78,1,255,56,66,56.56688478,72.93626526,42.8415421,1,18600
Experiment_2,54,1,hue vs saturation,tanned,11,35,0.34,1,255,218,168,89.03105614,5.965448724,29.3970475,1,18359
Experiment_2,55,1,hue vs saturation,fair,1,274,0.74,1,173,66,255,51.83796449,73.43835273,-75.153,1,8043
Experiment_2,55,1,hue vs saturation,fair,2,14,0.65,1,255,127,89,67.39690625,45.85283059,42.95037258,0,12513
Experiment_2,55,1,hue vs saturation,fair,3,105,0.7,1,121,255,76,89.90888173,-66.95128128,70.52959696,0,11196
Experiment_2,55,1,hue vs saturation,fair,5,228,0.69,1,79,114,255,52.85841808,33.0600758,-73.85747218,1,12718
Experiment_2,55,1,hue vs saturation,tanned,7,290,0.9,1,216,25,255,54.56837321,90.41718284,-70.43561491,1,5609
Experiment_2,55,1,hue vs saturation,tanned,8,290,0.71,1,224,73,255,59.7370016,80.30674291,-62.04811223,1,3042
Experiment_2,55,1,hue vs saturation,tanned,10,275,0.73,1,177,68,255,52.62108591,73.36332124,-73.85695975,1,14755
Experiment_2,55,1,hue vs saturation,tanned,11,39,0.68,1,255,194,81,82.07549808,10.93216183,63.15807901,0,44554
Experiment_2,56,0,hue vs saturation,fair,1,213,0.35,1,165,205,255,81.22667812,-1.420526537,-28.73272661,0,19579
Experiment_2,56,0,hue vs saturation,fair,2,124,0.29,1,181,255,185,93.81694741,-36.08047547,26.35595589,0,7583
Experiment_2,56,0,hue vs saturation,fair,3,190,0.16,1,214,248,255,95.43435716,-9.519254069,-7.044220978,0,31716
Experiment_2,56,0,hue vs saturation,fair,5,154,0.35,1,165,255,216,93.65737042,-35.16644936,10.1749433,1,11821
Experiment_2,56,0,hue vs saturation,tanned,7,53,0.15,1,255,250,216,97.86886533,-3.821730381,16.91798368,0,4591
Experiment_2,56,0,hue vs saturation,tanned,8,167,0.32,1,173,255,237,94.53366907,-28.63459652,0.664711432,0,24837
Experiment_2,56,0,hue vs saturation,tanned,10,231,0.63,1,94,118,255,54.61260206,32.8006334,-70.97742173,1,10077
Experiment_2,56,0,hue vs saturation,tanned,11,29,0.25,1,255,222,191,90.44305105,6.82852922,19.41046765,1,25562
Experiment_2,57,0,hue vs saturation,fair,1,47,0.13,1,255,247,221,97.22840712,-1.557703118,13.44922714,1,14576
Experiment_2,57,0,hue vs saturation,fair,2,43,0.32,1,255,231,173,92.32223573,-0.074500358,31.26259934,0,5337
Experiment_2,57,0,hue vs saturation,fair,3,162,0.17,1,211,255,241,96.70563284,-16.68165827,2.019827271,1,8633
Experiment_2,57,0,hue vs saturation,fair,5,53,0.87,1,255,229,33,90.50926944,-8.562863054,85.87859982,1,35563
Experiment_2,57,0,hue vs saturation,tanned,7,333,0.52,1,255,122,182,68.4287573,56.84770475,-7.397689504,1,8684
Experiment_2,57,0,hue vs saturation,tanned,8,346,0.81,1,255,48,96,56.30583335,76.31914876,25.18220056,1,9557
Experiment_2,57,0,hue vs saturation,tanned,10,18,0.27,1,255,206,186,86.47818535,14.44444601,16.48536106,1,8118
Experiment_2,57,0,hue vs saturation,tanned,11,4,0.43,1,255,152,145,73.39005678,37.76788909,20.34203715,1,8106
Experiment_2,58,0,hue vs saturation,fair,1,354,0.44,1,255,142,154,71.5136145,43.80506231,12.75699458,0,12661
Experiment_2,58,0,hue vs saturation,fair,2,201,0.67,1,84,195,255,74.91001761,-13.38395578,-38.77692642,1,7179
Experiment_2,58,0,hue vs saturation,fair,3,18,0.25,1,255,210,191,87.54074109,13.03689044,15.3438088,1,6591
Experiment_2,58,0,hue vs saturation,fair,5,356,0.59,1,255,104,114,63.65205228,58.21022142,24.45450688,1,7225
Experiment_2,58,0,hue vs saturation,tanned,7,43,0.69,1,255,205,79,84.73414397,5.14512763,66.75335229,1,12341
Experiment_2,58,0,hue vs saturation,tanned,8,358,0.42,1,255,147,151,72.46966523,40.95127013,15.76152853,1,15030
Experiment_2,58,0,hue vs saturation,tanned,10,43,0.65,1,255,208,89,85.55089792,4.145722098,63.43557898,1,6878
Experiment_2,58,0,hue vs saturation,tanned,11,84,0.68,1,185,255,81,92.76359596,-46.53939976,72.56487981,0,3262
Experiment_2,59,0,hue vs saturation,fair,1,244,0.55,1,124,114,255,55.6239684,40.48107659,-69.24639052,0,7638
Experiment_2,59,0,hue vs saturation,fair,2,177,0.42,1,147,255,249,93.69430822,-32.54956333,-6.900436197,0,9236
Experiment_2,59,0,hue vs saturation,fair,3,210,0.52,1,122,188,255,74.39654857,-2.67715749,-39.46589805,0,19099
Experiment_2,59,0,hue vs saturation,fair,5,206,0.23,1,196,229,255,89.39036429,-5.255979659,-16.17126149,1,20463
Experiment_2,59,0,hue vs saturation,tanned,7,357,0.92,1,255,20,32,53.8830434,78.8635001,57.59283864,1,24445
Experiment_2,59,0,hue vs saturation,tanned,8,308,0.73,1,255,68,230,62.59820585,84.31137574,-43.31124941,1,17714
Experiment_2,59,0,hue vs saturation,tanned,10,19,0.84,1,255,108,40,63.45704394,52.85995773,62.02752588,1,4502
Experiment_2,59,0,hue vs saturation,tanned,11,351,0.86,1,255,35,68,54.94791734,77.68266254,39.88769241,0,19968
Experiment_2,60,0,hue vs saturation,fair,1,178,0.1,1,229,255,254,98.1669098,-8.564919276,-2.394353788,1,6890
Experiment_2,60,0,hue vs saturation,fair,2,352,0.71,1,255,73,98,58.88808075,69.27763046,27.37690459,0,18876
Experiment_2,60,0,hue vs saturation,fair,3,121,0.16,1,214,255,214,96.27448722,-20.61545978,15.28776914,0,17428
Experiment_2,60,0,hue vs saturation,fair,5,201,0.24,1,193,233,255,90.24574708,-8.189796897,-14.90705092,0,3332
Experiment_2,60,0,hue vs saturation,tanned,7,112,0.37,1,173,255,160,92.98917138,-42.44441738,37.68990573,1,3980
Experiment_2,60,0,hue vs saturation,tanned,8,331,0.11,1,255,226,240,92.55012954,12.25042416,-3.159775519,1,6662
Experiment_2,60,0,hue vs saturation,tanned,10,21,0.3,1,255,205,178,86.0749047,13.92358186,20.13945854,1,5734
Experiment_2,60,0,hue vs saturation,tanned,11,22,0.21,1,255,221,201,90.40897028,8.735544812,14.14638476,0,10935
Experiment_2,61,0,hue vs saturation,fair,1,190,0.44,1,142,236,255,88.42943964,-23.12184307,-17.90017698,1,23210
Experiment_2,61,0,hue vs saturation,fair,2,336,0.27,1,255,186,213,82.47643699,28.7991307,-3.667935269,0,56206
Experiment_2,61,0,hue vs saturation,fair,3,219,0.53,1,119,167,255,68.59114651,8.435487652,-48.56728673,0,46401
Experiment_2,61,0,hue vs saturation,fair,5,224,0.52,1,122,157,255,66.11413253,14.83145461,-52.46946881,1,18830
Experiment_2,61,0,hue vs saturation,tanned,7,272,0.92,1,145,20,255,43.85780705,82.33843464,-88.3621724,0,38482
Experiment_2,61,0,hue vs saturation,tanned,8,148,0.48,1,132,255,189,91.72955698,-49.06057966,21.10576084,0,44517
Experiment_2,61,0,hue vs saturation,tanned,10,146,0.39,1,155,255,198,92.8239998,-41.41615038,18.17111967,1,25282
Experiment_2,61,0,hue vs saturation,tanned,11,331,0.86,1,255,35,141,56.47137015,82.02367559,-1.390254055,1,13167
Experiment_2,62,0,hue vs saturation,fair,1,42,0.73,1,255,199,68,83.1914055,7.724217429,69.51933352,1,4147
Experiment_2,62,0,hue vs saturation,fair,2,294,0.74,1,236,66,255,60.73685452,84.85694775,-60.3476401,0,20234
Experiment_2,62,0,hue vs saturation,fair,3,96,0.83,1,128,255,43,89.99085757,-66.87620162,80.29904841,0,9026
Experiment_2,62,0,hue vs saturation,fair,5,158,0.6,1,102,255,198,90.9721249,-53.64095456,15.29967744,0,9429
Experiment_2,62,0,hue vs saturation,tanned,7,182,0.63,1,94,249,255,90.48294517,-38.46432149,-14.97486698,0,16014
Experiment_2,62,0,hue vs saturation,tanned,8,106,0.67,1,124,255,84,90.06563355,-65.550146,67.80508266,0,8660
Experiment_2,62,0,hue vs saturation,tanned,10,260,0.61,1,151,99,255,54.7858546,54.20478095,-70.48666905,1,7671
Experiment_2,62,0,hue vs saturation,tanned,11,348,0.78,1,255,56,95,56.99208827,74.26608328,26.66799072,1,4253
Experiment_2,63,1,hue vs saturation,fair,1,135,0.05,1,242,255,245,98.82418467,-6.026289394,3.29240431,0,7913
Experiment_2,63,1,hue vs saturation,fair,2,259,0.34,1,195,168,255,74.07920917,27.26563015,-39.59536642,0,4029
Experiment_2,63,1,hue vs saturation,fair,3,186,0.75,1,63,235,255,85.85291933,-35.91058869,-22.01575786,1,9667
Experiment_2,63,1,hue vs saturation,fair,5,23,0.81,1,255,127,48,67.0152317,44.08128006,61.99534017,0,41321
Experiment_2,63,1,hue vs saturation,tanned,7,91,0.43,1,198,255,145,94.12823272,-36.08158903,46.72835204,1,11141
Experiment_2,63,1,hue vs saturation,tanned,8,5,0.92,1,255,39,20,54.82586725,75.83133176,62.82323915,1,8428
Experiment_2,63,1,hue vs saturation,tanned,10,321,0.29,1,255,181,229,81.8191015,33.96244373,-13.24439925,0,3805
Experiment_2,63,1,hue vs saturation,tanned,11,208,0.35,1,165,213,255,83.341167,-5.658869311,-25.50176858,1,4822
Experiment_2,64,0,hue vs saturation,fair,1,43,0.66,1,255,207,86,85.28000819,4.48889597,64.42380542,1,12814
Experiment_2,64,0,hue vs saturation,fair,2,9,0.62,1,255,120,96,66.16499327,49.65018186,37.71574078,0,25710
Experiment_2,64,0,hue vs saturation,fair,3,227,0.67,1,84,121,255,54.84455006,29.46714584,-70.62676948,1,5400
Experiment_2,64,0,hue vs saturation,fair,5,278,0.55,1,203,114,255,63.30247908,58.26621949,-56.50970837,0,19388
Experiment_2,64,0,hue vs saturation,tanned,7,156,0.84,1,40,255,169,89.31597262,-67.75579501,27.6165988,1,11368
Experiment_2,64,0,hue vs saturation,tanned,8,18,0.61,1,255,146,99,71.36357517,36.96247683,42.47860022,1,16022
Experiment_2,64,0,hue vs saturation,tanned,10,348,0.74,1,255,66,104,58.18473958,71.90891802,22.94556996,0,28609
Experiment_2,64,0,hue vs saturation,tanned,11,261,0.85,1,114,38,255,41.50650001,75.37567335,-92.3667078,0,12086
Experiment_2,65,1,hue vs saturation,fair,1,20,0.34,1,255,197,168,83.97600358,16.86054386,22.51474952,1,8600
Experiment_2,65,1,hue vs saturation,fair,2,22,0.34,1,255,200,168,84.68723181,15.29406855,23.49131015,1,36952
Experiment_2,65,1,hue vs saturation,fair,3,19,0.32,1,255,199,173,84.54758167,16.42546873,20.66067158,1,5568
Experiment_2,65,1,hue vs saturation,fair,5,20,0.35,1,255,195,165,83.44597041,17.54900031,23.37280924,1,7177
Experiment_2,65,1,hue vs saturation,tanned,7,28,0.38,1,255,203,158,85.22060768,12.57187907,29.45462045,1,19570
Experiment_2,65,1,hue vs saturation,tanned,8,29,0.42,1,255,199,147,84.07677071,13.4678407,33.64976213,1,12299
Experiment_2,65,1,hue vs saturation,tanned,10,25,0.43,1,255,191,145,82.14483972,17.43637403,32.14158606,1,8209
Experiment_2,65,1,hue vs saturation,tanned,11,29,0.44,1,255,197,142,83.51887435,14.0012125,35.50495323,0,28972
Experiment_2,66,0,hue vs saturation,fair,1,164,0.65,1,89,255,210,90.91525561,-53.18429131,8.995441415,1,11187
Experiment_2,66,0,hue vs saturation,fair,2,292,0.58,1,235,107,255,66.0570227,69.35025666,-51.88999692,0,35863
Experiment_2,66,0,hue vs saturation,fair,3,212,0.9,1,25,132,255,56.01683934,17.05348129,-68.81555884,0,2595
Experiment_2,66,0,hue vs saturation,fair,5,153,0.43,1,145,255,205,92.55169136,-42.68718183,14.13893322,0,21191
Experiment_2,66,0,hue vs saturation,tanned,7,121,0.43,1,145,255,147,91.52593776,-52.69913401,41.91240551,1,8730
Experiment_2,66,0,hue vs saturation,tanned,8,30,0.59,1,255,179,104,78.75219829,20.16661315,48.80903,1,16883
Experiment_2,66,0,hue vs saturation,tanned,10,4,0.46,1,255,145,137,71.76955872,40.55168338,22.52517309,1,35691
Experiment_2,66,0,hue vs saturation,tanned,11,76,0.62,1,212,255,96,94.46673305,-35.58247684,69.13104832,1,5038
Experiment_2,67,1,hue vs saturation,fair,1,217,0.82,1,45,126,255,54.76155591,22.01748111,-70.82742532,0,8546
Experiment_2,67,1,hue vs saturation,fair,2,237,0.9,1,25,36,255,35.37734833,71.31832792,-102.715786,0,10636
Experiment_2,67,1,hue vs saturation,fair,3,238,0.87,1,33,40,255,36.10131694,69.99823917,-101.5031813,0,28775
Experiment_2,67,1,hue vs saturation,fair,5,192,0.04,1,244,252,255,98.4615972,-2.073938444,-2.355920784,1,9262
Experiment_2,67,1,hue vs saturation,tanned,7,38,0.57,1,255,201,109,84.03726442,9.065350137,52.63281209,1,7244
Experiment_2,67,1,hue vs saturation,tanned,8,37,0.64,1,255,192,91,81.6828173,12.53376798,58.33451403,0,4950
Experiment_2,67,1,hue vs saturation,tanned,10,229,0.93,1,17,61,255,39.03045381,59.94642291,-96.64327699,1,13236
Experiment_2,67,1,hue vs saturation,tanned,11,43,0.89,1,255,190,28,80.83363052,11.20510478,79.28317493,0,25294
Experiment_2,68,0,hue vs saturation,fair,1,332,0.91,1,255,22,131,55.55574616,83.05992263,3.23604333,0,43055
Experiment_2,68,0,hue vs saturation,fair,2,242,0.28,1,185,183,255,76.92143581,16.11045576,-35.24788532,0,44618
Experiment_2,68,0,hue vs saturation,fair,3,217,0.71,1,73,143,255,60.14210869,14.56336175,-62.11876759,1,58348
Experiment_2,68,0,hue vs saturation,fair,5,345,0.77,1,255,58,107,57.41259071,74.43534495,20.1411768,0,27840
Experiment_2,68,0,hue vs saturation,tanned,7,153,0.93,1,17,255,148,88.81711936,-72.9761244,37.38555262,0,26552
Experiment_2,68,0,hue vs saturation,tanned,8,231,0.8,1,50,81,255,43.92006113,50.1441518,-88.52974308,0,30203
Experiment_2,68,0,hue vs saturation,tanned,10,237,0.63,1,94,102,255,50.80682456,42.4088087,-77.15875624,1,17977
Experiment_2,68,0,hue vs saturation,tanned,11,358,0.7,1,255,76,82,59.00955693,67.38116421,36.71399514,0,41859
Experiment_2,69,0,hue vs saturation,fair,1,212,0.33,1,170,210,255,82.83850541,-2.725425211,-26.24210984,0,10058
Experiment_2,69,0,hue vs saturation,fair,2,218,0.8,1,50,125,255,54.6217739,23.05377958,-71.04767942,0,9176
Experiment_2,69,0,hue vs saturation,fair,3,180,0.8,1,50,255,255,91.42313877,-46.05793362,-13.64760878,1,33918
Experiment_2,69,0,hue vs saturation,fair,5,340,0.9,1,255,25,102,54.98423363,80.78174029,19.84437445,0,8537
Experiment_2,69,0,hue vs saturation,tanned,7,104,0.8,1,105,255,50,89.27742581,-72.45671282,77.70668578,0,24791
Experiment_2,69,0,hue vs saturation,tanned,8,213,0.88,1,30,131,255,55.81505115,17.92142965,-69.1380211,0,4282
Experiment_2,69,0,hue vs saturation,tanned,10,173,0.1,1,229,255,252,98.11599838,-8.943779634,-1.441211357,0,11902
Experiment_2,69,0,hue vs saturation,tanned,11,208,0.46,1,137,200,255,78.37238704,-5.802486336,-33.24929766,0,27768
Experiment_2,70,0,hue vs saturation,fair,1,222,0.45,1,140,174,255,71.6007963,9.203652794,-43.75928263,0,23608
Experiment_2,70,0,hue vs saturation,fair,2,105,0.71,1,119,255,73,89.82356794,-67.68242028,71.46464262,1,13379
Experiment_2,70,0,hue vs saturation,fair,3,41,0.83,1,255,187,43,80.16556805,13.08793886,75.11954787,1,31666
Experiment_2,70,0,hue vs saturation,fair,5,326,0.42,1,255,147,208,73.98558285,48.21759433,-13.56614578,0,34072
Experiment_2,70,0,hue vs saturation,tanned,7,267,0.73,1,152,68,255,49.53204333,69.19013001,-79.02190903,0,74725
Experiment_2,70,0,hue vs saturation,tanned,8,242,0.8,1,57,50,255,38.50032063,66.76940664,-97.48523101,0,15155
Experiment_2,70,0,hue vs saturation,tanned,10,121,0.96,1,10,255,14,87.78354153,-85.69854333,82.14205316,1,21635
Experiment_2,70,0,hue vs saturation,tanned,11,64,0.6,1,244,255,102,96.70262149,-22.79326136,69.76734668,0,22032
Experiment_2,71,0,hue vs saturation,fair,1,234,0.65,1,89,105,255,51.20612298,39.8983064,-76.52116709,0,2601
Experiment_2,71,0,hue vs saturation,fair,2,243,0.99,1,15,2,255,32.62374506,78.96848886,-107.3209897,0,5901
Experiment_2,71,0,hue vs saturation,fair,3,254,0.79,1,100,53,255,41.96213009,68.7123755,-91.65757948,1,2835
Experiment_2,71,0,hue vs saturation,fair,5,40,0.57,1,255,206,109,85.254238,6.482958326,54.06144111,1,11782
Experiment_2,71,0,hue vs saturation,tanned,7,304,0.22,1,255,198,251,86.3121515,28.8050873,-18.23551451,0,9579
Experiment_2,71,0,hue vs saturation,tanned,8,195,0.62,1,96,215,255,80.90954647,-21.83767571,-29.48419753,0,3267
Experiment_2,71,0,hue vs saturation,tanned,10,241,0.69,1,81,79,255,45.02736992,54.02746334,-86.65281368,0,5780
Experiment_2,71,0,hue vs saturation,tanned,11,180,0.15,1,216,255,255,97.36498324,-12.40582114,-4.182648828,0,7877
Experiment_2,72,0,hue vs saturation,fair,1,145,0.75,1,63,255,143,89.18645609,-70.24511192,40.39154071,0,13207
Experiment_2,72,0,hue vs saturation,fair,2,145,0.7,1,76,255,150,89.51394409,-67.2938379,37.44011565,0,34656
Experiment_2,72,0,hue vs saturation,fair,3,133,0.49,1,130,255,157,91.09844659,-55.19351701,36.344284,0,4026
Experiment_2,72,0,hue vs saturation,fair,5,204,0.69,1,79,184,255,71.66562807,-8.190822712,-43.84925378,1,7293
Experiment_2,72,0,hue vs saturation,tanned,7,332,0.56,1,255,112,178,66.56779937,60.93757029,-7.905491011,0,4410
Experiment_2,72,0,hue vs saturation,tanned,8,108,0.76,1,99,255,61,89.16276825,-73.21330037,74.48001891,1,18440
Experiment_2,72,0,hue vs saturation,tanned,10,20,0.81,1,255,117,48,65.11783296,48.89873739,60.27650006,1,18243
Experiment_2,72,0,hue vs saturation,tanned,11,12,0.58,1,255,136,107,69.41954157,42.57273388,35.82825499,0,7685
Experiment_2,73,0,hue vs saturation,fair,1,194,0.53,1,119,223,255,83.9226881,-21.64340297,-24.81130315,1,15967
Experiment_2,73,0,hue vs saturation,fair,2,35,0.66,1,255,184,86,79.73481373,16.41136258,58.4562555,1,13797
Experiment_2,73,0,hue vs saturation,fair,3,8,0.95,1,255,45,12,55.24016283,74.50667241,65.29242528,1,26396
Experiment_2,73,0,hue vs saturation,fair,5,276,0.71,1,182,73,255,53.952836,72.30959829,-71.66651053,0,20753
Experiment_2,73,0,hue vs saturation,tanned,7,221,0.88,1,30,101,255,48.01133324,36.74282855,-81.8304747,0,16146
Experiment_2,73,0,hue vs saturation,tanned,8,245,0.46,1,147,137,255,62.77211814,32.10035228,-57.67737608,0,26137
Experiment_2,73,0,hue vs saturation,tanned,10,114,0.57,1,124,255,109,90.2798121,-63.18520635,57.83193151,0,9404
Experiment_2,73,0,hue vs saturation,tanned,11,100,0.75,1,127,255,63,90.0405273,-66.19456056,75.0197787,1,10062
Experiment_2,74,0,hue vs saturation,fair,1,61,0.17,1,254,255,211,98.94408954,-7.40378875,20.96378592,1,3932
Experiment_2,74,0,hue vs saturation,fair,2,25,0.2,1,255,225,204,91.44655715,7.105872753,14.0484692,1,40053
Experiment_2,74,0,hue vs saturation,fair,3,16,0.19,1,255,219,206,90.03514101,10.49338021,10.99851114,1,13308
Experiment_2,74,0,hue vs saturation,fair,5,32,0.36,1,255,212,163,87.48078645,8.473896377,29.89356521,1,29237
Experiment_2,74,0,hue vs saturation,tanned,7,32,0.38,1,255,209,158,86.66697929,9.458732298,31.39011821,1,8982
Experiment_2,74,0,hue vs saturation,tanned,8,39,0.34,1,255,224,168,90.50469839,2.891057654,31.37780806,1,4552
Experiment_2,74,0,hue vs saturation,tanned,10,16,0.14,1,255,228,219,92.51359784,7.809790403,7.750013806,1,10392
Experiment_2,74,0,hue vs saturation,tanned,11,30,0.2,1,255,229,204,92.42381636,5.05268071,15.42921009,0,19034
Experiment_2,75,1,hue vs saturation,fair,1,208,0.69,1,79,172,255,68.30510841,-1.530298573,-49.12920298,0,19762
Experiment_2,75,1,hue vs saturation,fair,2,190,0.55,1,114,231,255,85.98105811,-26.57183279,-21.70157086,1,19097
Experiment_2,75,1,hue vs saturation,fair,3,33,0.59,1,255,187,104,80.62753769,15.98607013,51.02486851,0,6544
Experiment_2,75,1,hue vs saturation,fair,5,191,0.9,1,25,212,255,78.76029045,-27.62847732,-32.89825271,0,12298
Experiment_2,75,1,hue vs saturation,tanned,7,246,0.75,1,82,63,255,42.10629595,62.50059392,-91.46572974,1,20785
Experiment_2,75,1,hue vs saturation,tanned,8,33,0.78,1,255,165,56,75.11150447,24.96454582,66.33336233,1,28537
Experiment_2,75,1,hue vs saturation,tanned,10,280,0.93,1,175,17,255,47.92420408,85.99227916,-81.52738784,1,10123
Experiment_2,75,1,hue vs saturation,tanned,11,18,0.9,1,255,94,25,61.07667182,58.67423687,65.37787257,1,12842
Experiment_2,76,0,hue vs saturation,fair,1,243,0.87,1,44,33,255,35.68060261,72.80141692,-102.1934973,1,12999
Experiment_2,76,0,hue vs saturation,fair,2,8,0.57,1,255,129,109,68.06822938,46.18365702,33.02183731,1,14079
Experiment_2,76,0,hue vs saturation,fair,3,45,0.64,1,255,214,91,87.05003492,1.194187063,64.19318421,1,15252
Experiment_2,76,0,hue vs saturation,fair,5,275,0.46,1,206,137,255,68.19208822,47.21617736,-48.74260427,0,12073
Experiment_2,76,0,hue vs saturation,tanned,7,233,0.49,1,130,144,255,63.27037109,24.15217216,-56.95575626,0,17826
Experiment_2,76,0,hue vs saturation,tanned,8,203,0.69,1,79,187,255,72.51026992,-9.822102658,-42.52810646,0,11582
Experiment_2,76,0,hue vs saturation,tanned,10,109,0.64,1,121,255,91,90.0170958,-65.73842648,65.01625594,1,30244
Experiment_2,76,0,hue vs saturation,tanned,11,46,0.64,1,255,216,91,87.5467052,0.176100833,64.72755676,0,27838
Experiment_2,77,1,hue vs saturation,fair,1,16,0.33,1,255,193,170,83.07387175,19.19476145,20.21032657,1,47558
Experiment_2,77,1,hue vs saturation,fair,2,19,0.54,1,255,160,117,74.62642542,31.06914521,37.09197704,1,4835
Experiment_2,77,1,hue vs saturation,fair,3,20,0.36,1,255,193,163,82.93695821,18.36075175,23.73379299,1,11225
Experiment_2,77,1,hue vs saturation,fair,5,336,0.29,1,255,181,210,81.27009354,30.96488769,-3.828145945,1,4065
Experiment_2,77,1,hue vs saturation,tanned,7,23,0.48,1,255,179,132,79.13687045,22.44872282,35.00265147,1,3724
Experiment_2,77,1,hue vs saturation,tanned,8,305,0.32,1,255,173,248,80.69676951,41.36250386,-25.14883864,1,14767
Experiment_2,77,1,hue vs saturation,tanned,10,355,0.37,1,255,160,168,75.59342566,36.20243204,10.80015368,1,13474
Experiment_2,77,1,hue vs saturation,tanned,11,22,0.42,1,255,187,147,81.24057711,19.73566342,29.89166001,1,19019
Experiment_2,78,1,hue vs saturation,fair,1,28,0.23,1,255,223,196,90.78942817,7.000132137,17.29133476,1,4875
Experiment_2,78,1,hue vs saturation,fair,2,58,0.29,1,255,252,181,97.71936288,-9.600694557,34.45233085,1,7433
Experiment_2,78,1,hue vs saturation,fair,3,57,0.22,1,255,252,198,98.01672069,-7.391340528,26.29162184,1,4812
Experiment_2,78,1,hue vs saturation,fair,5,23,0.21,1,255,221,201,90.40897028,8.735544812,14.14638476,1,8742
Experiment_2,78,1,hue vs saturation,tanned,7,74,0.27,1,238,255,186,97.32585454,-16.61876044,31.20106974,1,8556
Experiment_2,78,1,hue vs saturation,tanned,8,43,0.27,1,255,235,186,93.54676342,-0.470522996,26.27920405,1,10234
Experiment_2,78,1,hue vs saturation,tanned,10,38,0.23,1,255,233,196,93.24308502,1.883165392,20.71864629,1,6066
Experiment_2,78,1,hue vs saturation,tanned,11,47,0.38,1,255,234,158,92.82772524,-3.31051135,39.50602049,1,16225
Experiment_2,79,0,hue vs saturation,fair,1,227,0.44,1,142,167,255,69.90055304,13.64739523,-46.41720793,1,12569
Experiment_2,79,0,hue vs saturation,fair,2,3,0.93,1,255,29,17,54.21662516,77.51567587,63.4022061,1,29090
Experiment_2,79,0,hue vs saturation,fair,3,348,0.69,1,255,79,114,59.94910275,68.22615994,19.46770337,1,16536
Experiment_2,79,0,hue vs saturation,fair,5,301,0.25,1,255,191,253,84.79885969,32.83949878,-21.58425143,1,16272
Experiment_2,79,0,hue vs saturation,tanned,7,11,0.78,1,255,92,56,60.95757275,60.2256292,52.70050048,1,13633
Experiment_2,79,0,hue vs saturation,tanned,8,0,0.97,1,255,7,7,53.41400868,79.67806367,65.56087662,1,17847
Experiment_2,79,0,hue vs saturation,tanned,10,352,0.87,1,255,33,62,54.75731217,77.81424122,43.07561262,0,7337
Experiment_2,79,0,hue vs saturation,tanned,11,239,0.7,1,76,79,255,44.72858,53.50486834,-87.15511463,1,9072
Experiment_2,80,0,hue vs saturation,fair,1,84,0.33,1,221,255,170,95.91143326,-24.82931928,37.09898688,1,23287
Experiment_2,80,0,hue vs saturation,fair,2,285,0.8,1,204,50,255,54.38440897,83.67918559,-70.82205858,0,40541
Experiment_2,80,0,hue vs saturation,fair,3,217,0.45,1,140,184,255,74.23862965,3.620026419,-39.6415876,1,23564
Experiment_2,80,0,hue vs saturation,fair,5,85,0.67,1,183,255,84,92.67511981,-47.05511887,71.34132847,1,22722
Experiment_2,80,0,hue vs saturation,tanned,7,311,0.45,1,255,140,233,73.480183,55.56088946,-28.06044648,1,44469
Experiment_2,80,0,hue vs saturation,tanned,8,291,0.58,1,232,107,255,65.66386635,68.62508118,-52.53773897,1,4165
Experiment_2,80,0,hue vs saturation,tanned,10,276,0.49,1,205,130,255,66.6453471,50.62596121,-51.19161256,0,21574
Experiment_2,80,0,hue vs saturation,tanned,11,122,0.72,1,71,255,77,88.63596066,-77.26776434,68.45759099,1,10953
Experiment_2,81,0,hue vs saturation,fair,1,271,0.23,1,226,196,255,83.37319816,21.37414573,-25.06008729,1,7888
Experiment_2,81,0,hue vs saturation,fair,2,69,0.26,1,245,255,188,97.85852568,-13.82988195,31.00059902,0,6273
Experiment_2,81,0,hue vs saturation,fair,3,187,0.45,1,140,241,255,89.72268184,-26.0208141,-15.96420817,1,8688
Experiment_2,81,0,hue vs saturation,fair,5,348,0.31,1,255,175,191,79.43222483,31.35945962,3.764735909,0,11215
Experiment_2,81,0,hue vs saturation,tanned,7,244,0.46,1,145,137,255,62.61811708,31.63210933,-57.93200909,0,7493
Experiment_2,81,0,hue vs saturation,tanned,8,141,0.38,1,158,255,192,92.83677985,-41.7005908,21.2733629,1,20468
Experiment_2,81,0,hue vs saturation,tanned,10,45,0.54,1,255,220,117,88.79507674,-0.074746969,54.46019504,1,31075
Experiment_2,81,0,hue vs saturation,tanned,11,47,0.61,1,255,221,99,88.86278349,-1.866375488,62.71687801,1,25318
Experiment_2,82,0,hue vs saturation,fair,1,56,0.78,1,255,241,56,93.64824724,-13.8741125,83.12767868,1,4112
Experiment_2,82,0,hue vs saturation,fair,2,11,0.72,1,255,105,71,63.19224575,55.24089565,47.51341562,1,21090
Experiment_2,82,0,hue vs saturation,fair,3,334,0.84,1,255,40,133,56.55635515,80.48056728,3.489069791,1,6488
Experiment_2,82,0,hue vs saturation,fair,5,326,0.51,1,255,124,198,69.29289958,58.01236996,-15.07707097,0,74942
Experiment_2,82,0,hue vs saturation,tanned,7,236,0.58,1,107,116,255,54.90361151,36.16523498,-70.4691217,0,7315
Experiment_2,82,0,hue vs saturation,tanned,8,212,0.55,1,114,180,255,71.85254375,0.068296334,-43.46305748,0,4865
Experiment_2,82,0,hue vs saturation,tanned,10,270,0.67,1,169,84,255,54.0224034,65.16779821,-71.62967579,1,19295
Experiment_2,82,0,hue vs saturation,tanned,11,66,0.72,1,236,255,71,95.9169864,-27.68740136,80.17243926,1,16527
Experiment_2,83,0,hue vs saturation,fair,1,17,0.87,1,255,96,33,61.42537241,57.97061726,62.98833319,1,10835
Experiment_2,83,0,hue vs saturation,fair,2,62,0.63,1,249,255,94,97.01123918,-21.31677718,73.38724521,0,22912
Experiment_2,83,0,hue vs saturation,fair,3,251,0.84,1,80,40,255,38.62614318,72.08109607,-97.23393693,1,5828
Experiment_2,83,0,hue vs saturation,fair,5,29,0.9,1,255,136,25,68.70669769,39.10234637,70.84262249,0,16016
Experiment_2,83,0,hue vs saturation,tanned,7,263,0.34,1,201,168,255,74.59905328,29.00239481,-38.74679538,0,4579
Experiment_2,83,0,hue vs saturation,tanned,8,201,0.28,1,183,230,255,88.86616789,-9.524942626,-17.03816022,0,8881
Experiment_2,83,0,hue vs saturation,tanned,10,241,0.5,1,129,127,255,59.03524828,33.90231956,-63.7325235,0,2593
Experiment_2,83,0,hue vs saturation,tanned,11,145,0.23,1,196,255,220,95.33879536,-25.29313895,10.73493485,1,5686
Experiment_2,84,1,hue vs saturation,fair,1,7,0.76,1,255,83,61,59.69257885,63.942886,48.89870409,0,14726
Experiment_2,84,1,hue vs saturation,fair,2,108,0.26,1,201,255,188,94.97888925,-29.14833553,26.60680085,0,13509
Experiment_2,84,1,hue vs saturation,fair,3,216,0.6,1,102,163,255,66.70226196,7.375303788,-51.60335452,1,20259
Experiment_2,84,1,hue vs saturation,fair,5,58,0.8,1,255,248,50,95.42352404,-17.45047751,86.23898772,1,5420
Experiment_2,84,1,hue vs saturation,tanned,7,325,0.81,1,255,48,168,58.22740296,81.96517932,-14.66359151,1,8047
Experiment_2,84,1,hue vs saturation,tanned,8,39,0.56,1,255,205,112,85.04357548,7.221828274,52.38834585,1,15827
Experiment_2,84,1,hue vs saturation,tanned,10,62,0.45,1,251,255,140,97.6008237,-17.02856967,54.18200699,1,11704
Experiment_2,84,1,hue vs saturation,tanned,11,18,0.44,1,255,176,142,78.61522413,24.98491346,29.03708211,1,4244
Experiment_2,85,1,hue vs saturation,fair,1,294,0.19,1,250,206,255,87.81752329,23.70061305,-18.12771634,0,8240
Experiment_2,85,1,hue vs saturation,fair,2,240,0.18,1,209,209,255,85.18796626,9.154176884,-22.42706272,0,6024
Experiment_2,85,1,hue vs saturation,fair,3,105,0.51,1,157,255,124,91.74913493,-52.1103092,53.17936769,1,4511
Experiment_2,85,1,hue vs saturation,fair,5,22,0.47,1,255,179,135,79.18474668,22.72996572,33.49117119,1,8112
Experiment_2,85,1,hue vs saturation,tanned,7,293,0.33,1,245,170,255,79.26075367,41.10061279,-31.19728153,1,11998
Experiment_2,85,1,hue vs saturation,tanned,8,47,0.35,1,255,235,165,93.18634566,-3.033722436,36.46518974,1,5012
Experiment_2,85,1,hue vs saturation,tanned,10,33,0.48,1,255,199,132,83.84733181,12.00277728,41.0474882,0,4929
Experiment_2,85,1,hue vs saturation,tanned,11,232,0.2,1,204,210,255,85.07315498,7.099878613,-22.63566939,1,3230
Experiment_2,86,1,hue vs saturation,fair,1,38,0.13,1,255,242,221,95.99042983,0.967881622,11.68829947,1,3596
Experiment_2,86,1,hue vs saturation,fair,2,33,0.18,1,255,234,209,93.75761351,3.225396651,14.71995184,1,3078
Experiment_2,86,1,hue vs saturation,fair,3,42,0.28,1,255,233,183,92.99548814,0.155421884,27.06300427,1,13487
Experiment_2,86,1,hue vs saturation,fair,5,50,0.13,1,255,249,221,97.72532449,-2.563283001,14.15417596,1,3122
Experiment_2,86,1,hue vs saturation,tanned,7,38,0.18,1,255,238,209,94.74358354,1.190573595,16.11173077,1,3920
Experiment_2,86,1,hue vs saturation,tanned,8,40,0.29,1,255,230,181,92.21609468,1.423798153,27.0259648,1,7841
Experiment_2,86,1,hue vs saturation,tanned,10,347,0.68,1,255,81,119,60.31704715,67.86602617,17.0544034,1,18920
Experiment_2,86,1,hue vs saturation,tanned,11,46,0.39,1,255,231,155,92.03298578,-2.122571585,39.97334534,1,8281
Experiment_2,87,0,hue vs saturation,fair,1,41,0.33,1,255,228,170,91.52717902,1.089312498,31.72585968,1,7380
Experiment_2,87,0,hue vs saturation,fair,2,24,0.44,1,255,187,142,81.1559911,19.22459652,32.40608932,0,4309
Experiment_2,87,0,hue vs saturation,fair,3,188,0.61,1,99,234,255,86.36435684,-30.6721667,-21.16513365,1,4979
Experiment_2,87,0,hue vs saturation,fair,5,325,0.68,1,255,81,182,62.10224963,73.92543576,-16.89083523,1,28235
Experiment_2,87,0,hue vs saturation,tanned,7,29,0.68,1,255,165,81,75.30448904,26.06210868,55.9121649,0,23518
Experiment_2,87,0,hue vs saturation,tanned,8,253,0.61,1,133,99,255,53.09172488,50.69426514,-73.31200231,1,5297
Experiment_2,87,0,hue vs saturation,tanned,10,28,0.21,1,255,226,201,91.62639165,6.161504556,15.86468765,0,18566
Experiment_2,87,0,hue vs saturation,tanned,11,203,0.75,1,63,181,255,70.40268169,-8.584417855,-45.85881054,0,6529
Experiment_2,88,0,hue vs saturation,fair,1,240,0.68,1,81,81,255,45.4338373,52.91273037,-85.98447696,0,60541
Experiment_2,88,0,hue vs saturation,fair,2,203,0.86,1,35,170,255,66.76885355,-4.922772351,-51.61954042,1,48344
Experiment_2,88,0,hue vs saturation,fair,3,356,0.95,1,255,12,28,53.60728599,79.53616262,59.08985638,0,63888
Experiment_2,88,0,hue vs saturation,fair,5,263,0.73,1,140,68,255,48.17132694,67.32263853,-81.30161478,1,20141
Experiment_2,88,0,hue vs saturation,tanned,7,322,0.59,1,255,104,199,65.96929704,67.09217752,-20.67421323,1,45519
Experiment_2,88,0,hue vs saturation,tanned,8,20,0.51,1,255,168,124,76.50939284,27.48676699,35.80937565,1,33041
Experiment_2,88,0,hue vs saturation,tanned,10,327,0.9,1,255,25,151,56.2771546,84.33428933,-7.605186921,1,16342
Experiment_2,88,0,hue vs saturation,tanned,11,8,0.83,1,255,71,43,57.98090484,67.69903677,56.04218047,0,14410
Experiment_2,89,0,hue vs saturation,fair,1,202,0.58,1,107,200,255,77.0736968,-12.15363366,-35.36139044,0,13385
Experiment_2,89,0,hue vs saturation,fair,2,245,0.82,1,63,45,255,38.11658655,69.1937642,-98.11313401,1,25510
Experiment_2,89,0,hue vs saturation,fair,3,325,0.9,1,255,25,159,56.54392569,85.05559534,-11.92820519,0,25167
Experiment_2,89,0,hue vs saturation,fair,5,196,0.92,1,20,192,255,72.93664431,-17.6473154,-41.93590397,1,15653
Experiment_2,89,0,hue vs saturation,tanned,7,321,0.79,1,255,53,184,59.2205606,82.51110483,-22.43301303,1,7381
Experiment_2,89,0,hue vs saturation,tanned,8,287,0.71,1,215,73,255,58.44500115,78.54789542,-64.19176397,0,16981
Experiment_2,89,0,hue vs saturation,tanned,10,104,0.66,1,131,255,86,90.32952175,-63.49143656,67.40158159,1,21350
Experiment_2,89,0,hue vs saturation,tanned,11,25,0.75,1,255,143,63,70.36035234,36.59013456,58.87660563,0,31926
Experiment_2,90,1,hue vs saturation,fair,1,299,0.3,1,253,178,255,81.80743447,39.38056763,-27.22149706,0,4811
Experiment_2,90,1,hue vs saturation,fair,2,142,0.31,1,175,255,204,93.88035473,-34.60621953,16.71894828,1,3087
Experiment_2,90,1,hue vs saturation,fair,3,70,0.28,1,243,255,183,97.62940316,-15.21272399,33.17508784,1,3936
Experiment_2,90,1,hue vs saturation,fair,5,341,0.28,1,255,183,206,81.61111497,29.31612085,-1.171281166,0,6388
Experiment_2,90,1,hue vs saturation,tanned,7,235,0.31,1,175,182,255,75.94009519,13.84014804,-36.82600905,0,2181
Experiment_2,90,1,hue vs saturation,tanned,8,268,0.02,1,252,249,255,98.29969917,2.054201303,-2.525181595,1,16760
Experiment_2,90,1,hue vs saturation,tanned,10,333,0.5,1,255,127,184,69.39784398,54.73561756,-7.082311995,0,4248
Experiment_2,90,1,hue vs saturation,tanned,11,112,0.55,1,133,255,114,90.6526428,-60.24173271,56.1480021,0,8816
Experiment_2,91,0,hue vs saturation,fair,1,265,0.53,1,176,119,255,61.34562299,49.11085685,-59.8038681,0,10682
Experiment_2,91,0,hue vs saturation,fair,2,270,0.4,1,204,153,255,71.44612816,38.06795485,-43.6450269,1,8199
Experiment_2,91,0,hue vs saturation,fair,3,323,0.79,1,255,53,177,58.95630205,81.74415797,-18.78934187,1,9717
Experiment_2,91,0,hue vs saturation,fair,5,331,0.34,1,255,168,210,78.41413238,37.75522622,-8.049832478,1,5771
Experiment_2,91,0,hue vs saturation,tanned,7,338,0.51,1,255,124,172,68.49978732,54.67872874,-1.662413597,0,4923
Experiment_2,91,0,hue vs saturation,tanned,8,185,0.8,1,50,238,255,86.52740687,-38.46288548,-21.01222615,1,5630
Experiment_2,91,0,hue vs saturation,tanned,10,65,0.58,1,242,255,107,96.59863548,-23.23575037,67.54785026,0,3756
Experiment_2,91,0,hue vs saturation,tanned,11,119,0.44,1,144,255,142,91.41600383,-53.6838649,44.1800628,1,4265
Experiment_2,92,1,hue vs saturation,fair,1,147,0.33,1,170,255,208,93.71917283,-35.3160384,14.40627512,0,8195
Experiment_2,92,1,hue vs saturation,fair,2,236,0.6,1,102,112,255,53.63555674,37.70140729,-72.53814847,1,7202
Experiment_2,92,1,hue vs saturation,fair,3,286,0.41,1,230,150,255,73.45179443,47.10449074,-40.31661122,1,6199
Experiment_2,92,1,hue vs saturation,fair,5,38,0.32,1,255,225,173,90.83807928,2.978366779,29.26302662,1,5091
Experiment_2,92,1,hue vs saturation,tanned,7,79,0.29,1,231,255,181,96.75695817,-19.80048844,32.85980052,1,3140
Experiment_2,92,1,hue vs saturation,tanned,8,58,0.56,1,255,250,112,96.32807219,-15.35505517,65.39601732,1,6716
Experiment_2,92,1,hue vs saturation,tanned,10,88,0.37,1,210,255,160,95.05966816,-30.02067299,40.7865997,0,7206
Experiment_2,92,1,hue vs saturation,tanned,11,223,0.57,1,109,150,255,63.57683569,16.27418832,-56.54184372,1,6540
Experiment_2,93,1,hue vs saturation,fair,1,82,0.25,1,231,255,191,96.93077272,-18.41463444,28.06633917,1,36811
Experiment_2,93,1,hue vs saturation,fair,2,333,0.18,1,255,209,229,88.21736079,19.2717507,-3.748573648,1,31296
Experiment_2,93,1,hue vs saturation,fair,3,351,0.12,1,255,224,228,91.76231386,11.29930221,1.962728767,1,35903
Experiment_2,93,1,hue vs saturation,fair,5,47,0.19,1,255,244,206,96.16972247,-2.275993542,19.65591452,0,58120
Experiment_2,93,1,hue vs saturation,tanned,7,216,0.16,1,214,230,255,90.8299707,-0.336464961,-13.89221146,1,28338
Experiment_2,93,1,hue vs saturation,tanned,8,73,0.23,1,242,255,196,97.78601614,-13.80955358,26.83390798,0,52860
Experiment_2,93,1,hue vs saturation,tanned,10,178,0.25,1,191,255,252,95.84085162,-20.41174833,-5.047444739,1,32149
Experiment_2,93,1,hue vs saturation,tanned,11,44,0.31,1,255,233,175,92.85351245,-0.844613692,30.95786088,0,14583
Experiment_2,94,1,hue vs saturation,fair,1,206,0.63,1,94,185,255,72.4269702,-6.409335174,-42.62326422,0,20290
Experiment_2,94,1,hue vs saturation,fair,2,221,0.37,1,160,190,255,76.99322947,5.3630262,-35.27492119,0,31935
Experiment_2,94,1,hue vs saturation,fair,3,179,0.25,1,191,255,253,95.86728962,-20.1990299,-5.523980501,1,3951
Experiment_2,94,1,hue vs saturation,fair,5,321,0.02,1,255,249,253,98.47323541,2.689967792,-1.215202916,0,17617
Experiment_2,94,1,hue vs saturation,tanned,7,160,0.12,1,224,255,244,97.59125474,-12.03058979,1.865147865,0,46432
Experiment_2,94,1,hue vs saturation,tanned,8,187,0.26,1,188,247,255,93.6381963,-16.67996727,-9.875559649,1,11646
Experiment_2,94,1,hue vs saturation,tanned,10,19,0.01,1,255,253,252,99.43224161,0.491377117,0.699693216,1,9779
Experiment_2,94,1,hue vs saturation,tanned,11,67,0.32,1,245,255,173,97.61167933,-15.74124472,38.15866957,0,12185
Experiment_2,95,0,hue vs saturation,fair,1,291,0.59,1,232,104,255,65.18139952,69.94167782,-53.30242271,1,8895
Experiment_2,95,0,hue vs saturation,fair,2,333,0.56,1,255,112,176,66.50688002,60.69642805,-6.862793797,1,6983
Experiment_2,95,0,hue vs saturation,fair,3,70,0.37,1,239,255,160,96.9871568,-19.49292108,43.65605867,0,12365
Experiment_2,95,0,hue vs saturation,fair,5,242,0.67,1,89,84,255,46.55780441,52.15987718,-84.11970312,0,8275
Experiment_2,95,0,hue vs saturation,tanned,7,181,0.7,1,76,252,255,90.95180073,-42.23001484,-14.31237697,1,6573
Experiment_2,95,0,hue vs saturation,tanned,8,283,0.55,1,215,114,255,64.72510039,61.22587537,-54.16108735,1,1405
Experiment_2,95,0,hue vs saturation,tanned,10,8,0.94,1,255,47,15,55.40810571,74.07759137,64.63124865,0,4548
Experiment_2,95,0,hue vs saturation,tanned,11,224,0.49,1,130,163,255,68.13852911,13.12767413,-49.24022447,1,2420
